slate_id,ranked_candidate_doc_ids
TST_000009101135,DOC_568afbd27785 DOC_4618e05545b6 DOC_86266ec631b9 DOC_ff32c07dc911 DOC_2c2299526741 DOC_8be296767f60 DOC_711baf982c31 DOC_625a1a225e82 DOC_241a1cb17e76 DOC_bdabcaaffb6f DOC_f9adca7ee331 DOC_8a0d46f3755e
TST_0039ab9e2626,DOC_b5fdbcab4a3b DOC_9d9a6f5e889e DOC_20662009425f DOC_f6932f409772 DOC_727a53694460 DOC_dd351ffe7408 DOC_f863cc54d059 DOC_85883ee26939 DOC_54079c85000e DOC_e3c395c6987d DOC_e35bd1f70b8e DOC_cd1ae69af6aa
TST_00f686c1b897,DOC_221525ea8891 DOC_6017020f28d3 DOC_17ef67ee1474 DOC_b05f1a2bace2 DOC_ba9f04bb89e5 DOC_e374d643654f DOC_85cd9b7c22fe DOC_5bc8e33b1e42 DOC_b56ba08b7bdb DOC_e5ea8767d90c DOC_c15c64c7316e DOC_3f5ef0bc3027
TST_015b09dde649,DOC_bc5df5ca1b27 DOC_31b4265479bb DOC_59284d9f0275 DOC_ad7a50784adb DOC_08b5389c04db DOC_0f08b3d83d13 DOC_8ae9abdad3cd DOC_eb02d3eb1e1c DOC_933a41a8926c DOC_09d768033c84 DOC_ee3e7fddaaef DOC_61ff499d5187
TST_036f6a15d6ee,DOC_42d4bdb3b4a8 DOC_be7012563fa2 DOC_9c092ee09ac4 DOC_4eee7565b15d DOC_5aaa8eeae0a2 DOC_f0ee5bf9cdb2 DOC_6820d982da7e DOC_732475fe1e57 DOC_e19330a22ebf DOC_7daabf56b3e3 DOC_6ab406a701fb DOC_405d1df774cf
TST_03e979b0f52d,DOC_1c915fade7e7 DOC_3ab2d1d170e0 DOC_e44220c6ccaa DOC_954d92951401 DOC_c74a39b4e8c5 DOC_85521cc88c49 DOC_3e22203e3779 DOC_160f13b98360 DOC_9f1a0b5bd563 DOC_7bbc5e8e9feb DOC_92141379b517 DOC_c2c7a1990375
TST_07270eb8dd94,DOC_d232426cb6b7 DOC_b5c7e81704b9 DOC_d07c5c00cd44 DOC_0a4195118640 DOC_ad1a7f912850 DOC_8a80f998fe0f DOC_3b6b40a87a85 DOC_f7ff46de68d5 DOC_73f4ea01959c DOC_20f9992ccfb1 DOC_e30acc6a64dc DOC_82c35a8e8929
TST_07c1db03d797,DOC_b37b1a905983 DOC_1c861d6a600e DOC_eb9b4ccc38c8 DOC_42e6404492ab DOC_ecb2449ded80 DOC_0a3290125bbe DOC_51e5eb5092a5 DOC_0c867a88dcf3 DOC_1424a211d128 DOC_a26a3096350a DOC_8809eff2b3ab DOC_0f4443832ef3
TST_07de0c70e001,DOC_875b33f512c9 DOC_1df6bb5def24 DOC_625342966916 DOC_dec1fe8484eb DOC_adfc05f27cf1 DOC_7ac0ccc76c1c DOC_ff626d51d3be DOC_e40ad8189a42 DOC_5ae9ec42a781 DOC_a26a3096350a DOC_adfe207c857b DOC_62382dd51daf
TST_097722dcb77e,DOC_1e427c95ff51 DOC_ea9842aefbb7 DOC_7f5c9064bf75 DOC_d641a7f8fb78 DOC_83e8539acacf DOC_414f19fa913a DOC_c07bb40ef3d2 DOC_16b282b81449 DOC_09f6c02fc7f7 DOC_d2c2e0db62ac DOC_947904d0e4da DOC_fb9bbb52c8cb
TST_09e8561b695f,DOC_07b8dab8f805 DOC_f65f79b514cc DOC_d35e45214f1f DOC_140bba47ca11 DOC_e018671a0169 DOC_2438d173653f DOC_6eff7c288287 DOC_0d5da019e224 DOC_0af9f05efd70 DOC_32bb8f8a0a33 DOC_c53408604945 DOC_e74d63b07931
TST_09f450df848c,DOC_28d7de558c87 DOC_d385d4ecafce DOC_5ca8278d2427 DOC_cdf7095493b4 DOC_f8ff53be3062 DOC_097f73342d25 DOC_8ef07b5e2de2 DOC_90d6ac7f2e10 DOC_e3c956579af4 DOC_fe05d8353202 DOC_e0c93e94f4ab DOC_2b15ff21b7c1
TST_0addf8c8be51,DOC_2d30aa2c0147 DOC_88b6ca22e317 DOC_a324f6881d03 DOC_4e7d8adb0486 DOC_2f696bf575f0 DOC_5e8f3ed8a52f DOC_f01faba22665 DOC_71dc58a0ba3e DOC_a3275cd1e1a9 DOC_59b624889270 DOC_636c916db88a DOC_26fb98e3ecdc
TST_0b38288452bf,DOC_68906fb1e4e5 DOC_63ffe1f7f651 DOC_e8bf2f085b3e DOC_6f3f9003e40a DOC_0108deb8ba36 DOC_ec95a4a36661 DOC_a7d93eeaf62c DOC_41b8bcee6aca DOC_76c69077f736 DOC_c2158e28ee2d DOC_ecb221a9d7b6 DOC_a734a31a2f68
TST_0c11509d42ad,DOC_d90878117b32 DOC_7f2898ba333d DOC_350dfb840c74 DOC_c2e24f1fdb5a DOC_bd34a053dab0 DOC_6b079407dc99 DOC_0fc65a57e0d0 DOC_7544855efb65 DOC_aa1b7ce8b2ad DOC_211dabd5e1d0 DOC_87dd3cc50502 DOC_f50114cf6304
TST_0ecacbcc6696,DOC_40afcf3bc970 DOC_eb97a0492959 DOC_d6fc30bce8cf DOC_e6eab1b3d08a DOC_f9adca7ee331 DOC_dece6c54e56f DOC_f86a4c6fe70b DOC_6e7092d05446 DOC_027c543630cf DOC_eee4353e6a54 DOC_6bdb17efd258 DOC_9cd954fb5078
TST_10725510f729,DOC_03b0d3304487 DOC_45e504c54a29 DOC_7fc3213de90b DOC_89617d2da248 DOC_d16c310e5274 DOC_35986dd2252f DOC_d95beb0fe187 DOC_55d2e405408c DOC_a1413b815e25 DOC_a6138c0828bd DOC_27bbf6a913c6 DOC_5648a45c6aef
TST_113d80b0bd9f,DOC_9c036001b913 DOC_d1f401841dd0 DOC_53d0f9b01002 DOC_d8f6c2d5a1bd DOC_219ae4d0a3c3 DOC_50cbbd1c4175 DOC_1ae37eaa9d70 DOC_a51c0a537472 DOC_3c45596d1d87 DOC_632c6fb493a0 DOC_dcba548d4236 DOC_21859df28a2c
TST_11d198b713c0,DOC_728faeb557ab DOC_428fc4a97a70 DOC_7a497622cb78 DOC_b4d90295a8be DOC_a06552bb34ce DOC_de119f650180 DOC_daf5886e3cb5 DOC_3ac5aebeba32 DOC_ff731c6aba03 DOC_9b6514aff0ba DOC_8a259d0e0134 DOC_1085c848aa82
TST_1236cd4581e8,DOC_9ea63f41281b DOC_734dcd9550f2 DOC_14673e545111 DOC_e88b24109697 DOC_182f1cfe5e9f DOC_618ad2096cdb DOC_9de941323711 DOC_940f13aa8a68 DOC_e40c76c909e5 DOC_5b27ed77b3dd DOC_7bd0320abd97 DOC_756b3b359ca7
TST_1267ff3906eb,DOC_3b3e8c1aeb6f DOC_f92a6d1ff7fa DOC_56900e1dbcfb DOC_848f62edbff9 DOC_c1c3aeebae40 DOC_a3abd880ce56 DOC_2618a6a44f7e DOC_625e94d2e14d DOC_81ada810ea0f DOC_9deb4b039024 DOC_0c54f136c53d DOC_f58edf368ea0
TST_127ccafbf8f7,DOC_e26b1512774e DOC_ddec2d2387a4 DOC_0b9e55eb0fb3 DOC_9271fdcbf7ce DOC_2986bb89c756 DOC_8c7e04402dc4 DOC_da0538fb984d DOC_3f70642d6b70 DOC_5b3ed65332af DOC_51bdf7ae4bd6 DOC_b004ba32749c DOC_8a61c82616b6
TST_128fa2b0bea6,DOC_81e1f2d5e7f1 DOC_2ddc128e1772 DOC_6808d5befbb8 DOC_471151c01701 DOC_b12aaf53c9ca DOC_30e0203a12b3 DOC_3d04385ca656 DOC_df4db3b4901f DOC_b5334107c18b DOC_9ab7e2efa4b2 DOC_bc83be4fd03f DOC_73c51c147385
TST_12f16c467126,DOC_8227f0dda655 DOC_2ad1fc6b73fa DOC_0f6b934ac14a DOC_8700b2c8311b DOC_e771e6ce592f DOC_48056d756ea8 DOC_5ecf5f6fa220 DOC_9ba6f923e4c3 DOC_2e5b653ef4ca DOC_bb185519d83b DOC_3cfe7cf76e3f DOC_a103dbaa6bff
TST_12fa2ebf5492,DOC_02f5930cb945 DOC_eda2b692fe2d DOC_02986943c464 DOC_8cfc731423aa DOC_98c957310229 DOC_1ca8cab04af3 DOC_3ab5338f8b15 DOC_daae2a50b869 DOC_3565807f44de DOC_6d2cc15210e8 DOC_54038948681c DOC_6c56e793efc3
TST_133a7ebda6f0,DOC_c81c3c93538a DOC_1ebb4f64fc29 DOC_bc35b8201951 DOC_b40005c43b9a DOC_37d15b8d8d16 DOC_f782a0e8cfcd DOC_246a46114604 DOC_6d06a1b69e18 DOC_8d67adcd64b9 DOC_a349896d43de DOC_fc174d785dbf DOC_7746abfe9437
TST_1382d6db5a87,DOC_45d11fcaffd7 DOC_c80f389a14a8 DOC_a36c5a326435 DOC_792fee1b9554 DOC_680177216d82 DOC_ff6a1bcd3b5d DOC_3ad0062b043d DOC_ad8c7f7b166e DOC_b7b651392141 DOC_6292d480a6d7 DOC_da7dff931072 DOC_3dc31b2a6662
TST_13c8c9e2cb21,DOC_eca958eaf02b DOC_f9578e5ad71e DOC_05be9b231171 DOC_0d1b791d21cc DOC_fc10eac0edd4 DOC_1fdb8ed99fde DOC_cc510a5e0280 DOC_079dbfdb3db8 DOC_bfc7cee07212 DOC_c541933ac954 DOC_2aae7be68730 DOC_40b7a9c1408a
TST_14c13c368225,DOC_2cebff8e742b DOC_2d2e17243a91 DOC_ebf7f6fd4ac5 DOC_cb7dfe90eef9 DOC_9b8dec6d13a8 DOC_e659605f5210 DOC_a2366e0b378d DOC_4bce5b7c514d DOC_088639d4b067 DOC_c99c61b922ae DOC_6d91b47bf5e9 DOC_e7706c2490f4
TST_15e8530596d5,DOC_dda76e2446af DOC_38065fd5c604 DOC_08c0f43fa51c DOC_f9b4aa8781ef DOC_5b7d08e13815 DOC_d47f87595514 DOC_70e42979239f DOC_1a73b74efa96 DOC_e51f1890f9c7 DOC_659fc2879ff6 DOC_6bd8a231e26a DOC_cb40d17313bb
TST_1644ce43fbb8,DOC_0ee4828af84d DOC_696c17743508 DOC_6ce25651f724 DOC_20b30c53c801 DOC_6925c0082d67 DOC_ce908a4a6209 DOC_752dbbce0a2a DOC_8809f854dab9 DOC_868277eff878 DOC_65e090a46ed9 DOC_5219ff4bb45a DOC_a94ad749888b
TST_166c565d51ff,DOC_a519950356c9 DOC_986bcd372982 DOC_4ae4116fe69d DOC_0dc9f9b7c69f DOC_f0a5ac98b05c DOC_fcb452c35f5f DOC_196da2848ef4 DOC_37ea61e04e26 DOC_37c0ad9ed09a DOC_df38e91b9dbe DOC_48d116f82bd4 DOC_9d20761478a2
TST_16abc58aff28,DOC_821a058dbf1e DOC_6ee36a5f4e90 DOC_5977d9e23150 DOC_0591588397c2 DOC_4ffbad9ae1e9 DOC_0d77916bbf30 DOC_d6bc7e276912 DOC_ba7f11e9c837 DOC_89ea9259562c DOC_4cceaccc03d7 DOC_c92f9b88b9fc DOC_60a850a235fa
TST_17208c497a37,DOC_5f8b7b1c105d DOC_b45c6185d92b DOC_c3db7b08d2ac DOC_c236518b16c4 DOC_683e7f3225ec DOC_1b1ba9aeb2ee DOC_ed1f03f51f0b DOC_e829c7c6f02a DOC_5b5889e28c1c DOC_fcb615215669 DOC_889412bec5a6 DOC_bce1b6dae0a7
TST_17be644a342e,DOC_dda72149376c DOC_413a98efce0d DOC_bbd1e7da2203 DOC_48e34cec9ba3 DOC_b799c7d4e150 DOC_faf9b7133671 DOC_2f5d6cf89dfa DOC_8495c7bc4c85 DOC_dfa0497879cf DOC_1451f61ec294 DOC_4f0f4d2ac4b7 DOC_033ec145f377
TST_17c899ce2aa7,DOC_7d445affd2b1 DOC_f5bd2c83c92a DOC_d84e176760be DOC_e3367cfcc4f5 DOC_59e83fadbde2 DOC_2b56b0be2465 DOC_104f12a2c1eb DOC_4f0158d2ec27 DOC_faaae3b49d14 DOC_8a5a3f4b946f DOC_77acba121b58 DOC_f3d9ffcb64c4
TST_187951f7c23d,DOC_6e9b9fec5a3f DOC_63db660d2886 DOC_9cdef1005dc2 DOC_23e34b2235b6 DOC_d4fcaccd601e DOC_ce1ee4545ef1 DOC_64a3fa307702 DOC_39f898bc9381 DOC_b9b2c3a31e54 DOC_5b84b15dd75b DOC_4b799e03a41e DOC_53d23f8326a0
TST_192e129dbee6,DOC_2d24f8092abe DOC_cf8a2fd976eb DOC_6f9a9c326f8c DOC_3a4ccd5f440c DOC_861679637eca DOC_4fbcc8475ff9 DOC_b0169679ea66 DOC_0dc5a02711d7 DOC_583819a388a1 DOC_4e617d381c67 DOC_b65f34cc56d3 DOC_5e542885116c
TST_1975e3b6f555,DOC_d8af38f75aaf DOC_da6578c15c26 DOC_4ba6ed3228a4 DOC_3936ee2580fb DOC_d6ad995f0be7 DOC_c24cc4ec1426 DOC_22024a38a14f DOC_c8188c3437fc DOC_6504aa2e62bc DOC_dd66fd212560 DOC_fb152cf93cdc DOC_a3cacd832b97
TST_1abf3aba3bfe,DOC_f02d2114215d DOC_551809815fe8 DOC_5975e998df51 DOC_6b039c041a7e DOC_0f39c832881f DOC_a5620a7f8954 DOC_7dddbb5fca34 DOC_372cba09d74f DOC_3a0310ecef56 DOC_b254b83a1cad DOC_81c3b7c5f907 DOC_a29847a6246f
TST_1b8a482d4656,DOC_93911889332b DOC_f678c3bc6d4e DOC_5289e59e4419 DOC_53962a1335ba DOC_7ad7442b9fbf DOC_16ab53075594 DOC_541a1fd7f347 DOC_4ee98d15c3b6 DOC_7afbd0af8ba5 DOC_c969f3b7719a DOC_39dc561bf756 DOC_e348682e65a1
TST_1ba17d08b328,DOC_cf1d14901276 DOC_38e14e277178 DOC_c379f089ae9c DOC_5c7eb28d4e1c DOC_560e1d0d2f7f DOC_d47de0631b3c DOC_9e32e5dc8988 DOC_2c05d95962f8 DOC_3bee2b67082b DOC_fb3c15ec3fe4 DOC_c41c051e4071 DOC_6c02169c7fcc
TST_1dec7603c8ad,DOC_f44f5276c62f DOC_44ab12cdab81 DOC_3617e6439279 DOC_343b17da8864 DOC_316bcf8d1c53 DOC_7bfe03d90940 DOC_95cb4d482150 DOC_c527d1b0b4f9 DOC_45bdfa74a0d9 DOC_b958e8df016b DOC_b82dc3ae4801 DOC_672828d75b23
TST_1dee5a8f186e,DOC_c394e0339117 DOC_0aadd9fc4f30 DOC_3dd9a8c7e834 DOC_1eb78f21256a DOC_f978ffb8a9ba DOC_2293cd922d01 DOC_00939f95c6d4 DOC_5b52a645fd87 DOC_5fae980bfc42 DOC_d0a301ec59be DOC_55cdb96dcaf3 DOC_d451a56cc81f
TST_1e3a908f0a6d,DOC_94aebc4b1b80 DOC_7754773ad12e DOC_6584559ec4af DOC_5dca31234f0f DOC_0d54ed1351e8 DOC_6d692d6254c3 DOC_b84b43d0819b DOC_7e54fd91cc92 DOC_d2f5c792ebe3 DOC_8239d5777eee DOC_e67f17793dc8 DOC_55332fcc37a5
TST_1ee6aa2c7e57,DOC_c4ddef9a3a1d DOC_38124d9bcd91 DOC_76ee52ce4477 DOC_700feaf8f0c0 DOC_e8d1662514d4 DOC_f9eb38236943 DOC_585a7c8f08e8 DOC_ea8b338f0eff DOC_8bdfe7c40773 DOC_a04cd1b7984d DOC_a28bde7468a6 DOC_af0c325f62db
TST_1f5f5e58c474,DOC_536d758c1d9d DOC_896138c0ea20 DOC_55f96470c197 DOC_fae0b3ec4eea DOC_f17a5d37bbc8 DOC_3a517e97ffe3 DOC_8e6734edd681 DOC_f85e7de609c3 DOC_06edc54aef50 DOC_d9d115b595a5 DOC_4c406f133e58 DOC_e11c169e802e
TST_1fbcaee4113a,DOC_e734aa32a490 DOC_a5126280d4bf DOC_ee4900dd12c2 DOC_c101f6f398de DOC_56ef9df65f7f DOC_7b75fc2f01ca DOC_908e1b8577f8 DOC_7e44ce98ce01 DOC_30c0eb918986 DOC_ba5d7ad106e5 DOC_649eb6bb50c5 DOC_b77d0acdcbbe
TST_201a36287847,DOC_cd85e6799e94 DOC_dccf2a613cb6 DOC_f0299d805fe1 DOC_11ca987358c8 DOC_cbdb1eeb7188 DOC_cd581f2e8dad DOC_22f6a76819f5 DOC_9e1bf8c76839 DOC_8da7f63fc483 DOC_892302156324 DOC_d899a3fbcf50 DOC_791c797be220
TST_202b7a86a8b2,DOC_48199aedf5e5 DOC_3543c0b9c3cd DOC_9999f99e1c55 DOC_9cc8859629de DOC_8feccc8d038e DOC_d503e937ad05 DOC_831f5ad24072 DOC_91667f6a613f DOC_d86c6aa68029 DOC_ce515d209bf2 DOC_a8eb97ecef53 DOC_ad1c6e58dd64
TST_2196e5c343db,DOC_910e5e3fb900 DOC_22c573e3c2e2 DOC_31a755c41e25 DOC_afc853260269 DOC_31605e61938e DOC_347b3b95b20a DOC_58d738b05f94 DOC_e4c250258ecf DOC_aaa7e6e33ab8 DOC_7d0f4ad19def DOC_a009d0dea76f DOC_ffd86cefe4bf
TST_21b009458146,DOC_90d32e25d855 DOC_a54b16f1111a DOC_5a50062ce16d DOC_646a44585363 DOC_d175efc06855 DOC_83b7aabbb7e4 DOC_79b7df67a32b DOC_f52661d556c2 DOC_fc467240e0bc DOC_80c67e03bd65 DOC_90e199b687b5 DOC_601321410f9a
TST_23012268df7e,DOC_34577be3726a DOC_ebc0a8072e5a DOC_2869b2a54620 DOC_cfd39b788720 DOC_a5ba3521868a DOC_eec03615e294 DOC_b1858a98adbb DOC_0794ccf3af96 DOC_a088f6677a4f DOC_45653ac381b1 DOC_0b7d9c06bc53 DOC_30a435e5927f
TST_2308e12e4d98,DOC_f2f9e0631010 DOC_134c294b0c42 DOC_af6b7e5b8f6b DOC_1f09c9e76bf4 DOC_aace72b96885 DOC_ac5f08471038 DOC_bda9c71d528b DOC_20c17ee70ae8 DOC_8d193f347ac0 DOC_95166d719dc5 DOC_d7564289a81b DOC_00ce83115a62
TST_264acaa3a86f,DOC_a62a9d8629a5 DOC_6da71f5c3ccb DOC_16347f605a27 DOC_5bcc18ecec0b DOC_91d44840547e DOC_f204699126f7 DOC_d8ccae1cb4d8 DOC_ced4eb43b815 DOC_6ffaca72d4ed DOC_d6c2cf920ed2 DOC_37befed45f80 DOC_3629cc6a8ffe
TST_26c79ef6eea0,DOC_0ca6c2badfaf DOC_301933cc6ed0 DOC_1578febc2a12 DOC_1329c6f94b0f DOC_89e89a731495 DOC_ca5e964a774a DOC_999773d834d4 DOC_4199a36b108d DOC_39d7d01d08a8 DOC_1c86ec9977bd DOC_7d87786d083c DOC_206eb0f4a726
TST_27ca63d11d02,DOC_5f3272d5f282 DOC_6dfa3c92e5c5 DOC_bd330701e330 DOC_58857b8d252b DOC_6e7155bd01b4 DOC_a0a07b495405 DOC_56589feb5316 DOC_66b40be4ac19 DOC_d66cb500d70f DOC_4baa6f65ac72 DOC_afb92ff1159e DOC_72eba78e3835
TST_2809af8f832c,DOC_f0f203fc033d DOC_3a124e38c868 DOC_fa3c10e42f60 DOC_b197b71617e4 DOC_551ff4bc64bb DOC_d24c3c93a9d5 DOC_793332dae685 DOC_968d072a6285 DOC_ed82f13dc3d3 DOC_a21c88342668 DOC_9ba23869e916 DOC_8df040688b1a
TST_291daf9f8362,DOC_77bc99afc3d4 DOC_6ddf30654d38 DOC_ca22e6c29baf DOC_c988941cc6ad DOC_d133a10ad063 DOC_3d260db53c87 DOC_97dc62a83945 DOC_ac47a25390e2 DOC_a42579114e27 DOC_d23bb79c9364 DOC_10a5555a32bf DOC_522b3230311a
TST_29327b34e679,DOC_8dd223220423 DOC_841d1cb224cd DOC_49a11c9d0583 DOC_662331fdca0e DOC_6b8ae3e09a52 DOC_967a2566a381 DOC_6fa41cd47038 DOC_b020583f203f DOC_74e551a90138 DOC_f45c2ff57f2f DOC_b97730df81ab DOC_15c4a1e8a62d
TST_2b093da375b4,DOC_eee352596221 DOC_7e9ad4c97bbe DOC_08e291e53776 DOC_6c18532ca265 DOC_b30fad49332c DOC_5d32c852e6fc DOC_e7e4aa0fa261 DOC_e6cc4ca3179f DOC_321ce8a6a6b0 DOC_5cfd68202fc7 DOC_5005c96725e7 DOC_e079895ab93f
TST_2b151cb2527c,DOC_c92846bfef6a DOC_ed6bdada24ad DOC_f57d2195e0cc DOC_abdb6d36f6b7 DOC_2896dbe08ec5 DOC_15b4e98944e9 DOC_e342745e4793 DOC_fdb73211b9f4 DOC_371428224930 DOC_b0e861b2c705 DOC_2daeb05cafdb DOC_ca9ba8c96687
TST_2b857d15a261,DOC_60945fc342bd DOC_a7e9884045da DOC_5b07540e6fca DOC_d1dbf6d7c089 DOC_5c798e84dba4 DOC_b368ce2e5982 DOC_4177dfecd1b2 DOC_c1e4decd7ff8 DOC_b857ce638b22 DOC_6bdea1815b05 DOC_6081e6a98eca DOC_290a4c8796df
TST_2bfae246ec31,DOC_5409770cb833 DOC_f75752c4dc73 DOC_ea3a6833f4f2 DOC_7367f29df47a DOC_7b3b72bc048b DOC_c4d29040636c DOC_1db67ea347c0 DOC_58b66b1bc26b DOC_74f637d76a04 DOC_bc67ca5922bb DOC_84dbf8b01f8a DOC_68f7a041b464
TST_2bfc4d36029c,DOC_c7a893c8eaeb DOC_177965a84d19 DOC_bc4f301d4540 DOC_c7a01572e66a DOC_b255c6b56ab7 DOC_0c820da82db0 DOC_ba2ca6de55aa DOC_0ff0484c4e65 DOC_085b082b11fe DOC_b812158a1864 DOC_c97fa0f729f4 DOC_b22a5876abb0
TST_2c1da9855323,DOC_944ff17c2e36 DOC_6feeac1acc05 DOC_dd006b48d008 DOC_f6fb41f6b971 DOC_e3998334f31d DOC_2c58e0d46a42 DOC_92bbccb0a6d1 DOC_eb97cef7fe3b DOC_b1c454ec8a49 DOC_04eff6f3cb4e DOC_429db562b661 DOC_12c93ffb9cf6
TST_2e488ed4e45e,DOC_d373f7aadc73 DOC_3cf5a466c02e DOC_8e74406a3e9e DOC_41f542a23424 DOC_72cdc93fdb8f DOC_576825283c58 DOC_45f4ea36abc7 DOC_d7eaab3735b4 DOC_59abaf31bbe2 DOC_58045ef9653f DOC_e0b0b427e238 DOC_d4f583263d96
TST_2e5e02373b0f,DOC_0ccc04b57035 DOC_be85ac6310c8 DOC_d30fb63cfaf8 DOC_9c7ba031921d DOC_5ff6744da507 DOC_e2f8aefc46e8 DOC_bf58738e4485 DOC_7d8caa6b27b2 DOC_7a11c2de580e DOC_d1d4c7fbc1d4 DOC_a06cb3d3c0b3 DOC_86de255d8274
TST_2fbd42e3e7c4,DOC_7bd008c377cb DOC_3629f2e9f846 DOC_71b702c2f2f2 DOC_ee85ffa74391 DOC_0dcb7038edbe DOC_5dbe8176791e DOC_46803df43f0f DOC_4d1ea76cb397 DOC_3f6956539603 DOC_aa3c0aa63d60 DOC_c414629af17f DOC_0bdb76476547
TST_2fe23962e351,DOC_797ff147a59b DOC_8cfa2dd900ff DOC_f433b78d8c96 DOC_24057b498b63 DOC_4cc8e9e831ab DOC_4125d3b28bc6 DOC_75a7ced5c25a DOC_147f1b7472c9 DOC_83c94d7778b1 DOC_661293916ce6 DOC_8196d3ea6e93 DOC_a67003cef5de
TST_302049dd6977,DOC_15a6c7e5088f DOC_5f9008432a2c DOC_040a6ba8e470 DOC_93ac8265eefe DOC_0d3c3ae782a6 DOC_799d996afebc DOC_3ef69afae172 DOC_76676cf7a199 DOC_a35ce37dbf7e DOC_712a3db0c1b3 DOC_7359d553ac48 DOC_b76f5a5dee2d
TST_3111e19b9618,DOC_ce8589fe4ce6 DOC_cd7aeb12aa09 DOC_34ceb21125cb DOC_befd745da40d DOC_803403df5745 DOC_085a00c2b376 DOC_31e2284db3a1 DOC_668c4f8f97aa DOC_9b235a05b5ad DOC_1b487425a2a7 DOC_bfd3e8293006 DOC_5c1549d55641
TST_312cab233dca,DOC_ef08b3b3a2ab DOC_f2b135e9717b DOC_35f27b5a17ab DOC_57d4c1afc615 DOC_8a458e77c3ff DOC_aeae5a8dae55 DOC_175b573c7398 DOC_7384063dc561 DOC_46ea15bc956a DOC_dc9076d5ba64 DOC_a06aa85d47c1 DOC_35ff156203e8
TST_3350b0379289,DOC_1289ee9456c2 DOC_d795fc849646 DOC_90313355efbf DOC_7bad2683ea21 DOC_d8cc01fa3cd2 DOC_6f70a05d0474 DOC_252ad52e00ec DOC_2bba4232d0e4 DOC_584f9af9ee1c DOC_2d757c9ed285 DOC_9958d0e8e7d6 DOC_d4a9c8124f42
TST_33b58510c763,DOC_9e9c3c5f9134 DOC_b2ece6311ecb DOC_e0db76f0afd6 DOC_1d5804f3cbaf DOC_be4a69b7efed DOC_5928dfde4d80 DOC_3542360baad9 DOC_c9ddd57873b5 DOC_b4d87e8e726f DOC_894278024cfe DOC_a714504f18bd DOC_1df73fecc853
TST_33d0ed99dc07,DOC_e6bf29601f4f DOC_747131c1ec81 DOC_792b0b820ba1 DOC_95f69ab92ff4 DOC_296320ac6fda DOC_24a2cddebf36 DOC_7850e8111736 DOC_9b09f995a5f4 DOC_7c4c80630deb DOC_cb8916b7c0cf DOC_689fec52d3f0 DOC_f59f92e8f6b2
TST_35647cc0d420,DOC_4bd02f7fdaa3 DOC_909d0d5f9a83 DOC_c34e2d7642f5 DOC_8e4fa3fb8f9d DOC_607bb0218415 DOC_2967530a2cc4 DOC_da03fbaf80f7 DOC_a3fb29008108 DOC_6524d17834ac DOC_faa16a658ff5 DOC_26661b9bdacd DOC_64faef069a4c
TST_359613d2ee6b,DOC_353ccbe2beee DOC_e1cf76cc6d8c DOC_ae561b8d0425 DOC_7b8226e5cd39 DOC_1c435f92b346 DOC_07c53b89184f DOC_67753aafca9a DOC_df4357cc216a DOC_18ffe629e45d DOC_8f2ffa23d5b7 DOC_7f48ebaa14c1 DOC_4feedce36fe5
TST_375080a815e4,DOC_b2882f7cdee1 DOC_b729a99451a7 DOC_ae668a6c9836 DOC_5868c93351cb DOC_7b38747655b9 DOC_0f06f82b1f4c DOC_e3cde33a36a2 DOC_69eb7dd55f06 DOC_ac60d9261923 DOC_6df4e489632c DOC_c81b21008009 DOC_670767d632c2
TST_37728a9fca66,DOC_a9194adc6b7e DOC_62525cf13878 DOC_647170a57c6a DOC_856c7b2ffc4a DOC_60f38fd6f03f DOC_ba976eb76dcd DOC_a214495078d3 DOC_93e935b30768 DOC_4636a99a5e03 DOC_986bfc4b700a DOC_4a21985e1e4e DOC_d77f10e342ab
TST_37834d28f177,DOC_e5402413fd68 DOC_16169b965931 DOC_18ce9f6ba0f9 DOC_f4c83986adbe DOC_433b0127ec6a DOC_f3b82824877b DOC_80ccbb1724b8 DOC_84741789dec5 DOC_d6dd6766f951 DOC_6394b1d5bc49 DOC_65154bdd194c DOC_bf7dea54c0a2
TST_38d6c1dc205d,DOC_042563dc0c05 DOC_11d0fb5ef4f7 DOC_d46a406bcf09 DOC_2151bdce488d DOC_c1015b3454b3 DOC_42ee9e15c10d DOC_1703f5c1ec30 DOC_bf015df8d12e DOC_33f92a467348 DOC_2fb0da0ea0e1 DOC_7c7309d7d9f3 DOC_15e69266e1dc
TST_39d41964d3c0,DOC_2904f4d9cb7d DOC_1c4c610f0729 DOC_e97ee350b7dd DOC_53f18c656ef1 DOC_87d3dccb5c9e DOC_eecc2a53b837 DOC_752b37518d4d DOC_6807523684af DOC_e781f08e1a6d DOC_71db5980dfd8 DOC_6cefc0f040de DOC_6912f58db725
TST_3a35e527bb8c,DOC_764ef4446810 DOC_761974250108 DOC_4aa94d19794a DOC_a2eab931b37a DOC_5e9f870cf0f4 DOC_442203671b35 DOC_c7c39641a1e8 DOC_9b1fb4fa00dd DOC_42902c582f49 DOC_7c7f854215fd DOC_43ff0ec614fd DOC_9d33869ee285
TST_3b03eac7e380,DOC_c91c8c3e589c DOC_1c3b326e0812 DOC_2970b54f8c21 DOC_abe78a3608a0 DOC_0cb09ea3d1ab DOC_f300b39b44f1 DOC_4a0e04fcb7e0 DOC_e5e7b511e947 DOC_abfc5beebed6 DOC_ffd66b85be22 DOC_e93f18622c22 DOC_44b285bde7d4
TST_3b31f875baea,DOC_4a3cd2e3c651 DOC_f4f49e4718e6 DOC_e37c7b312a07 DOC_c8d6422c2d32 DOC_8debeacf1f0e DOC_5e6f07438a3c DOC_c0cca89b0564 DOC_050ae28767a9 DOC_eb39d95cceec DOC_807f1bb5545c DOC_4ac276f9f395 DOC_24864fc2e939
TST_3ba14fe5e839,DOC_e34682580a83 DOC_45792769615c DOC_9988f1e9537f DOC_6daddaef1249 DOC_78eb0676115f DOC_bb4f0fd090af DOC_ae97716a230f DOC_df2c8d4a7c5e DOC_2642f22c6132 DOC_6f7cbfef4871 DOC_d854f844aed0 DOC_86ef2122f30a
TST_3c0b123428b5,DOC_ffd169076852 DOC_c8b79133f7d7 DOC_2b489ae42808 DOC_7831de5e124b DOC_54c84c23ec47 DOC_fef936860812 DOC_c49971d88b57 DOC_da3e2dedf7eb DOC_b437e418db22 DOC_1c767e92b96d DOC_75459595ea91 DOC_94770fd6d6bd
TST_3c3d0734edc7,DOC_17e341a89bbc DOC_0bd50280f1f7 DOC_7c3c20853473 DOC_7e71f9b06375 DOC_6fef455519e3 DOC_b5661cb6aeac DOC_67d9218a92ef DOC_b086560ab2cb DOC_2d7870da76ea DOC_41659b292491 DOC_787952b7017b DOC_3a8c50c2ba37
TST_3d6157910556,DOC_166071cf8a03 DOC_1d2b05ceeb12 DOC_789f0b8f1a75 DOC_3338b16a62e0 DOC_ac4cab9f9a3b DOC_fd78c902d15c DOC_4924e98f7d9b DOC_9858421e6ef4 DOC_e4df66759b57 DOC_307d8a63bd57 DOC_e52d545bae1f DOC_395516f02e3c
TST_3f9ef394c8b5,DOC_67ba151ec710 DOC_eed63866d79e DOC_9221742e217e DOC_a8849194fde5 DOC_23271200628b DOC_720a3cfdaa42 DOC_b1c5933cc660 DOC_68350d69b9e9 DOC_2fc94afdd417 DOC_5f51dfc15b80 DOC_a2c86aee1a48 DOC_97b934cad818
TST_3ffa5046174f,DOC_38c163482436 DOC_f7fc24783134 DOC_f56e1cdaa267 DOC_04c50c9cb0ef DOC_664ffeee8214 DOC_71cd754f764a DOC_89ab4ad9520b DOC_4d6c27f7fa48 DOC_7c168a5f177f DOC_d10635490904 DOC_37540d4d98c9 DOC_a4a715f56613
TST_402de0a61dc0,DOC_7ef8b2d9a67d DOC_276857082f4d DOC_d183a19b41fa DOC_e9a9abe5e20f DOC_6d8e65e7db40 DOC_6a2dd4c20334 DOC_57bf9fb7a80e DOC_df884743ddf4 DOC_1086f01870be DOC_dcbfd4c6a4ad DOC_60b2d1f31a88 DOC_53e2faceb591
TST_40869e57421e,DOC_55f61cb0eeeb DOC_d33220dbcece DOC_7edc20032e54 DOC_ccb6f468e586 DOC_3ec06ae3b76c DOC_b8108d9d4f16 DOC_18388fc26181 DOC_95c7e9153fc2 DOC_3e2033f77e2a DOC_bcd3e291a365 DOC_57188c9e71b9 DOC_c3c2189fbe0b
TST_40ee1afe7185,DOC_c8f8c0edce9f DOC_6c6a56745058 DOC_1e796fbb192c DOC_2327dbeb5300 DOC_c0eae3146c92 DOC_60db7bbf32f6 DOC_6d4315eeca02 DOC_14bc4c5e50a2 DOC_1bc32796f0ac DOC_33bdd3706edf DOC_2c5889a99403 DOC_e28688517a28
TST_40f45164a429,DOC_b56f5d4e4859 DOC_34fd69095bc9 DOC_19887bb4829d DOC_5097becf0e86 DOC_4d281883c95f DOC_894048e81084 DOC_f16e0059afa0 DOC_37d151f2a16e DOC_f43edc59d840 DOC_8fa6dd9590ad DOC_bdd920a46297 DOC_b0083e3ff1e2
TST_40fb01bbf80e,DOC_b1191664eae3 DOC_5e61bbbaec3d DOC_5cc50f94db7f DOC_0830007becbd DOC_63d37f9aaee1 DOC_2cfb3ba0aa91 DOC_94b23af5af5c DOC_dd2f65b84e8d DOC_7c01971a696b DOC_33c66856a8a1 DOC_f0f230b34354 DOC_be633e1cf467
TST_41a7071fed1f,DOC_870f54db803b DOC_df7b4d277620 DOC_f1eafd93c4db DOC_899f0ee23689 DOC_2ca149d7fef4 DOC_5eae25acd386 DOC_ac06bf57e2eb DOC_e8fd58e6c15c DOC_1507641bf999 DOC_b42e8a041754 DOC_10d4b715945b DOC_3b00c4d92156
TST_421bcc8fc557,DOC_71a72ed5de21 DOC_75e80b58413b DOC_55db335a19a2 DOC_c2ed867031d2 DOC_bf62f0f5a8b8 DOC_e5be57d9e85a DOC_65220e5da9d5 DOC_62d5c321e8a7 DOC_6b7c61fe454b DOC_015c44f3e49f DOC_c2a66fd79fea DOC_e2cdb1905bb4
TST_4240f85b0c8d,DOC_ab24ce9fb0da DOC_d5da42d6189b DOC_0ac55f37b5cd DOC_f706e372de2f DOC_d24827219ae4 DOC_2ac81ceae62b DOC_0ad046b3a15c DOC_6cd679c7a4c1 DOC_cc3b5147f917 DOC_0a9b1f4edb0d DOC_68608955c76c DOC_52b0c5e4416e
TST_43f8222f319a,DOC_faeb3986a425 DOC_87f2d7be256d DOC_9832b81ceb56 DOC_b8c95d307ee6 DOC_d8d759dcfc20 DOC_abd5b9595f0d DOC_d6d72ae62993 DOC_78ab691e5c77 DOC_e797956538fc DOC_d9783cf0c7ff DOC_7a7e4f125d8d DOC_a5c68319ed34
TST_44e9e01cde6f,DOC_6a3ebdfd35e8 DOC_31821f9abea8 DOC_fd6637073d12 DOC_2403341acef1 DOC_de0d707de8f1 DOC_df25e2a8f85b DOC_e4bda3d87c5a DOC_0e4d7aabfd06 DOC_2ad6b1b5288e DOC_6125bb06ac30 DOC_c549118cdc49 DOC_9a67e3a5e807
TST_4563ca431bdc,DOC_06de9f30011f DOC_0e80be01655c DOC_254588e16c8d DOC_8f6dfbb7f634 DOC_e41b347b6945 DOC_563cb7638cb5 DOC_30f97a8378fe DOC_c3f036a9c6d2 DOC_40aae4419a29 DOC_b08ef8029620 DOC_cf0e765f2733 DOC_37e2fbb6f912
TST_45783301866e,DOC_a7ee7d82c706 DOC_b992357e77f2 DOC_bd13aaa3b0ce DOC_570425f1730e DOC_3e3b29a63c53 DOC_2b3192191467 DOC_fbfe3a53f289 DOC_7558e98cfa99 DOC_3c5977ab2e46 DOC_374810dcabc9 DOC_ad27116c9b70 DOC_f5f5239c1110
TST_46788d372360,DOC_a155b01b5831 DOC_4bffe3010b70 DOC_31e81db696ec DOC_c148ddd629e9 DOC_77328ba6a62d DOC_b4da120709a7 DOC_65e14350cbe7 DOC_bda307aeb4c5 DOC_3fbfe3e7be59 DOC_4dd43fa458d1 DOC_cb1e196443b1 DOC_fecb310d7b61
TST_46e062162eb2,DOC_969b29b3089d DOC_4e4d99dd5126 DOC_d77fc973ac56 DOC_4428f1a01c4b DOC_047b090750cf DOC_7b44e17b1ef6 DOC_130508bc7c46 DOC_ca0c23e10f41 DOC_fd11b1aa7898 DOC_3c4ff668fc03 DOC_0133458fc24f DOC_74683ff0fa19
TST_46e7ba562011,DOC_b98359549309 DOC_7ff060fda0f3 DOC_9f8e86ce53c5 DOC_d221d03cd1a1 DOC_d761e4af6ded DOC_5243faea3952 DOC_8aba27eefa63 DOC_30716aa20e4e DOC_6b8d9dd14974 DOC_f6a90b9d4dc8 DOC_d83d94d6c1d7 DOC_1b68888aafce
TST_47e2bc6d4c0b,DOC_fd55e6de936b DOC_9a71bed7423e DOC_dea2d069f3e4 DOC_e9b6e6d8538a DOC_6caaa45f9dc0 DOC_1fff65029055 DOC_509fcd92db92 DOC_832c30a22205 DOC_cb8f50b9be7c DOC_61fc63d202a5 DOC_03ee0c744c62 DOC_0bec9e474e1a
TST_48277331f3cb,DOC_69a0b69f035c DOC_b8a635a714e1 DOC_b14c13aa296e DOC_486f9e5a04e1 DOC_2cfa8dd43935 DOC_5ef0585d2599 DOC_792a565c81b8 DOC_5cb8e2ceddc7 DOC_0887ccc00bd8 DOC_36b45b01d717 DOC_24fbd821cf79 DOC_c49dc5c65778
TST_487b06de59fd,DOC_9441a9508011 DOC_219852b70ecc DOC_46b0707c6ba8 DOC_8570bb071a2f DOC_858400b6aaef DOC_f6f9720b77b4 DOC_bd626b7b9cee DOC_cb16b190200d DOC_776a2fb4d60f DOC_14a301c47bf2 DOC_717234b8394a DOC_4d6c27f7fa48
TST_48eff0ec5df7,DOC_bcf0f8c403de DOC_ee670a18de1d DOC_7b77cb280517 DOC_b009a19d482b DOC_b0a6d7b93df6 DOC_446981daa1df DOC_9b5b05ee518b DOC_a8c91f3c20ed DOC_c2827974daf3 DOC_4d2024ed8b61 DOC_92bbfa978288 DOC_fae95382afb4
TST_49f19cbca73b,DOC_5c5dba6773ce DOC_61a9684630c8 DOC_7e5bbccd827d DOC_30e8e754e9d0 DOC_a0dfa0758dc7 DOC_38c4a920790d DOC_11ae3a0e6605 DOC_914865e0f80e DOC_8962e1656f95 DOC_f06c2d0a916e DOC_29035ba14bee DOC_c82894c80c2c
TST_4a91e5a0b4a0,DOC_469ca5ddf2f9 DOC_9f815ce84d29 DOC_94330e35ea59 DOC_dd80719df9f1 DOC_811a9a614fbc DOC_7d36bb2efe12 DOC_83d7dc84bd7a DOC_2629fd5d2103 DOC_efebac8c6bf5 DOC_b39d942fd6d9 DOC_a704b8a34269 DOC_93c7096ea3bd
TST_4b1cd12970f0,DOC_6fd56bf450ca DOC_42ca44cb1845 DOC_2e50d251e0f5 DOC_208290334d46 DOC_55476dd2f384 DOC_180f25b0185d DOC_977ab64e92da DOC_597cb26c6cca DOC_d9c512511d0c DOC_c3ed0f4194ab DOC_0d61889c509d DOC_e81626ead00b
TST_4b1f3890ea11,DOC_9322ecf17ad8 DOC_e25bd787ceee DOC_55befb693492 DOC_64d7198a7a5b DOC_cdb9d3126b23 DOC_170545dba042 DOC_2ee668b8ddc5 DOC_7b7b4e72fe74 DOC_29845a2c971e DOC_35b29804dcd2 DOC_6c3397e32654 DOC_ad6b6d706678
TST_4b27e5dac752,DOC_4241f7a451ec DOC_7f006750b64a DOC_b5e53be53d56 DOC_1df815ce04d7 DOC_d411b8064ece DOC_3587f758e626 DOC_cf98c04b48d8 DOC_d3a11a2bf360 DOC_b0ac693d7304 DOC_e78224ba2de3 DOC_e4cca84df2e6 DOC_a73d7cf3ca65
TST_4b80afb58d22,DOC_b68865765c2b DOC_b91f7c124a9f DOC_223d5e6520b3 DOC_40fcf535179b DOC_911f7d85f565 DOC_9186dc719c84 DOC_6bb60d8b40ca DOC_7dee108c5fc2 DOC_8ee19d25cfdd DOC_da6a37f78e1c DOC_f077009e790f DOC_25b414771900
TST_4c4b97b140ea,DOC_0c29bfe0644d DOC_b1529583d222 DOC_2a314c2d70cb DOC_b00e479d5b46 DOC_8eba1e2294fa DOC_559e2e49f0ae DOC_44456a67bb2c DOC_a455058db904 DOC_b674043e1067 DOC_673d6c7b04c2 DOC_1abefce04737 DOC_cdc7415adf9b
TST_4c6f293b2dad,DOC_0f550eb32ec9 DOC_a7f296262d21 DOC_150ce8123155 DOC_c2cb5bd9600d DOC_e2019d2d5f30 DOC_c7971f3d0f73 DOC_0c21c8c50201 DOC_1e1813abb490 DOC_8572383d6d94 DOC_54f0ec132fd6 DOC_f786645e6203 DOC_8cb03fe753e3
TST_4cb317f4f76e,DOC_a0c03171715c DOC_9aa26ebd5fa8 DOC_1befe746313e DOC_5882cb20b03e DOC_29293182d54f DOC_4ebf71ee1f6d DOC_7f2f8030fa4b DOC_69a5376c5427 DOC_49f311742e33 DOC_241b105f2884 DOC_9d60fd18d088 DOC_405b72fb920b
TST_4d77f8dfaf09,DOC_ad5d18958408 DOC_314d31abd986 DOC_b7837e666445 DOC_340c8219cd8c DOC_236f723320a6 DOC_f27b29f53f08 DOC_7785eebba451 DOC_532b52c1d628 DOC_41087f9d0c27 DOC_716fa0934914 DOC_cda35b6e0c25 DOC_60e7b2e3e5a2
TST_4da068ecda42,DOC_6c84a4c6844b DOC_bb8386bca38b DOC_2485b780616a DOC_534fb615fd84 DOC_8d000e16dfdc DOC_9de31ce7706b DOC_40a2f2eaca6d DOC_ee08543b32a6 DOC_5e9c6f240bae DOC_8cc37685388f DOC_08948491684d DOC_24d8e7ad0718
TST_4e92aa606b96,DOC_6a05441c9364 DOC_37c367809c3b DOC_54ea1d5c465e DOC_dd9539b67b17 DOC_0e26494de5c8 DOC_81cf63877e98 DOC_4460a70f60b8 DOC_a5285ec80ca5 DOC_9fe5af8f72f4 DOC_d8eb02a69b6a DOC_92f7bce20d3f DOC_e9a8924b2bf8
TST_4ecc35c65a19,DOC_1f47fc317cf3 DOC_e5b9b558f5b4 DOC_2662477a3cfb DOC_dd1bafd96edf DOC_f4a4e4c54c48 DOC_603ad29a1eb2 DOC_44128182f27e DOC_6db5c1e61402 DOC_3b5e20963937 DOC_43bb7f8c974b DOC_81411701065d DOC_0504c7a3a47a
TST_4ee3dbe37d35,DOC_c49bafeb56aa DOC_f45b5cd69d8b DOC_dd9e4ff9b53a DOC_939f5336de3b DOC_5b6be711e616 DOC_84d55f7cad0a DOC_7c7343baf18c DOC_f0c851cdc9a9 DOC_ea06a2c55152 DOC_f5aef4e05b8c DOC_1c77fce1c5c7 DOC_ae81e38489f1
TST_4f39aece3ba0,DOC_b437d7747616 DOC_f72eee1b0d87 DOC_b2cb0c1a4cb2 DOC_187cd762dbf4 DOC_b307caf776bd DOC_7da80394f8a6 DOC_a589ee2497ed DOC_f2cb98d7eea2 DOC_885757115f1e DOC_bdbe6b3db489 DOC_4b2e83ee52d0 DOC_bf81f2d6e99e
TST_4f76bd8f0248,DOC_689710a7138d DOC_192568356f1f DOC_7d78ac20e179 DOC_7ec810da211d DOC_4c6d2aa5d59f DOC_d65dbff93936 DOC_e60c4921d58b DOC_c347b7b55818 DOC_b51056089239 DOC_ddeafa56cd63 DOC_ef398d3245ec DOC_f946e69bcab9
TST_4fb95478504b,DOC_31922d051bca DOC_fe4632125605 DOC_5b7bb477f493 DOC_1625b4a9850b DOC_3223e60c58f5 DOC_276e2d2830d3 DOC_2a09a559ff76 DOC_056bb285075b DOC_19a4c3987abe DOC_3b876cd326e2 DOC_0adb7b4be49f DOC_02befbe13b36
TST_500308922312,DOC_ee9627f5fc96 DOC_65525531728f DOC_ce0aa48315e7 DOC_cf51bc9ed031 DOC_a593cb39fd89 DOC_51da2645bf9e DOC_0ab94d09cf69 DOC_4a745d335c93 DOC_d32f6671ae17 DOC_036207328a01 DOC_15be6aaa4f20 DOC_220690569a3e
TST_5080f31084f2,DOC_05a608ebd2bf DOC_6b5bd64056ff DOC_9804427df63b DOC_2b54ad62362e DOC_09b61c902a9b DOC_16d4a6568069 DOC_138868bde693 DOC_27a280b4eb0b DOC_c2f6a3645a0b DOC_00fb06bc33fc DOC_904da7ecd3b7 DOC_54cbeb5d5f19
TST_50ca877cbdf4,DOC_14b53c78b22e DOC_3aaaab867051 DOC_9ca386bd761e DOC_6a353b0598dd DOC_985face1c972 DOC_ed7986a375f5 DOC_bcddc7c13c4d DOC_ff5c0e614aa2 DOC_74e04b677628 DOC_f4870816b51c DOC_2e55293d1258 DOC_0ad0e921a8c5
TST_521e824c1cec,DOC_7868c4db852a DOC_3d8d6bcb0939 DOC_8904e5031535 DOC_afeb7f983600 DOC_905164a16cf2 DOC_eae726181b41 DOC_f87b42e6a2b1 DOC_0e9fa965fffc DOC_6109f0157fc6 DOC_5388767391ba DOC_21effa8ce412 DOC_1a2a69519845
TST_52206ec4bace,DOC_eb13b8748c93 DOC_c6de68de0c9f DOC_3b4272b11596 DOC_ffeb65d53837 DOC_00a5eca17607 DOC_4357140ebe60 DOC_95b13b8ac007 DOC_ed76734491ec DOC_8d37c274d253 DOC_35c74fdbadf8 DOC_20f55947aebc DOC_641c9d297419
TST_525dae93d61c,DOC_7c6952bd272b DOC_f9574eb29a56 DOC_4da69c08aeb9 DOC_87eccfd36060 DOC_4d02426e37bf DOC_152a3b143a22 DOC_f238f6265e1f DOC_ee39363c14ff DOC_371c6e379cc0 DOC_3e741a8e3f01 DOC_030e50acd024 DOC_81eef82e7bd8
TST_526e569c7dcd,DOC_8040cf956609 DOC_4932494511ed DOC_6e0ea8760392 DOC_2f7d8e89e3b1 DOC_422e36b65031 DOC_c115c789eb44 DOC_9707110b0d45 DOC_d811ff148073 DOC_404ea877993d DOC_1aa187072bce DOC_73d1835838fa DOC_26c98751ea75
TST_52e560fdeeb8,DOC_2701d36337ea DOC_44fa1e675c82 DOC_ea77bb62af2a DOC_8f681b018fc9 DOC_21d5e0133959 DOC_eab69a40b831 DOC_4b84f3f78c8a DOC_77dfd8aa8178 DOC_6d0ffe202ba6 DOC_2fe387c40c47 DOC_813d3d0c99b9 DOC_32bb9ed50e92
TST_53de3acd0060,DOC_14c59278a12a DOC_3ade147a7fee DOC_b68685fe64db DOC_0b4c90dafb80 DOC_48942b89f683 DOC_f1da939bcde6 DOC_b3c506707ff2 DOC_a085ac476364 DOC_6544d6d6da56 DOC_49edeac37a82 DOC_de25e82c20bf DOC_c7c70282c05f
TST_53f33ffced8f,DOC_a6b2b1c65e0e DOC_0bc73090debf DOC_eea8517ef685 DOC_64344988b8a1 DOC_f2877c9ba273 DOC_3ba5f8e6426b DOC_ff01231c450e DOC_f662c894fe11 DOC_150f97e3015b DOC_f0fcd11b194b DOC_709568ec90e7 DOC_7459242ddb18
TST_5532686a47f6,DOC_fd1c20a4d0d3 DOC_06276757c32e DOC_89a13e1e8812 DOC_0b13b038162d DOC_e684f036b5b3 DOC_d2a9f5bdad12 DOC_553444bd664a DOC_2980264df44e DOC_8570b33d41b9 DOC_59eae29fc450 DOC_a25a46e903c6 DOC_5fc799f3e27f
TST_554141eafa06,DOC_b499695a061e DOC_2fe19c7a9361 DOC_05b24bfa6d25 DOC_6978a5c23294 DOC_358d6be82d6e DOC_20301095d866 DOC_b2570ea031ea DOC_17953d31a889 DOC_f30a00626c21 DOC_bde61b281473 DOC_df624b6b720e DOC_44e5e094ea72
TST_5604686f48a5,DOC_d80ae271380d DOC_f0cf9e3a1e6a DOC_c199ff06b94d DOC_ddd6d6cc160d DOC_0376f3d60ffc DOC_4703feadb116 DOC_cba181812ad6 DOC_2bb9a8fd0574 DOC_dd6e76e19f46 DOC_19c8c9f414e4 DOC_aa15721a7a10 DOC_9d5ff5baba5e
TST_57bef1640802,DOC_c069043d5bc3 DOC_259b1b37eec4 DOC_6236bbd304dc DOC_e7f66a63354e DOC_7f9bcdc429a5 DOC_384b59e93c54 DOC_ed04c8416440 DOC_5115f5c6cd1d DOC_e7b852cd82ff DOC_919f6d4d6913 DOC_10f2cee85d8e DOC_2eb2eea4cb46
TST_57e204b7fbc0,DOC_38d48b3b6a2a DOC_a3614e8a627b DOC_53dd0fa989cd DOC_dc39ad2beb84 DOC_19b5e13396e8 DOC_494d1f5ef615 DOC_1f3d0df63a80 DOC_670d1f1cae9d DOC_9102f284abb5 DOC_7921fc4bc53c DOC_761478ef5f57 DOC_0306615080c1
TST_5844a8624376,DOC_c977ff0ebea3 DOC_e1073d6874f1 DOC_98a02f0e1625 DOC_4c617891665e DOC_865826c3df8b DOC_af2ceec34042 DOC_71ebef25a8f4 DOC_45a99de605db DOC_d7b20d7cfede DOC_1240d0444000 DOC_c8023ae41931 DOC_5bd5a9631cec
TST_5861f24d5c7f,DOC_2413ef4cde6c DOC_f13590f051ce DOC_29d1c7e5b77d DOC_f8a98d9c1818 DOC_fb8e6c0fa428 DOC_73a907555670 DOC_d4bfd2fc1c6b DOC_3c935a1e5528 DOC_45fa40536882 DOC_d280199d7fea DOC_49f69d4e5916 DOC_f4982f82d8ca
TST_58d112e0030a,DOC_8191fefc0f99 DOC_0c6c515ef095 DOC_b5d149a4f519 DOC_b932bf963746 DOC_5a1fc062f821 DOC_ce5d29dc2543 DOC_fbed57d483d1 DOC_d9267bc819a6 DOC_8cc93bc61f7e DOC_1c313bbfa9ed DOC_2c06f5c4ed52 DOC_ca73324dca61
TST_59f7843b6079,DOC_e93ffb721e05 DOC_ba21b9ef530f DOC_a377e45f98cd DOC_ab4ac9f9d2ba DOC_a84d3cb633b7 DOC_0e035ec69c56 DOC_da1eecec8583 DOC_1f4a2a95c6d2 DOC_4ade67b86667 DOC_0c47c7875116 DOC_ff5c0fc3652d DOC_6f51bbb82960
TST_5a37c9cba5a7,DOC_b269ae27da58 DOC_b1f3ede1c9fd DOC_c74ffcce70a0 DOC_e993fc6e0ace DOC_9282c4a370b3 DOC_aff62d8aba61 DOC_fe64c82493a2 DOC_4c408d8dac1a DOC_fc574ba3e28c DOC_e9262c45b56f DOC_9e131e9b60b5 DOC_bafe1a1b93af
TST_5a799b485563,DOC_80af4aaa74ee DOC_0a9d896a7a9c DOC_871fa21ce6ec DOC_938b32da36bc DOC_3de74239f0d1 DOC_24b85eb7e239 DOC_613d8bcbb7a1 DOC_9550e8cdb6dc DOC_9e56db8e8daf DOC_6e41f6c0a7ab DOC_2e69169bb5c7 DOC_d00323c8f2ee
TST_5b08ae14a9fa,DOC_e466a6f73d38 DOC_ce1a635a917f DOC_3c04352e41fb DOC_e7fad8cf28ae DOC_351598e14ddf DOC_8f31ba053c6f DOC_60f924de838b DOC_89999a422303 DOC_591bad615ca6 DOC_7e0bc7af7711 DOC_ff87b31b8553 DOC_732e6f5398bf
TST_5b3be320bef5,DOC_3813bb76dea9 DOC_c6d70d38da3a DOC_4bfa62733564 DOC_1a05070d1fbc DOC_236b36682585 DOC_cd4872510e4b DOC_2b80a0938c47 DOC_efee6b7c0b05 DOC_a9ea80b85d56 DOC_05c4a5800389 DOC_6b30006db18a DOC_1fe73780f116
TST_5bbaf33afdb2,DOC_05fe47f74542 DOC_b55235f1d169 DOC_74bd1a007dc9 DOC_13ce7bdf3e70 DOC_ecd408eb2438 DOC_eef9d1e42c04 DOC_357b631f9fe3 DOC_a929cd046afa DOC_59f0f0fdd0ec DOC_b13bf9160acc DOC_9ddaa5d364f3 DOC_7b0d8dd32084
TST_5be29f155b43,DOC_cf077cd34138 DOC_71b417e8c6d4 DOC_85ce23eec90d DOC_65aea67c2bcc DOC_a90909608f7a DOC_3a13c054c783 DOC_0dec1c99881d DOC_0c69a7c7b030 DOC_189a4be4e082 DOC_fd979e595ef7 DOC_d5214883a977 DOC_32a1d75697b9
TST_5cabc3a040ff,DOC_62dd957b1576 DOC_1771710eab7d DOC_4d7e821d5390 DOC_1edb42225dd2 DOC_8d3992d6ba57 DOC_ade69d4bc686 DOC_d67051e99847 DOC_d225467394c4 DOC_b96213efba77 DOC_c26fcd2a2e97 DOC_a04effaa99cd DOC_1246c127f745
TST_5d00424083e2,DOC_1e54a128e992 DOC_5b1e8ef68b0a DOC_9b811dade870 DOC_07c9bd00212d DOC_fc2555fe1e24 DOC_73de7335ec79 DOC_0e99d9c58685 DOC_f67f5489b3f9 DOC_5e0205d2188b DOC_0cc966d19263 DOC_7f63029a766f DOC_7c4e0bacdcc1
TST_5dbaa90a2e6d,DOC_9d87922767b0 DOC_8aaad3a52a0a DOC_cc339b763c5f DOC_80ef6cec1fc9 DOC_9de1cbfff3b0 DOC_f967d7506bbc DOC_4a1b320d1763 DOC_91b7bcf68929 DOC_a7a7f63bb6f3 DOC_4c3812fa32f8 DOC_0b9e5f05f74c DOC_dab3d86a866a
TST_5e19eafc1e73,DOC_6623323e4282 DOC_0e035ec69c56 DOC_c1b0bc414ef6 DOC_7bebc08c3a90 DOC_7eddc07198ec DOC_e9d0c6951ef5 DOC_ef0ba3baf4f6 DOC_b107d2313c5f DOC_adfc05f27cf1 DOC_133d608b1ffc DOC_8110f5e92880 DOC_b7f5380a2db9
TST_5e444da539dc,DOC_f8ceceffd08e DOC_5afd9609af77 DOC_9260db4c6a72 DOC_2a8ea71810d6 DOC_72c4b9fdebdf DOC_b00839ef29af DOC_b6ce8513a219 DOC_fa3c1fafddb3 DOC_f7c4364df27b DOC_2616eba38837 DOC_1b00773a3da9 DOC_2ae9a76c3c96
TST_5e74808635ad,DOC_daa89efec56d DOC_8bc22f261d8a DOC_44eaf4676455 DOC_f6ff87026976 DOC_d4b4f9ba10ff DOC_e6065231706f DOC_99cd24c24cea DOC_1ce4e81aec1d DOC_d839196d4499 DOC_b8edbd036206 DOC_ce16bccdeea1 DOC_62cae6ba8e28
TST_600932c398c2,DOC_143e7d9c476e DOC_b7392247df18 DOC_8ee23bc11560 DOC_ac0a61e829ae DOC_a3ed420925ef DOC_6ac610f1361c DOC_be46fec612cf DOC_ec32f0f803a3 DOC_116032141a71 DOC_8811920bac82 DOC_1b0093695258 DOC_ee12a7318d0c
TST_601fe92d4b8e,DOC_0257772c5dae DOC_92f453966321 DOC_10412b1d051a DOC_24fb072ccfcc DOC_7765767b4435 DOC_9949d6de2e58 DOC_97eea153ae96 DOC_7658fdf1b0eb DOC_34213d556452 DOC_a7e801284ad5 DOC_d10003ece2ba DOC_dee4eee4da32
TST_6069998d1d29,DOC_d29f5372342e DOC_8389f87c614c DOC_46f45bca5dd9 DOC_355d3df1e20b DOC_658fcde77758 DOC_76f118b19ae7 DOC_06f6e02f680a DOC_98e21c74085f DOC_6627e113211a DOC_b74bfbfeb727 DOC_85d3691c2509 DOC_732e6f5398bf
TST_60b4a3d84258,DOC_97d00a428427 DOC_ccc039f8bcd1 DOC_cdeb3144a359 DOC_625e94d2e14d DOC_ad8d4bdfbf7e DOC_1bf6016da3b0 DOC_6fdf00cc1a18 DOC_19b4e476be11 DOC_b2942d450990 DOC_ab22273cc607 DOC_fefabb45c1f0 DOC_66a8b98b97da
TST_6323b9395991,DOC_9f5c5a19d416 DOC_0c12f6106e09 DOC_fa0b15507a65 DOC_35de4a18fed1 DOC_79bf3524b098 DOC_c518a86f9a0b DOC_b61fb47d4e18 DOC_4f362c9be0c8 DOC_d5daee034f31 DOC_c20d00c44d97 DOC_02822eb42d95 DOC_1f97f67703df
TST_6338b935fb88,DOC_ca57d8e3d1c5 DOC_073bfc49d21f DOC_87935ac7ddc9 DOC_44e994a6da73 DOC_5a43ba0f7f37 DOC_9f39d3c3e7a0 DOC_e7068d290ac0 DOC_eac5a6ce4c7d DOC_e557dbdd071e DOC_8787ca19fd4a DOC_36ca21ae7d58 DOC_5ca83236ec4b
TST_63498491e618,DOC_3094db511363 DOC_947f1d83a81f DOC_3892ccee9615 DOC_c513b8dc7c7e DOC_411e3bb0272d DOC_1b36372be510 DOC_cba495e03640 DOC_e3df4bd2cf53 DOC_b04637daae36 DOC_912873132afa DOC_c5a48656dc16 DOC_e1c4bbb4ffec
TST_63668d018ae7,DOC_ac1953af8d16 DOC_b2b7a3c527d5 DOC_61c2478bd0ba DOC_6c3c7daf984c DOC_3891eae7b0fa DOC_8ca2f8817ca1 DOC_43f7a29946e9 DOC_52a1cdcfea80 DOC_c9311b345070 DOC_7e914d4ab7ac DOC_6db921dcdb88 DOC_7aaef756b914
TST_640b452a53df,DOC_8fbb248e895e DOC_ba1b606f0d4b DOC_2f1fedb178fb DOC_dfd3bf6b26c8 DOC_a267a800fd6f DOC_0ddc59abfb7a DOC_3cbc46970fd0 DOC_c68b41cc95ed DOC_f886e095fb24 DOC_9e23e41a1a83 DOC_3520a8e65e38 DOC_bd27f61a78b1
TST_6416352e69f3,DOC_9acc5b7fb914 DOC_e461b1fbb9c3 DOC_ce4f570ef4fd DOC_555bd1b21e44 DOC_cf47d7436e95 DOC_22f2a3f013ee DOC_1d23d68eef1a DOC_147af4e14665 DOC_0f71e1255faf DOC_07202255aea9 DOC_f41ee0ba91f9 DOC_1223044a7e5d
TST_65eef3c52fdf,DOC_b0971f7ad632 DOC_cf21d26bb5bd DOC_32a51c810d48 DOC_108464b6779c DOC_ec087d07ff7c DOC_46fe2ea31838 DOC_fc8de5805cc3 DOC_cfcea788083d DOC_930998fcf294 DOC_f07fff385644 DOC_24d90286e7d6 DOC_eb2a1eb76e8c
TST_666ddf513c85,DOC_336607d2e431 DOC_6a3c9d309e42 DOC_12ac82be489d DOC_a544586cd5b1 DOC_7a4de79d94e0 DOC_f194d43f039e DOC_ef6d680b57b0 DOC_f7c82617228b DOC_704abbd80180 DOC_3e82257fe294 DOC_02403007284b DOC_725661404c20
TST_6699c3e64c0d,DOC_1050f6ee4b20 DOC_9251c6a54f56 DOC_1864cff0ed86 DOC_04b870abd3ba DOC_71afc724a3bd DOC_04309c553d8d DOC_67da0c1d8066 DOC_1bd5df03b46b DOC_ee7ba5f3af3d DOC_bb0a7fec00c9 DOC_1e80602d196a DOC_4e63bb856cc8
TST_670f9910de8b,DOC_dcdb89bdb81b DOC_78cb95776ffd DOC_b0b3fa326c27 DOC_ec615b121a45 DOC_a945b4a2a25e DOC_1f7f3dbec55e DOC_7ddf5ae4b703 DOC_421eed70f6bd DOC_6fc3e7ccdd34 DOC_bfbe132baab0 DOC_4b7406226512 DOC_1a0774fcd35b
TST_68eeaa0a7345,DOC_33dc2188e0aa DOC_2bf29790aaa0 DOC_1cd8ed10e285 DOC_4fe1ef3b5659 DOC_122feeaf6002 DOC_752559f87d40 DOC_3d98301bb4cf DOC_722ffc34f2b2 DOC_dfb6e6f621c0 DOC_87061cba8b58 DOC_80a56fe20777 DOC_a55f57e25d66
TST_690c7fa28134,DOC_944b7a2d28ff DOC_1cb333f1a873 DOC_f0fc7694b6b0 DOC_7d22509157e1 DOC_9e54f2c32433 DOC_43a541763821 DOC_cdf7e7967a2a DOC_76c1f90305f7 DOC_d5d8b8a38256 DOC_478d0114aeb0 DOC_e90add91c5a0 DOC_732e6f5398bf
TST_6b5f90f63d1c,DOC_47c9b96af81a DOC_596c7b32a306 DOC_45affbc86b61 DOC_f59984ea45b1 DOC_34dc7c647c85 DOC_fbe224b9b1e5 DOC_d059ed064fce DOC_a82995bb761e DOC_5b47b5478ed5 DOC_de3ef6897110 DOC_23b75ae4f3a4 DOC_a0d2c321c76e
TST_6bf926a90c91,DOC_909973d736b4 DOC_bc867a0c0901 DOC_5c8c9c60d54a DOC_8615924cc25f DOC_8c3317f98bdf DOC_f50467b39bb7 DOC_3863fd44c1e4 DOC_655001e8e585 DOC_2e329fb6b02f DOC_31afcf2b4ecf DOC_20762ebb002f DOC_83f8e58bf4e2
TST_6c058aa51509,DOC_485deeee1cad DOC_23aa2c5115e2 DOC_2c5a133ca2a8 DOC_1a8c56246ea4 DOC_f0ce48a9547a DOC_ea9b3e3c63a4 DOC_510846c322cc DOC_d36be02c0328 DOC_ee788a00a282 DOC_be97771359cb DOC_5fc75fe1e0a3 DOC_ecf0e786241a
TST_6c2bfbac77b4,DOC_834b25da2802 DOC_3d79fe8ea940 DOC_9f8efed5a60c DOC_61af803f472b DOC_baae41239dc2 DOC_c9bf0ad30e42 DOC_d1415b4f589c DOC_ea3db73cbe56 DOC_542ee55d9713 DOC_ea83f579624c DOC_dbb006c03f15 DOC_1aef3bbafbd9
TST_6c74bffe2140,DOC_cc8b540212e5 DOC_63b2f60483b8 DOC_ab8737f23062 DOC_b05e3ba381af DOC_314ab1264bbb DOC_9d0e61e88ef0 DOC_71e5d24bb81b DOC_86418f48bf23 DOC_009aa5e79160 DOC_656790d52764 DOC_8c9257c95389 DOC_c09cf0fb2fa3
TST_6d362e98b0ed,DOC_d541880960b5 DOC_ca0a20fd7ffc DOC_f1fad20728d7 DOC_b8808992d02c DOC_bc0fe32bea3f DOC_563e3e498cb1 DOC_83551781cdfa DOC_26253d0bc95a DOC_6360a60f7bfe DOC_80a56fe20777 DOC_af557f7e64c4 DOC_e806ded5403f
TST_6d86b6d9ccd0,DOC_655c1c87cbbe DOC_264c17c9ff30 DOC_a6be593eb378 DOC_a11b36391c8d DOC_96331de58a7e DOC_7fea5d58ecbc DOC_c6b9a9596d9c DOC_6bd2a33520d0 DOC_84797926a20d DOC_30b64ce6ad2b DOC_616b9c51ff38 DOC_d8dfdeb00e75
TST_6da6c0c8f6f1,DOC_ac8d10674827 DOC_4dc3b2b8f7ff DOC_e94cf43a8434 DOC_be26e7d23f8d DOC_833f021ac364 DOC_48ae1820cba1 DOC_b76f7bbda440 DOC_3ca49172e708 DOC_e76b621e4d76 DOC_c1cbe74a995e DOC_a2ffc11fb082 DOC_6c24bb56b5ac
TST_6f28d50c4955,DOC_78b1260ebb1a DOC_a4e7f13b128f DOC_ab15eb92e7bd DOC_ae3dcb2f39fb DOC_7b6d11e6bc37 DOC_fd4f2a25ab1b DOC_4b567dcc7c6e DOC_aecb49a3e1a0 DOC_13a119779727 DOC_c45e22235135 DOC_e0ad59e733e5 DOC_aab674494e06
TST_6f2e92a8832a,DOC_dba368267c39 DOC_ec4087796d7d DOC_67da14098dab DOC_3f09a7d88e48 DOC_48a82003a5cc DOC_f242af521dc3 DOC_e860e6fb0aae DOC_42ccab64d892 DOC_061f875afded DOC_a85c8a9682dd DOC_e760bc55e3f1 DOC_971c43c381cc
TST_70298874348f,DOC_c028f710885b DOC_15372f94b39b DOC_0653f09ec304 DOC_b7a939af678c DOC_b07ffef94572 DOC_34578b6603d6 DOC_666131750c8e DOC_953f83fcfba5 DOC_3b35688091a8 DOC_74f41224e8ab DOC_02cf37fd071f DOC_406698cdabb4
TST_702bf25222f1,DOC_72909751d2d1 DOC_729d23f114f9 DOC_ec2434575c6a DOC_70cdf7d5a96f DOC_934cc71b93d2 DOC_d4fea5ef22b5 DOC_ad87b96fd38a DOC_6073454ebfb7 DOC_e3a75278d7de DOC_6d2b46288c50 DOC_ccdc823c7c37 DOC_8bb7f9f54d54
TST_7051e15a8498,DOC_dcfffd026899 DOC_4b630d94ab23 DOC_bcdb01cdc9de DOC_273de60824a5 DOC_fbbf6c442e20 DOC_2da67fc9b694 DOC_d0d043a73633 DOC_402e27234567 DOC_752cffdb5f1d DOC_bb8d28c4dbc3 DOC_06ccba3fe416 DOC_56df4b017d30
TST_70aebba4df9a,DOC_a2fbb2015f41 DOC_41c64f9dc7f9 DOC_c0d591a0be61 DOC_f81125fdf8f7 DOC_54606a44748f DOC_15027cf73b6c DOC_26d24b5e6c0e DOC_b06025a9402f DOC_0f96f741d560 DOC_8ea02d19bb52 DOC_bdb5300d57d4 DOC_f12567f0543a
TST_72bae5d9b5cc,DOC_29d4b3a1a7af DOC_c263c5251346 DOC_1e8f4c3962fc DOC_86b136464a34 DOC_66447a3e00bf DOC_e77239502440 DOC_88920746539e DOC_380c06757afa DOC_596379f14443 DOC_beb3c4102a19 DOC_41f701764704 DOC_4016efe752c3
TST_73a3c9f736a4,DOC_fd5628228cb4 DOC_a379dec9513c DOC_0ddfb37ce1cc DOC_508424cd5a00 DOC_55b904e870fb DOC_320bbc5c9415 DOC_f1856bb61458 DOC_72731782efac DOC_da8e8ee91e79 DOC_69f717e051a2 DOC_a51997952200 DOC_9724efdb78a0
TST_74d3beb8dd68,DOC_c546f096a4f2 DOC_6d6449861483 DOC_38ac87287905 DOC_16715b158679 DOC_e86a5f8c5582 DOC_52b866e3656f DOC_0876aa639a7e DOC_3609a8c5fe71 DOC_73039c8216f7 DOC_a47b47c04732 DOC_a9e7cfdae5ce DOC_5558972b1a26
TST_750c90514100,DOC_f8ff4029b08c DOC_ef144a9cba5a DOC_12a1803976f3 DOC_6b9a3cf35dcb DOC_81fe6d6130df DOC_f65c7c04089a DOC_71f0facd3e88 DOC_e4ac92be6ba1 DOC_f08b09a40600 DOC_018c2346cc30 DOC_57f26423bf97 DOC_51299d9ce0ed
TST_758a319ded86,DOC_1c4ae7c9a87e DOC_0c660add0f9b DOC_da1685173878 DOC_835859349ecb DOC_6a4b468a8e2b DOC_0adf7a520d34 DOC_57fa034488ca DOC_1417a4b5a3e0 DOC_de976bc53894 DOC_d8ff1728c6ee DOC_f44970080cd5 DOC_88c76d428e10
TST_7692ca9b2ab3,DOC_f0e423fc04a6 DOC_774d8273905b DOC_4e3737924edb DOC_d2bcd5f93418 DOC_722dd239dd5f DOC_e6446c732ef9 DOC_5843c3d8f852 DOC_593f2284f826 DOC_ee7bf65a0b4f DOC_6bf05862b395 DOC_0779efc5a5d3 DOC_b22a22346193
TST_76e788304d78,DOC_63d9edd2326f DOC_5d3409989ce2 DOC_6a2fdf28a048 DOC_c93032b6d94b DOC_1cba3e38ad95 DOC_a55887bc7084 DOC_b17dfbd87f8b DOC_7f8053c8b641 DOC_2060a54ec6e8 DOC_012029f73966 DOC_337953a9d5af DOC_feabef164aab
TST_76f93a408a54,DOC_b47269582019 DOC_2a3704a3695b DOC_e6ac657ec882 DOC_76b843787666 DOC_58345377b8aa DOC_e195be06e05a DOC_303e35772e59 DOC_f005557a5604 DOC_d24217f636ad DOC_d3e3e8150ae4 DOC_f471732342ae DOC_495371a74894
TST_772b63d8e6f1,DOC_bd06111536cd DOC_f42bf72e5dcc DOC_88c2d0993b4b DOC_181c5f3d8165 DOC_e90636552323 DOC_ca0dea070beb DOC_d2438dc15a6d DOC_b0ff269fc4ab DOC_918502bae168 DOC_aa87d3a31c81 DOC_e8e0bea39a28 DOC_70d283332d9b
TST_78063a0dec27,DOC_24706fc6b357 DOC_4af5581faa24 DOC_92a8a3f924a9 DOC_8bd70c525fe6 DOC_47ba803487da DOC_8c46369bc799 DOC_ec808b7dce8a DOC_9bc3ee348b43 DOC_cec074f19eff DOC_65029c62a301 DOC_bb5f70293c69 DOC_908ddd538bc3
TST_786ede6b3fd8,DOC_fd09b138be1c DOC_fbe175a3564f DOC_4d39d9812ab5 DOC_4a628fc73809 DOC_a6a0252c8234 DOC_9e14f11eda49 DOC_364699a7539d DOC_d5843a6ab225 DOC_22b0a5a16c4d DOC_b2194efcd45b DOC_7ebc1aa4f0e6 DOC_30644af2c437
TST_787db571977d,DOC_d22203c713f4 DOC_60f580a87f48 DOC_6a145bd5ecaf DOC_9c39ad9acedb DOC_d4dfe1aca757 DOC_2b2f767f8214 DOC_82b3e48fc42a DOC_5d2306a8806a DOC_fc5cef047d56 DOC_df1a8359436c DOC_8c3a4a073ccf DOC_2e228f7b1744
TST_793c6d45a4a8,DOC_3a3ea3fffb7b DOC_c541bc0fcceb DOC_ec74219a441d DOC_5cf1efa38ba8 DOC_4bdadbdf1c77 DOC_f2c19755727e DOC_e38c8e9e78e5 DOC_537e1622b777 DOC_dae2cecc4176 DOC_af52f71f92e9 DOC_5c935a433994 DOC_c0233fd08a27
TST_7abb95dcca55,DOC_fee036369304 DOC_a39074bf1b49 DOC_bb6b0b3c87ec DOC_a38b76980d9f DOC_d39ec283a9ea DOC_34f1ae85ffc1 DOC_24812ce75cac DOC_eb9101366dc8 DOC_95c1539c39f5 DOC_ae0c7de34837 DOC_7d2b378abb66 DOC_eb6dd930d194
TST_7b19e333957d,DOC_0db47d768091 DOC_4d0ad42a9663 DOC_1310a30593ab DOC_1cca08b200c0 DOC_fd62da1efed9 DOC_88f34c417caa DOC_d0db6b94b8f8 DOC_c67093c49b80 DOC_f6656cedbe98 DOC_4b0e1b48ec61 DOC_a9a698ded9f0 DOC_75f58b47f903
TST_7b270eb07d1a,DOC_ebe1f17f6c82 DOC_85cc33b1440c DOC_d496a1d94c44 DOC_325dee7a2bc7 DOC_c045924f6d46 DOC_cf8848ecce65 DOC_61b841a02f43 DOC_0865ffc6f9dc DOC_5dba288add96 DOC_059aebba3962 DOC_1c2d7363ba6b DOC_db074f2fa711
TST_7bf909529d78,DOC_047b5e7dfca7 DOC_a241388c0a72 DOC_5c970bf7d31f DOC_dacedf42b9b4 DOC_3f823d22db22 DOC_2b0d6a4e384a DOC_ac8dba070964 DOC_9e192f2387ca DOC_512891d12e40 DOC_e656c7e92fe2 DOC_21ad79ea6119 DOC_23bbd3f0e749
TST_7c005de2e18d,DOC_5a59e674cbe0 DOC_adbd1ff59d23 DOC_06eb50d6eea2 DOC_c2c6bc646922 DOC_882a17600db1 DOC_c8445ff754f7 DOC_c8e999da7957 DOC_ce9d1ca796b4 DOC_8b8ee48ed6a2 DOC_014991702476 DOC_cdc73fb50688 DOC_c042481f5de8
TST_7d462cb383aa,DOC_36c719441c6d DOC_086f8b676057 DOC_35cf2e8b7774 DOC_829f14651d03 DOC_0515943dfd07 DOC_f0a8fbaf2536 DOC_42114048c9cd DOC_20979891fb54 DOC_73be315eee83 DOC_877e462a53e0 DOC_23165cab568a DOC_2ebe2d77e125
TST_7ed57c9ce89c,DOC_d2d9a0ea823c DOC_cf4fd4cf20a7 DOC_06f88f07b094 DOC_17bcb8501707 DOC_3fe950f2668f DOC_19d1c03c2232 DOC_f1938d688e4a DOC_3d9a5349d0c1 DOC_25d5e781c85d DOC_3a98d8ca820c DOC_1c8164777d3a DOC_a3c4b8aeecf6
TST_80e59ebf2d38,DOC_cfed35a947b4 DOC_c675f7b0cee9 DOC_49f777f45906 DOC_eb473fd02129 DOC_7b939a403e50 DOC_2fd5215ebf92 DOC_f6a7f74f53b4 DOC_944c3d26f641 DOC_379b0b78f327 DOC_d9307dcd63f0 DOC_050a1a9233f7 DOC_badf4752c1d6
TST_811fb7ba9210,DOC_f63becf39743 DOC_98f23c2da374 DOC_ecb1f0502a55 DOC_4f0804b7a05c DOC_065966e475f1 DOC_3d2b6c31c15b DOC_f58430f58eb3 DOC_49c6a5474fa0 DOC_47eb3caae1a5 DOC_f38e276eb4be DOC_aa60f2fe3fd0 DOC_f8e08e7a4c60
TST_82f9dc815b93,DOC_f34b40a113d5 DOC_45ee3c9028b2 DOC_b47bad167602 DOC_9ceec0f6bc2d DOC_0bd60a22228e DOC_8df6e937f2d1 DOC_d30c51c850ee DOC_b620be8d985f DOC_fcff41eebfc4 DOC_ac46cbe6162d DOC_20b7e8be0df6 DOC_0290c1e822bd
TST_83ea41dcdc84,DOC_f446733a4f67 DOC_6c2d51ac39f9 DOC_3f9a85abe8c4 DOC_95a10a7ca393 DOC_9e8252ee79a1 DOC_551b64116b38 DOC_bfb29b94a24b DOC_9ad9b49a04d9 DOC_359ee880f225 DOC_4cb58bc08cbb DOC_0628a081e69c DOC_69a5074ce524
TST_84119d0da33e,DOC_1b6ae2490171 DOC_9cb9bac12123 DOC_e68c3e811ee1 DOC_367cfe212299 DOC_f6e6eaff2964 DOC_9c602f5f3676 DOC_21c9ea4f02dd DOC_ebeac1ac75ef DOC_f5394b5da81b DOC_08ac29a2869e DOC_608c14111790 DOC_4fa98766a55f
TST_8523a626fb0e,DOC_4f41265d8bc9 DOC_2f9c5ac8ee4d DOC_4a5ca66082f0 DOC_ecad5b1dc2ad DOC_7471dd5b0982 DOC_613bec235f39 DOC_c0b0822a2750 DOC_bb8c2d2f78af DOC_a2f67db95de3 DOC_3fc60c0ffbce DOC_36c509125b87 DOC_2562614014e0
TST_85af5036fa13,DOC_3b956014a860 DOC_28ce5d9de272 DOC_d900b5ec1830 DOC_16e693965560 DOC_2f3ba23c802a DOC_74242adaa638 DOC_3cee984720fc DOC_b86581fb5e6a DOC_51301aff7343 DOC_b963c5c93fcc DOC_5386f79183df DOC_486dd8a538d6
TST_8623646598e1,DOC_70f644abe01d DOC_36b57dfdb584 DOC_08e94982f410 DOC_0180914d19cb DOC_332d7f03793b DOC_39dc7ee467d0 DOC_7b4c48f4ed93 DOC_ae0c7de34837 DOC_8386070d6fc5 DOC_88a2784b47ce DOC_4608ba9949e0 DOC_732e6f5398bf
TST_867f6f6aeebd,DOC_b6e4b62a8a18 DOC_808c9af67e55 DOC_b668761616db DOC_981139c4e8a4 DOC_9af3fa14ba21 DOC_88070082458e DOC_086ba8912055 DOC_423465c36bd3 DOC_fae26694fb30 DOC_77060f78b9f9 DOC_1e5f5667e0c2 DOC_d98d2048b830
TST_86fa511c69c9,DOC_e9dea44641f5 DOC_3dbabf98ab33 DOC_cca97d27d68d DOC_c531b507672d DOC_5e7cad68b23d DOC_3e5060d37fdb DOC_6ec98262e748 DOC_d58b5e3e504d DOC_0788ddf3c201 DOC_ced6297fb028 DOC_03e46d8d0528 DOC_592ae57848a4
TST_87bdc86dc465,DOC_d31e43a593a4 DOC_0b5cb7928171 DOC_35153d5bacb5 DOC_d47d846eb8db DOC_533b3246c169 DOC_c2a0e84a9e17 DOC_85b0fa2c9aa9 DOC_155c865be71c DOC_fa0dc9ca5384 DOC_ec353474931d DOC_b0ef26db5f99 DOC_44fff853af59
TST_882f29510833,DOC_9f5160ee950b DOC_a181ce843d5a DOC_eda51caede2b DOC_f83f0809145b DOC_fb1a2c858892 DOC_a6a740c56398 DOC_6b83431c91d0 DOC_3bc5d3b553e9 DOC_45a40ba1aed6 DOC_7c55bf294233 DOC_5d1a45ca0ac3 DOC_b669d36aa97e
TST_8878ed340d98,DOC_f193c0accc20 DOC_bb26e30071cf DOC_93de2d0eb74b DOC_755a1d565ef2 DOC_603afaa0f80e DOC_cfd347c6b9cf DOC_5e3379235ac9 DOC_8df0ce15b9ee DOC_5bcdf66ed2e3 DOC_9affd8cf20d8 DOC_3068fe14424a DOC_32d5cc8b0b17
TST_89d1556b8f75,DOC_13a652ad443e DOC_3c2115801a9b DOC_973b4748f0e4 DOC_54064ffeedff DOC_367a382b714a DOC_ef8c4fd581dc DOC_41a52d00f2e6 DOC_18452859082f DOC_7b8811370ac8 DOC_873e04f02ad3 DOC_bbf06a8360f6 DOC_76b1681e146c
TST_8a2402d6aa65,DOC_b1fd66cc8fc4 DOC_340528e49e8e DOC_6637720c88f6 DOC_879049911646 DOC_35ac57c8940b DOC_26b50aedc1e2 DOC_96c4bb6f1c93 DOC_f87113ac6ea1 DOC_2709b5c05ece DOC_0d949a5ea6d9 DOC_1e33619e4451 DOC_23852d9f9cd0
TST_8a4618c802b6,DOC_ba31c15a3fed DOC_16853bdbeb02 DOC_3b274aada919 DOC_0038006b38b8 DOC_16e0a9ad67b8 DOC_497ebe8622d5 DOC_89845eebec84 DOC_88ce34945769 DOC_2b3c3eba48f2 DOC_103f571117b7 DOC_93c57ada1c17 DOC_3bb223fc8ad2
TST_8a4d17ed921b,DOC_40300aa9c694 DOC_e95d6560b7f3 DOC_e357d8418be8 DOC_6386265c1aff DOC_8aab2387557e DOC_8c9d581094ce DOC_bfd60481ecb7 DOC_fd9bd71b0f58 DOC_05d016ad01fa DOC_28c3aa84a293 DOC_770c65342a1d DOC_1e70570e1acc
TST_8b0f2a4da159,DOC_f3c7e2b390b5 DOC_aaabcc8d4010 DOC_624c21c46ab9 DOC_f062882766f1 DOC_43782b606dee DOC_c65cca8a2aa9 DOC_06c1f1d32d0c DOC_12a40e259c3d DOC_1f850a02516e DOC_dfab22b2c4ba DOC_590829cccee0 DOC_f57392007dce
TST_8bc9a4ea5130,DOC_2b6f027177db DOC_0e3951952400 DOC_d8f938953827 DOC_f7212283f421 DOC_1a2a9ce43bf3 DOC_f52468b20971 DOC_c2363bf70602 DOC_23f328012e4f DOC_f3970c1f5281 DOC_cbf63444f93b DOC_8f53f1b99b93 DOC_7369ee11c2c5
TST_8c7ada31876a,DOC_b2ccd597f163 DOC_5463159e0ebb DOC_4a10901b415a DOC_6accfc303edf DOC_7be1d386ad10 DOC_d18198cfa152 DOC_2c30e6e113b6 DOC_808779dab274 DOC_e49a11bf9e36 DOC_a0967e36d8a4 DOC_1b217d73c1b0 DOC_187e1c0e4eb0
TST_8e11a071b3c3,DOC_6af87888b56b DOC_81402d76e41f DOC_098e81bcbe6b DOC_d87c78b05692 DOC_98f50b146958 DOC_5ac75bdebd66 DOC_3134fc9f8f7e DOC_aab44d8a8468 DOC_71c998be506c DOC_37976ea32a58 DOC_abec183de42b DOC_ceaa80f5616f
TST_8e57261daceb,DOC_ce5c5a74f253 DOC_bcb0913a524d DOC_89b48823f928 DOC_bac991139226 DOC_741ad70910f7 DOC_702d30d637a1 DOC_8326071af6da DOC_fb5bfd9ad624 DOC_66c8845a7958 DOC_9ebd50544020 DOC_caed9f18688d DOC_1cd6a6617c8f
TST_8f76fc617130,DOC_9f40aed3a7c0 DOC_ef8ca0a72b19 DOC_c5a6d5a4bac5 DOC_33e50ccc006d DOC_3156d3f69ff4 DOC_b5853bac1523 DOC_2d7e03715b50 DOC_bb43e1d20d9c DOC_94aa44f199c5 DOC_8ea08c522ba1 DOC_fb175396280f DOC_cb0bcb02016c
TST_8fd74110cb6a,DOC_ddb70f0987cb DOC_7c7067d41ad3 DOC_2f6b90c33463 DOC_765740626917 DOC_735821f50744 DOC_866a7634103f DOC_3bf64aa94fa1 DOC_abb3cecf22ff DOC_54f736edf25d DOC_10f222201b56 DOC_641380ad1bca DOC_35034fa18452
TST_90bfee2eb240,DOC_f4b83803d76c DOC_5e29ae23b212 DOC_b11ef676dff9 DOC_f4b25b49819a DOC_458e6af7b070 DOC_ea1b57fafd43 DOC_85ed39f95fc5 DOC_a4643dcd49bb DOC_b0031ddaef7f DOC_4f3406c5913e DOC_6165d012ba53 DOC_7a33c2a8a534
TST_91e7d0142b90,DOC_b5b3df72ce95 DOC_8e6fcf31ce56 DOC_560aa6a668f3 DOC_c99d1a35cc0d DOC_b9f6e1402af1 DOC_93cd405ce50a DOC_f107f1db6807 DOC_8c63b53b6ec5 DOC_9f35665826c1 DOC_0bf3ccc15d67 DOC_451f3c6cc1a3 DOC_ac780b811908
TST_92b0c119f9fa,DOC_97f6ccf2753f DOC_93eb1d288870 DOC_b0aaf4d91c82 DOC_7ce358080b62 DOC_17283033ce53 DOC_492343307249 DOC_0b420e7b5a2c DOC_3fbd3bcc5895 DOC_c0a07610d5c1 DOC_78297e0b5d95 DOC_56b462e14fd8 DOC_ef74c4b63af7
TST_92b34e0cdf0e,DOC_f13ccba4b961 DOC_1304a887c75b DOC_5024605be564 DOC_b3de585ee340 DOC_2dfe83a31dcc DOC_549bc39228ad DOC_11e4955f1b7c DOC_669e42497b88 DOC_ce248167a88a DOC_946d01fbe8db DOC_ab80e88efb7d DOC_4548e5847a5c
TST_932ec59a71d4,DOC_98ccbf4bc38a DOC_ea93c795c70f DOC_fc69fb17743b DOC_48a21200d292 DOC_6e91f4282641 DOC_1f3c04c759ec DOC_c97e2705ff47 DOC_b47118ba9f96 DOC_7ae4e234cdeb DOC_00643369969d DOC_35c5011fbc6e DOC_4feed1a487cf
TST_936365875b27,DOC_0384ba7ccc11 DOC_c498076fca51 DOC_bf1696787f12 DOC_650d81cb3e8f DOC_25ed87094ffe DOC_2249caf6f562 DOC_caa1ebd34515 DOC_08831d8b35d5 DOC_8966d405d6f7 DOC_c2b47923cedb DOC_e76ef758f99f DOC_343b5e88861a
TST_9390c8153b54,DOC_56fff3587376 DOC_61448f5b871c DOC_2d49790702bd DOC_65e4a0e382b4 DOC_7d27cc21250b DOC_2bb2527ef695 DOC_a7c1dc223773 DOC_6a0042125722 DOC_d48d40fdc31d DOC_cdd6cd10bf8e DOC_adbd1ff59d23 DOC_1bf10165e086
TST_94afa336e6ce,DOC_f0af6e26e7ba DOC_be50d9ec6cfa DOC_c911d094cb38 DOC_035cfd151365 DOC_6392f590033b DOC_0421eb931579 DOC_711fa7b39d9c DOC_1e455e9bd15f DOC_a6a454d645bf DOC_96565e21afbc DOC_7dad5d5edae8 DOC_a9932df1cfcb
TST_95363341f57d,DOC_97401cdb266c DOC_d67b70535f35 DOC_5d79f9652c72 DOC_e22cc9e0492d DOC_32bae6ab5061 DOC_de74fdfc670b DOC_31c581b38ce6 DOC_086bd1f6d124 DOC_3209f61c6473 DOC_37327d6c6d79 DOC_5be341f0f7e6 DOC_1300044d1694
TST_9556b6500666,DOC_788e1efd7323 DOC_44eaf4676455 DOC_19a9921be165 DOC_3c570eb0aee9 DOC_8cb10b53416e DOC_daa89efec56d DOC_2ac0cfc6bd5e DOC_69ad489e213d DOC_0a1eebaa62fd DOC_f6d7fe5749c4 DOC_843375bfd28e DOC_ccccebc5238a
TST_96b5e787b28a,DOC_ad6f1756d93a DOC_853ea1ddf140 DOC_072130c55c73 DOC_37be14707bfd DOC_312dbb878490 DOC_ba96c6d8de4c DOC_bb364887fb05 DOC_9fddb2c4b413 DOC_c3c00be48a41 DOC_88f329d0d4ca DOC_06890872ec56 DOC_33eb5424f36a
TST_972308a28a77,DOC_1b3ede688449 DOC_6acf792a6f47 DOC_198a1faa0f42 DOC_7796c53139ab DOC_80a4e811f9f7 DOC_bf8ea983380b DOC_9253858428ec DOC_9919fc818575 DOC_b4d4bb451e64 DOC_8a25eb008725 DOC_abb87939f7a3 DOC_cf02676784b9
TST_979ea5e41aa2,DOC_7d16dfc9ecf9 DOC_96d509c209b1 DOC_396137b37096 DOC_bcf9f55636f1 DOC_e64329b08757 DOC_44f3a9710f1b DOC_a322fb4313e6 DOC_b73032b995e7 DOC_a203012e5cca DOC_a6ff59b8bb0c DOC_5a1ad7592dbb DOC_f4d94bb67519
TST_98e1d94a2301,DOC_98a0759f6ecf DOC_6137656c13b4 DOC_c7dba311bb94 DOC_d5191c3ca6fb DOC_6b7d05271bfc DOC_4f18734eec6f DOC_1833373052d2 DOC_6d73842a0411 DOC_94c8a90bf9b5 DOC_416e2b082acf DOC_4b156d49486a DOC_4289b2250fd9
TST_9953e49bef1d,DOC_1a490a97fdf7 DOC_46eda661f84f DOC_82c5d803de69 DOC_90058f7dcd57 DOC_0f4e1b0bd7a5 DOC_7c2e26438ab6 DOC_7cf6c633eb68 DOC_755ff26ba5c5 DOC_3379f46bb9b9 DOC_d363b12a8d98 DOC_c5ce5190c274 DOC_7c93d9f88d3c
TST_9a07097908d9,DOC_99afaa9b7083 DOC_67778479d204 DOC_a09741c9af49 DOC_f021fff79b85 DOC_03b587309f01 DOC_3e436d27e599 DOC_c476f49cb54e DOC_4dd218d23388 DOC_8750ba2f1045 DOC_2f9d342c8c1d DOC_3130590297d2 DOC_b57dfd44621f
TST_9bba8b7f0f58,DOC_79412290ca96 DOC_be3a78ebf1e9 DOC_24805dfa28d0 DOC_f871eaba4447 DOC_2e8b38472d60 DOC_243ceb8b5a32 DOC_7e45332f6428 DOC_19cf739eaf28 DOC_e1bb02aed67f DOC_6a7b2f9a38af DOC_9cbb64816d34 DOC_bb5dfaa440dd
TST_9bdc01a8e415,DOC_6ebeedcfe236 DOC_06c63cb221a1 DOC_31834a999b4a DOC_973e58900195 DOC_01d71ed1b8c4 DOC_7224f54d9991 DOC_7010da832974 DOC_a7496a09f3d2 DOC_030e7c3600ad DOC_5298b65b9aa5 DOC_38803ffd9d20 DOC_d6f90ca02c92
TST_9be758bc203f,DOC_74ca5f5325af DOC_3ab197d62765 DOC_650523574139 DOC_f92d5fcc941a DOC_cd9b06a1b5de DOC_f92b2a95a59e DOC_e1ebd764594d DOC_55c1d57ef7e1 DOC_467321af5f07 DOC_8508b97acb5f DOC_b5ed2a83b6f2 DOC_b74c1cb6d753
TST_9c86c50e5f4d,DOC_202e8709a0ac DOC_0010b91d71e1 DOC_b23a872e8fec DOC_d26a620cd67d DOC_67d999f31ece DOC_a3df0a47ee1e DOC_6c17ce91cae0 DOC_af3f3e587555 DOC_b1d8ab75337e DOC_a070a94677df DOC_87fb69d50a55 DOC_b526ecfef10f
TST_9d6d4abb200b,DOC_da534179f952 DOC_93d3e7b1b36b DOC_e21123fb5a3e DOC_991948184311 DOC_a1eb39172472 DOC_e54d00da78bb DOC_5eb50f3ad1ef DOC_a3da94d71eec DOC_629e657b0b0a DOC_e606da1cf5b9 DOC_1dcd8bb3dac8 DOC_708775b34e1b
TST_9df9f593fbf2,DOC_5fa2266da04f DOC_d162ae465ea1 DOC_e0aa6fb03366 DOC_64de755dab1e DOC_0aaa3d711e6c DOC_4262096ba479 DOC_138c64079960 DOC_6cf858cc7b2d DOC_422cf5cf14ef DOC_4418bc37a6f3 DOC_c3438700f9e4 DOC_5f63f06a7ad2
TST_9e6de730043f,DOC_3626506cd12c DOC_404ab706c8ff DOC_16712535a3fc DOC_1c3ed0fb51e3 DOC_d7bdd1b061c7 DOC_8c4b7993192b DOC_49f6d0344661 DOC_c5b95869ecd8 DOC_509007c6e990 DOC_ddf39d56412d DOC_d081b2814120 DOC_9bdab7a343ad
TST_9ebcd4e7d20c,DOC_1c782c4b3b28 DOC_5efb9e38481e DOC_c4d870d0f81e DOC_9194862a4fc2 DOC_99138adb8f94 DOC_5d8b0f8ed606 DOC_fec68bace5b2 DOC_34b3e10c8442 DOC_288ed748ea19 DOC_867bfb9778d1 DOC_902564e28a56 DOC_2f0f9ed7548f
TST_9ecdec585982,DOC_f000ae2b0c14 DOC_853ae4e810cf DOC_3754069dcb9c DOC_6033b64f2add DOC_71ea7a9a1311 DOC_b18ac213b49a DOC_2197177b220a DOC_50cbf77df440 DOC_6181a680855f DOC_ad878580d0eb DOC_7ae6149a8b01 DOC_7614a8011495
TST_a06376795bf4,DOC_994239e85c9a DOC_aee7153a463d DOC_74f4b9daf3ec DOC_18a969b3a78c DOC_59501543a583 DOC_038b4ec4f2d3 DOC_76d9dabe832f DOC_94377600d291 DOC_90b86d1a46c5 DOC_73ebd7762627 DOC_6011c6dadde6 DOC_35dcbda7fcc3
TST_a0a983916953,DOC_9feaa15384ce DOC_f670ad1a593d DOC_27047e51c762 DOC_368c31a3ed13 DOC_6bc70a9e4f4f DOC_e60eb94dc090 DOC_51e18b9ea97c DOC_b3398a7dc532 DOC_a16943bbf694 DOC_b07d2d77a8b4 DOC_ee3f5918f5c3 DOC_5ed661a083cd
TST_a0eb53e51f96,DOC_9e341b72d8bf DOC_c986d686d2d8 DOC_23690b2a5403 DOC_1d26d76a640c DOC_7f5de0280a32 DOC_3634709b39b9 DOC_6d7a0a029fa8 DOC_364bf0d2a8ff DOC_5320a89aca66 DOC_0bf83188e0b4 DOC_634b690084df DOC_7f387bc3c6b7
TST_a25ec31ee6ed,DOC_7724cfba1886 DOC_4d8a1ba9ded0 DOC_dc2c7af2af9f DOC_b87643b2df84 DOC_3be3b3432d56 DOC_4a8ce4069c46 DOC_888caa361207 DOC_f0ed5852e01b DOC_99679c2587fc DOC_4e72660e7779 DOC_993eb2f39f79 DOC_d62eefabf0e3
TST_a3d6b6f4ed3e,DOC_6651c331ff42 DOC_fc56c52ddf3c DOC_11f7b9770283 DOC_0c99bb1988e6 DOC_8d484ddec820 DOC_b2bd1b2a07d4 DOC_8d5a2f2fb93e DOC_5aaff574c035 DOC_e5f16111da49 DOC_fceb85e6d932 DOC_3ebd753c38b9 DOC_aa57754835b1
TST_a4138b205269,DOC_c3fd833e1a49 DOC_4a562682b4c6 DOC_c7273f91e84d DOC_6f818e5be113 DOC_8ab489c8c10b DOC_67e8fae2fa82 DOC_9dc972ff2ebd DOC_bf66af62e38f DOC_ebd6c8c54a1a DOC_649914da9c30 DOC_5814f4207bb1 DOC_99c523811563
TST_a45b5b54d0b3,DOC_c25b58b372fe DOC_ed234db5b8e0 DOC_2a709a3fb132 DOC_bc0a76be0089 DOC_15f0a871b304 DOC_e253bc321256 DOC_2fc90d395757 DOC_beb94768df92 DOC_66e7b2fce9bb DOC_b994cfeed3bf DOC_d47fe2001cf0 DOC_97825723944a
TST_a51657cb4f22,DOC_dfc63593d19a DOC_63ea9020a1d4 DOC_561e51dbcf33 DOC_c62d32f825f5 DOC_cbc02c08d42f DOC_5115cc893915 DOC_65830f434057 DOC_56b5e70b3f4c DOC_f6a7a341f2be DOC_2f808a6b26b3 DOC_80578b75f1c4 DOC_24b9e03b3398
TST_a53a544ef523,DOC_d3f86e17e94a DOC_9449d0965399 DOC_891a576ddaa4 DOC_578050f2c49b DOC_7161113dfc8f DOC_ec5a334def90 DOC_e50aea2c4950 DOC_6b49f3e88d2d DOC_b6412ebd4d02 DOC_999d8bfcc61c DOC_f27e8f884c6c DOC_921939cb2099
TST_a5975135e0ef,DOC_1625659d9461 DOC_7136bbc0f27c DOC_246d89930d0b DOC_c67a164200ab DOC_c185fa5f7d39 DOC_23dcff7e82af DOC_cf5161e41259 DOC_f96137bbd926 DOC_badddfea1934 DOC_03fcd64b7ca3 DOC_b43b499f8f60 DOC_bf1d70012516
TST_a69826b2cedb,DOC_7fd3a9c7e73f DOC_e8d277ba9714 DOC_5a4f887bccbe DOC_dbb5a6c622c0 DOC_3ace18580bd2 DOC_dd1de7b0950b DOC_8929555b692d DOC_ad588b945ee6 DOC_29ce2912d310 DOC_537deb952252 DOC_d31091941ee2 DOC_4e1f9fa501b0
TST_a7381be38ff8,DOC_441ae886d873 DOC_8b77e4d8f549 DOC_9df5408b370a DOC_8efd95d3cbe4 DOC_feee6dcfc4f3 DOC_de8f9ed5d7ae DOC_eff798fd0db3 DOC_eb44fa7be167 DOC_0a7e0bacb385 DOC_6e65eab2e55b DOC_ddad255d0480 DOC_c0cf67c5f068
TST_a7a74b141ee8,DOC_d01f8bcfe421 DOC_bdf7093b8abb DOC_004c5efd5272 DOC_31131d249952 DOC_77d13a2ecfae DOC_6854a392804f DOC_eeef1fd32ee3 DOC_27c83049d539 DOC_0110469335ac DOC_3d57fe198ecd DOC_f4985565f023 DOC_f464465652fa
TST_a85ad5aff961,DOC_d149904da0fa DOC_e93dc2171f53 DOC_c14396ca83f4 DOC_6a04c46b8880 DOC_b3d027713183 DOC_73abf07a9212 DOC_2e9887a8d265 DOC_7d981b934d89 DOC_d818888a5113 DOC_f62c7770762a DOC_8febe164d5a0 DOC_0f75a9fe8de8
TST_a94da50f079b,DOC_aa4ddef28766 DOC_895893e1558a DOC_785205cf5447 DOC_46735810bda6 DOC_cdd9b28a7378 DOC_0bab2e333575 DOC_052f9832f39e DOC_e4c1e775fa04 DOC_7b40b3e1c566 DOC_e042d76d5d52 DOC_f121adac43c3 DOC_076bed53aac3
TST_a99a1045d254,DOC_1e56f660f75d DOC_c0251f32ab63 DOC_c54521f79bfd DOC_ea54e6dc01ef DOC_75ac53f6f5ca DOC_e245701b8ec3 DOC_f2a20f0e3030 DOC_73c62d537067 DOC_9bdb72058a29 DOC_820a1a8de536 DOC_161d5e030300 DOC_fb2935acc7b4
TST_a9eeec65bd96,DOC_cd3db175d80c DOC_365f3fe30a83 DOC_5699808db068 DOC_83e30c0ade5b DOC_b466dc0c38e0 DOC_d6641e3844e1 DOC_01b1fc47f042 DOC_185d4ac35dbc DOC_4faf0bbbea42 DOC_65f2db013bf9 DOC_f39133e75f0c DOC_4696134499d4
TST_aa2b5459a292,DOC_900157315389 DOC_ee970ffaa25b DOC_6af3923b91d9 DOC_b8c598319cda DOC_4b932abc3b44 DOC_9d0f6bc780c6 DOC_215f6ceaa7c7 DOC_b87fa9cc6bf5 DOC_953eccf33cc2 DOC_6daa276cdd62 DOC_ce5db7b60a72 DOC_4b1c72b3cd84
TST_aa7dd7f8d655,DOC_c4e56afa9a37 DOC_61f2b584619a DOC_7ad5beb70509 DOC_7d5036dbcdd4 DOC_8caeb9d78cb1 DOC_d8af18c7ab29 DOC_85523d218b75 DOC_834b6c99cc03 DOC_18444d632ff6 DOC_7dcc54ea5374 DOC_ce66eb7a609b DOC_eb627762da0d
TST_ab3fe1a0407b,DOC_d0e06d4c1725 DOC_dd7b24c0193b DOC_406b8baa7fc5 DOC_85133232bab8 DOC_39b8e6e8f356 DOC_18f9fc5774f5 DOC_f9cc7ce2f1c5 DOC_73cd7044c96d DOC_1efbd99aa377 DOC_224f616fe8d7 DOC_9b0ac0e6dd6b DOC_c8c213fc16d8
TST_abc06889ae0b,DOC_7afe226e6f35 DOC_1832fac29697 DOC_da75dd23bb76 DOC_aee72ec06482 DOC_004ba88664d3 DOC_c60485af854a DOC_954eb325429e DOC_90f1be4f4698 DOC_fbdf97e92af0 DOC_d69ad7ca77d2 DOC_dab90fa14aba DOC_3fd55de0c94d
TST_ad8c3cba5cc9,DOC_5be77464cb7c DOC_46a852e231af DOC_c8b0411f5056 DOC_ec4a4a1a1945 DOC_be81ed279571 DOC_34a1c14c8359 DOC_2183518a5684 DOC_a87a289c745b DOC_c76049d4b578 DOC_3d6bbdf8f513 DOC_054f8171372e DOC_732e6f5398bf
TST_ae29c9369a2a,DOC_c188d1449687 DOC_087b19a247f4 DOC_3bb6498d9703 DOC_9718473ae675 DOC_511d0b607bf5 DOC_33d08e96f79c DOC_c199cc8e9fb7 DOC_0b18b1a1cf05 DOC_662dd2825bab DOC_70aa02f65a58 DOC_2e34e0abfb87 DOC_5def5e079cbf
TST_ae9367f5328a,DOC_8f82b7bef887 DOC_bfa297cfa832 DOC_700665276df7 DOC_2e4d5369f057 DOC_450962a69ac9 DOC_bad89e9c3073 DOC_13449f0594ab DOC_a923ad655bf7 DOC_3846c3ce08e4 DOC_71ae70574e75 DOC_227cfc2a72e2 DOC_de5ffec6ed2f
TST_aee99a032f4b,DOC_9118c7c306f2 DOC_0168dc1d16b1 DOC_196960527b2f DOC_956c15662d3c DOC_5558a864aa95 DOC_692f61565065 DOC_700ae1cb054d DOC_83c1f32c888b DOC_ece7d273534d DOC_87182c889af5 DOC_b74eb3e5aadc DOC_696a2f0f1f6f
TST_af015f7aa729,DOC_d357d2664c50 DOC_43f24dd9b157 DOC_cd2fe9778da5 DOC_26c87747ff69 DOC_f98c578997ea DOC_8fbb9ac29ade DOC_dd874cb59606 DOC_5af6f1484d04 DOC_75adf392ccdd DOC_1e84a85e9edf DOC_2a81eb35822e DOC_c3c3fa215f7c
TST_afd4939de916,DOC_371f9beff414 DOC_b60d6e17a4cc DOC_a7806cd25ed7 DOC_37eac62f1ce2 DOC_10e4c68caed8 DOC_989a32789efd DOC_262b9c118eaa DOC_86e653bf1c84 DOC_9b1a7795e938 DOC_1b9bec7be912 DOC_69e5024fceb2 DOC_539156408f0c
TST_b188ca59531f,DOC_535fa33e117a DOC_524d91e5128d DOC_48bd54e0bb94 DOC_dff8a1662d28 DOC_c1d5959a7372 DOC_02c7e1a4df32 DOC_cdf4a73f0258 DOC_2b97387173ca DOC_71f0aafa7d96 DOC_74ff5b46a657 DOC_865cbb2be061 DOC_3579dedf94da
TST_b2466a3ae802,DOC_de6204cc08b8 DOC_9826d2bf9546 DOC_5958cb304668 DOC_9022da752d5f DOC_22ce9befabbb DOC_d19a7d43042c DOC_203e29086135 DOC_6435b6eda491 DOC_40da9f08dcee DOC_2ee65ab717e5 DOC_598475e18342 DOC_f50e62466a50
TST_b2e20a3445c0,DOC_65d955d9b9c7 DOC_4d5ad24ffb22 DOC_d4dfaea34013 DOC_c16894011e73 DOC_ea89743e2067 DOC_414f5658c66e DOC_323e6bb395d9 DOC_f33cc134347b DOC_833e2ba6b355 DOC_bc7b0c203147 DOC_68fd5be19483 DOC_01b16ec78407
TST_b31d317e477a,DOC_da5e9a9f8424 DOC_cc792faf5b2d DOC_c1e52a26aa5f DOC_fe3d93421739 DOC_d894024e610e DOC_80e02a5b7ee8 DOC_e2ce2ef9e4b7 DOC_faf576bcf0ad DOC_a66403e54e36 DOC_4d3eebe763ea DOC_09635116e82b DOC_e2ff415b8c56
TST_b5e0019f3e4f,DOC_4b5c5f362254 DOC_3a594eb7f3f4 DOC_7426a944fa38 DOC_ac09cccb0581 DOC_8de0ee39211e DOC_1608b2b54ae4 DOC_85c4c55b7bae DOC_22250e273800 DOC_efa984e963e7 DOC_688ebfe97232 DOC_a0c5f42af7c5 DOC_f1edc4c22e6b
TST_b7088d014dcb,DOC_9874a116d5e7 DOC_20786d597a4b DOC_08f64f6bd3ce DOC_f2334835ca64 DOC_999f72892168 DOC_c31511c5f9e4 DOC_d8dd369ecd36 DOC_1d37ac653638 DOC_34bf9acda6f1 DOC_9b1ebe85ef82 DOC_05a4b78f0179 DOC_12d73d9d0f47
TST_b81a3aaa9b9d,DOC_d37c28a087c8 DOC_75c7e5e9de7c DOC_703863992614 DOC_fb93b358dddd DOC_cca43d503744 DOC_70c905547857 DOC_b7991fbde3ff DOC_19e75635959d DOC_a0eb781fe039 DOC_f3a610f3119e DOC_5e4dc86bf2a5 DOC_0457efcea28a
TST_b877372b6f9c,DOC_b3306d5044b8 DOC_6b557e97647d DOC_4f93935cfaec DOC_224552129808 DOC_796f8dfd1357 DOC_d8dca7bcac9c DOC_8e34b5540f4e DOC_c77763edf358 DOC_8f73003e070f DOC_31a407b66fc2 DOC_ae61b91e44ec DOC_17740cfe2c57
TST_b9e5c1c84d57,DOC_e1c63721b6b6 DOC_0cfe0e76fa53 DOC_098586cd98b0 DOC_24bb4f0e0d30 DOC_f25a550a3857 DOC_4d0703f4a972 DOC_72c97aaee467 DOC_69bf8d561523 DOC_d6befdd466cb DOC_e8dffbd6f54c DOC_891a97d7bb3a DOC_d6c78799fcee
TST_bad467bfd192,DOC_72a6f55b6d64 DOC_7a6053e1ebd6 DOC_5b760de1e63f DOC_00bfeeae7ba8 DOC_9895d353c839 DOC_3a5a7e17efe9 DOC_12144ed4f2f9 DOC_123fdbbc5aaf DOC_44c891ca17a9 DOC_736b239aea36 DOC_b3cd0b3a42f7 DOC_b1fe6c18c3aa
TST_bb2b93005d4f,DOC_c4b997cd62cf DOC_0214c48a657b DOC_decf66bb7886 DOC_610e34a75848 DOC_ad424025d950 DOC_37a850ea471b DOC_c8dca47e5bb2 DOC_27884de97a4f DOC_e4117b43c25b DOC_05a9ddc0dc07 DOC_43f204a52fc9 DOC_60bf79cf4278
TST_bc01905f39a3,DOC_66895b125e57 DOC_3c05790d5891 DOC_6994f76b62a1 DOC_4a610f7020d5 DOC_49c33abe2f3a DOC_1a78934e5f5b DOC_e7e7628c1fe0 DOC_87aaf7fa5f0e DOC_fd40b52a8e8b DOC_323d7b614e3a DOC_fff78c031470 DOC_42fb3c8cad07
TST_bc10aca87976,DOC_38ec2a2b9dbb DOC_1b590ab5a6d1 DOC_adfe66bb3688 DOC_ef875ac0e96f DOC_aa47f62e6480 DOC_ae69c07df1df DOC_fc64dee8724a DOC_f297f49afc86 DOC_cd00b5ab80dd DOC_323738a32574 DOC_23d918c5c904 DOC_9270e5a21c8b
TST_bcfa084471e6,DOC_7b01c6e5475d DOC_835a261ce599 DOC_7fd3a9c7e73f DOC_b71616c3d815 DOC_bb02045fa283 DOC_263f4da232e5 DOC_d321db2b0add DOC_80a1d24ff4d3 DOC_47ef6275b107 DOC_a1de2364d5a7 DOC_1fd265da2e88 DOC_c3e958598a4d
TST_bd1844913c3a,DOC_d19b53d1438b DOC_21cb79722279 DOC_143da264b422 DOC_b666fad57039 DOC_7b18b28918af DOC_2b2140f0d55a DOC_e952a4c8291c DOC_f1c77d206ac7 DOC_b1cd5b4c0996 DOC_f07addf413ec DOC_c337d47e3f05 DOC_3e741a8e3f01
TST_bf75334048b4,DOC_9dee071a72c8 DOC_3037755b4903 DOC_7eddc07198ec DOC_b2042b86d29f DOC_af669984e839 DOC_eff52276b6c2 DOC_1f4a2a95c6d2 DOC_6b7d435c828e DOC_4e406833b0b9 DOC_1901d881b3bf DOC_ef0ba3baf4f6 DOC_52e0a2294d6b
TST_bff6c8a2b076,DOC_c444549a9492 DOC_017f260c2d66 DOC_827e2d13da00 DOC_098b266aa73c DOC_c63bfc62a7f9 DOC_70fd3a9ecd58 DOC_7ff46ef2f89f DOC_e2cabdd45ffa DOC_3ca86eaf1c29 DOC_d34acb541380 DOC_f7755a1f87e6 DOC_b1769b6618a5
TST_bff823ace0df,DOC_a9f34d15e34a DOC_16d07f0317b9 DOC_cebaaa3e79a1 DOC_92afc2330a48 DOC_e3a6c2f6f941 DOC_34d6d6f2c5ec DOC_8a14bf0528a0 DOC_5433816447e6 DOC_9a801866a2f0 DOC_e997faef85d3 DOC_e583c0a6e77f DOC_00ca86d873ad
TST_c03bfacb8d92,DOC_c887d6c29406 DOC_0c11bbdb955a DOC_1fad1228f926 DOC_10190f7307fd DOC_8c8fa5f89519 DOC_509007c6e990 DOC_ba24829fbdcb DOC_c5b95869ecd8 DOC_63afebc28afc DOC_690d955f1777 DOC_bc480417f1d4 DOC_a5a4d37013fe
TST_c1253de6e329,DOC_e34f51278ca1 DOC_ca913d3ed1b3 DOC_c3f7e0ee4302 DOC_82075b7e8d88 DOC_58d33310cddb DOC_80cf6b000995 DOC_90c32ca09d4a DOC_af3da1761dfc DOC_2e0a2024e034 DOC_6b5678604e35 DOC_461ff2287ea3 DOC_6c7007c73f19
TST_c1cde6114c48,DOC_18eb1c17bcff DOC_44f661d467e0 DOC_c52f68dde4db DOC_0d8b0c4fe91d DOC_7bc88789655b DOC_92909034d481 DOC_7a87831682e3 DOC_8182b8fd0b7a DOC_39a2c893bc80 DOC_37d5b4c6f0d1 DOC_8d5fe0a96973 DOC_09838987440a
TST_c1d1a5813d6a,DOC_afeedb44b89a DOC_3183ec1093f7 DOC_2914fd45db8a DOC_d132f2aeab7d DOC_c62d3a18c051 DOC_1d8874325015 DOC_1493f1f0f306 DOC_739852cab380 DOC_9094ffaaf147 DOC_18411bddb0cc DOC_63a183e48b32 DOC_1865a69f2c65
TST_c21976683489,DOC_78071a88bd39 DOC_dd3d3fcd8cf0 DOC_dd89d2a5165f DOC_2193afde195e DOC_9497ff5ae43c DOC_cc94864edac2 DOC_f730ca1a09e6 DOC_fb4abe4fe3cc DOC_873aaa2bb0e0 DOC_3c8d041ff609 DOC_a3c66169e069 DOC_75cd46cc242e
TST_c2d483ca1d21,DOC_a121e8137492 DOC_5cc959e8fbe8 DOC_f7ff64d9be5f DOC_1f07cf42bfaa DOC_7435dd2700f0 DOC_b6b69d1464b7 DOC_0fce5f8a5de9 DOC_1f759268c125 DOC_6318a9461c9c DOC_544ba5a40596 DOC_aaab349434d4 DOC_05fa71821021
TST_c30306acae1e,DOC_9d6cfe3bbfc5 DOC_494cd0fa271b DOC_460f2bee3f06 DOC_47e65742ffdb DOC_99527ec6d0ea DOC_21099a1cf93f DOC_e1efd45da853 DOC_fe46d65ce3f4 DOC_b1473df2763c DOC_a23c11ec483c DOC_ec3a17083017 DOC_e31f560a7e75
TST_c334bb6c8033,DOC_36d82bed05ba DOC_a81b631aa156 DOC_e0439725e2ba DOC_2112e4264105 DOC_072ba5b3dc40 DOC_ef690c5374b4 DOC_49005f62a976 DOC_91f38c40f491 DOC_d0ddfe595fca DOC_bee2acd9dcc9 DOC_1b76b1890970 DOC_7c991694afd9
TST_c55d296f27b4,DOC_ee68950a60db DOC_0b5d5dab8215 DOC_eded734416e5 DOC_d000f6009e52 DOC_3c7e9369430f DOC_ea5ccefcacf4 DOC_dc778f5e2f05 DOC_4658bc60eb57 DOC_5caacdcc2560 DOC_2e95e24c2a74 DOC_2b93211cf130 DOC_0f878c0c8856
TST_c58f144b7f1f,DOC_f4cc25e2ef04 DOC_82278ccb6b33 DOC_1f552f543375 DOC_a947b3bfe9d9 DOC_89e47a5c71f2 DOC_a5a9df4ca7aa DOC_28d11a5b2108 DOC_064dfa6d58ec DOC_6be05cbd3ac0 DOC_530b584fde30 DOC_4778425db4bc DOC_bad6c379cf73
TST_c592c441336f,DOC_fdb7833da4cc DOC_031c3072d8cc DOC_40758e7eb8be DOC_6c3dcb12d888 DOC_f1acfef72646 DOC_5cf4966b1931 DOC_a21f1422b37c DOC_5383f358f093 DOC_04a2c27b45b4 DOC_d195b6b91ccd DOC_078bed8c0147 DOC_02135aed6cdb
TST_c5bc23ebbd1b,DOC_62e00ea2555b DOC_947fd6e84047 DOC_ad7b64bc8d44 DOC_da5a537ab5b8 DOC_8b1deb76aaa6 DOC_6ad0b7b02547 DOC_0c5ec66d237b DOC_926338428289 DOC_fc4a9a032b2c DOC_c502cb861ac2 DOC_b8359191c61a DOC_527dc528a24d
TST_c6533b777237,DOC_ae02f7251057 DOC_b997a3826741 DOC_59e5c769d2de DOC_76febd406cb1 DOC_704cb05523cd DOC_1c251dd76da8 DOC_1f3b6a3e8df2 DOC_49f91dc0e255 DOC_37582f6523c2 DOC_73e972d06aa6 DOC_4fba16e7188e DOC_5e725e46aa37
TST_c6b295f198e9,DOC_71244425f00d DOC_968136f5e0d2 DOC_33aefd685011 DOC_9e542f9175c4 DOC_cc03e8c8736e DOC_20841c0a72bd DOC_2b24e6652515 DOC_4dc99ec47f70 DOC_132c250490e4 DOC_6b8cf847274c DOC_0ab0a528656c DOC_1a353c882814
TST_c6ef1a7e1c5d,DOC_ff3849b983ba DOC_2d2e17243a91 DOC_91b8b03fb110 DOC_ebf7f6fd4ac5 DOC_e46712696121 DOC_cac66ac9f5c0 DOC_271d840d3760 DOC_7e5cbb05796f DOC_12d406dd8060 DOC_7c4695cf10e7 DOC_88bec10d523c DOC_961ef35f2b3a
TST_c74d4ace5696,DOC_567988d3758c DOC_a0148bbb4b47 DOC_bcdea8920517 DOC_62dd56f15c6b DOC_0044c9ac2892 DOC_9d0173be9495 DOC_1657e2d3b989 DOC_91aa1543132a DOC_02a588e5829e DOC_3091115461ae DOC_7c097dbe4fbb DOC_981ce57fdb44
TST_c78d860369a5,DOC_5af30f3e06af DOC_5b2f17fe881d DOC_155114bc65bd DOC_d7daee6f9977 DOC_59238ebd4490 DOC_bcbedacfd07c DOC_6aa0dc3a7d50 DOC_ce5121ddc85b DOC_ab7cebf656d1 DOC_9bc13db6c198 DOC_b3fdb1df2653 DOC_252d81ed0215
TST_c79f0145c98c,DOC_05d554351c4e DOC_10933ccbc2a9 DOC_90641d47c4ee DOC_9beeeb9af9dd DOC_1f993511bcc6 DOC_2c926dd57d77 DOC_229f15d796a7 DOC_991ee893ea88 DOC_40e3c5d0b44d DOC_2dd2400471bc DOC_3a9af29c377a DOC_dcba61b5b2cc
TST_c848e5946b29,DOC_3f5fe83cd26d DOC_1d38bbb096f7 DOC_a7c437790675 DOC_6cc8c82dda62 DOC_321b42c7b8e7 DOC_59472a295df4 DOC_ff9e188ec3dd DOC_65250bdb166d DOC_0d933e1b317d DOC_5939cc386a4e DOC_8168e7a45efd DOC_c7f346282fd2
TST_c86d96d1f05e,DOC_46c4ed072e38 DOC_3f562355e869 DOC_5dafb4e61c83 DOC_0472e5f38d95 DOC_e43239725eb6 DOC_f9686dac99fc DOC_18f1f89d6328 DOC_98c7b3f60153 DOC_b7b16603b718 DOC_3aa2aec2addd DOC_4c67a9efb70b DOC_4bbfe1de438b
TST_c9153a9f08e5,DOC_4b989bdd4517 DOC_374fb27fe8f0 DOC_3b7c7278c2aa DOC_a4d25ddee756 DOC_fadac3c5d8bc DOC_dd0dab40447e DOC_9bbca34076b9 DOC_2fb342758024 DOC_d11041dc0c46 DOC_6622ffbdb1d9 DOC_99e9bab21d5c DOC_8aba23d18541
TST_c99ec43c3cfa,DOC_65b690c01473 DOC_d37ee0ec7ef3 DOC_33c1913d28ff DOC_c79bdf83ce9f DOC_4b85e3706b88 DOC_833267772cc0 DOC_ebed8a383880 DOC_58c0d8d5c124 DOC_b9470692ff17 DOC_bf3b4cd73d94 DOC_21bd53468313 DOC_d5eb60c700f8
TST_cba592ffaf72,DOC_e3f7de1985b9 DOC_e82d19965db8 DOC_f6669c5f4b22 DOC_e772ddafa759 DOC_92c50b8965df DOC_42d7279883a8 DOC_cd4491b7a717 DOC_4e1c921b4525 DOC_d3e6d29ba262 DOC_0a5a711f9110 DOC_ba6a574517b4 DOC_084dcd452a73
TST_cbd5c1f91405,DOC_a97074870302 DOC_aa88bbfbb11b DOC_8a02d324f806 DOC_971953325528 DOC_18a1e6699eab DOC_4b372bcab344 DOC_3167d946766b DOC_d53002bfa0bc DOC_8446575ad83e DOC_256f86d351d7 DOC_1837974a53f5 DOC_7f208a721e87
TST_cc7959a501d3,DOC_5864a6b3755f DOC_4f53d0d3c64e DOC_4b15b3a6b366 DOC_d65a10dee23e DOC_5bf5515fa01c DOC_fb1ba6759e58 DOC_c2e0a043e8b1 DOC_74e566b0354a DOC_c53fb2a62494 DOC_5c01f1584af2 DOC_c26ac0bae1ca DOC_290b05ce83ae
TST_cd9227b3cbbc,DOC_dd5c74291535 DOC_bd59eccd7156 DOC_2227ee944452 DOC_3d81f91b17e2 DOC_f8ba5453bdcf DOC_64f2283584ac DOC_839a5da7775d DOC_c2f6f4025a5f DOC_5e5346762d25 DOC_28b1015913f1 DOC_a6d9577ade59 DOC_728d4643a77c
TST_cdaf4449b5e5,DOC_70be572cf0b4 DOC_4a7735b595e8 DOC_af38786f39b4 DOC_82f7d7f36f7f DOC_520d69cf52f5 DOC_e9417f8b8e87 DOC_b133df22a4f3 DOC_fdbbf9ab2dbd DOC_3dd1d435cce8 DOC_bc4126fda18c DOC_e5e4af67cdf9 DOC_623a5839e41b
TST_cde03ee296ac,DOC_c08bf43ff986 DOC_656d3d7de584 DOC_de3c15424edd DOC_4d2a0db8a000 DOC_0756296f39b2 DOC_e886b1759470 DOC_253554c8f67e DOC_1d541432f77e DOC_8623290d8d83 DOC_566a41b1c6c9 DOC_1a576de8cdd2 DOC_1120d5121614
TST_cde79dec7490,DOC_4ab5308e9a85 DOC_32ef41e86665 DOC_b34f0a1829bf DOC_6b649c50f07f DOC_ff9d77be1028 DOC_e12e045647ff DOC_39148d0e8c19 DOC_27a5a639432d DOC_9519126ca7bb DOC_078a4a205420 DOC_19d0488394df DOC_dab9f62233a8
TST_ce3eef02484b,DOC_8ede0698e53f DOC_8d485e1099c3 DOC_9ce34564a640 DOC_88bf856f0dd8 DOC_d05fbe9c3471 DOC_f79364cac44c DOC_632bb339f3eb DOC_95cda2527362 DOC_914c1aae46c2 DOC_1063ceb02df9 DOC_84f7668e9e85 DOC_721d757750fe
TST_ce939c9fe235,DOC_c4be453d8986 DOC_44838a545c05 DOC_229d8f777623 DOC_24029944390d DOC_299a4949e819 DOC_0c6abf185f0d DOC_eb712e2fb0bc DOC_a183fc454539 DOC_1ad51b853048 DOC_f3eca027511e DOC_627d9eaa87d8 DOC_dcc3436dbd1e
TST_cf0a8e2c0080,DOC_8ab60b6d8737 DOC_76472e2b7265 DOC_824fa5c85bad DOC_250fcdc02304 DOC_5d898830417f DOC_56637efe6b85 DOC_264607ba1dc9 DOC_c869c67a6871 DOC_af9a7a148a4f DOC_6275e891db36 DOC_f262d229c1ca DOC_9889466ea3ea
TST_cffc56462692,DOC_5ca81981f78a DOC_f7f5e12b28a4 DOC_4f21681652ea DOC_da8cd691ff40 DOC_ea1bfe8406ea DOC_b2d2c6a1032a DOC_e486b8d345dd DOC_3d71c6fa7073 DOC_2306d98f6771 DOC_a387063f0ec3 DOC_c943d38f1d09 DOC_e10108fc5600
TST_d0ac70d1c629,DOC_32a3889e306c DOC_6bdf73b5ba33 DOC_a0251cef101d DOC_730c0e8268a7 DOC_535d1f30d5a2 DOC_8615b7c915a5 DOC_6f96ca152fa1 DOC_316bbd4540fd DOC_2a218bb4c10f DOC_283fefb3f0a6 DOC_7fb635a64ad6 DOC_694095cdeb84
TST_d0cf9b1cec89,DOC_554fda2111a9 DOC_d8a75b84b3d2 DOC_1e0f43bc7602 DOC_55020302e905 DOC_77c15d4f63d9 DOC_f37a06dea766 DOC_1a543d61e7df DOC_c80f3193f964 DOC_7bffef3e61af DOC_39130e138bec DOC_91600696fb95 DOC_ccb28cddc230
TST_d227cfb82588,DOC_9f5d2dc39f76 DOC_1741fb140115 DOC_a280d966bdbd DOC_e3bfeb2886dc DOC_de829e86ae22 DOC_f393d0f8e7f8 DOC_a024cafab95b DOC_d8d89c3ab5c2 DOC_e81650e9b8e1 DOC_715590ddbc04 DOC_1de13778c19c DOC_025d02b7e9b1
TST_d2330870ff65,DOC_c873f1754fc4 DOC_8b9a478a61e0 DOC_1ef17b605c8a DOC_15a46d6965f3 DOC_e108bcb530d5 DOC_829a58ee71e9 DOC_3da1f164e260 DOC_dc9873884612 DOC_7ab0ae78b83c DOC_88c40e97f54c DOC_2207ea3f4fe8 DOC_652987c0ff45
TST_d2609685c9f4,DOC_a484ba58e3e3 DOC_5a57ac4588fc DOC_8a247c2a490d DOC_f12dd11e2e58 DOC_af69021bf4c6 DOC_f79dba4876d3 DOC_88b846dbf790 DOC_c90bd0b677c5 DOC_6f481c7eed4c DOC_693c0c247111 DOC_6e00ec7b7cf9 DOC_cd5769783052
TST_d266439ce20e,DOC_d7e0669e21c7 DOC_dd5e596d9134 DOC_cb36901da50c DOC_02db4eb20b32 DOC_aa6375961dda DOC_8c3997d53e20 DOC_149af83ec479 DOC_3533f18a3d8b DOC_afce586c613f DOC_c810ec097618 DOC_a18ec37e7e65 DOC_a2f96bfcef1e
TST_d2bc16a680c0,DOC_b8a422342ac1 DOC_b33e2bad91f3 DOC_15724cc41710 DOC_be65e79a19bc DOC_79951df53177 DOC_14d66f87f07d DOC_fdfa08589957 DOC_d898bf8713fd DOC_f5915ebf94a4 DOC_5509bc6953bb DOC_1ca5b54d4877 DOC_f12ff2393ea7
TST_d311c408b51c,DOC_36430373179a DOC_2f7287370ef9 DOC_71f75863ec08 DOC_8fd1fbc0daa7 DOC_f12483f77716 DOC_31952a5bc666 DOC_1513b264e17e DOC_15d13f56bd57 DOC_46520a92412a DOC_c36b7ffed617 DOC_090652b9a389 DOC_800bdcb8d71b
TST_d3455544cd7a,DOC_8ca8bd8139e8 DOC_632b414a851c DOC_89c7b6cac7a0 DOC_eea1693f59f4 DOC_474a06ee0dd1 DOC_1b101b3fa764 DOC_db908b476f8a DOC_cdb2552a80b5 DOC_64c9075b3de0 DOC_1a5ec1ba45c7 DOC_4246b905ecf4 DOC_fdcd288579e7
TST_d37887e4a846,DOC_7973208f183e DOC_1b0e30552cbc DOC_e59f4a5d8bc9 DOC_4bf73f563ef0 DOC_6e82c32aa96b DOC_f7d24c3937fe DOC_5780a49be4f3 DOC_b2cf5b60d2c1 DOC_da86305d96bd DOC_2e1bd17c4c7f DOC_49c42252d2ae DOC_f82a0b31772b
TST_d3d4e2f5d564,DOC_ac2636a66aea DOC_9d4d4ea6ff23 DOC_579c8e6bae5a DOC_b692105620ca DOC_a429adbb70c5 DOC_8c85ca1d746a DOC_d6fe2db8c259 DOC_443141eca372 DOC_9ea5d2ae7b0a DOC_115fbfc76bad DOC_d0711089eb8a DOC_a815f4fd1db6
TST_d48150ddac6c,DOC_54c57a0db5d7 DOC_13aeed1d1f3a DOC_8b09e21911d2 DOC_67a0dc8f60e9 DOC_e48a6f12f275 DOC_ba244b61e244 DOC_4752e7a1b3bb DOC_b7a2784203bd DOC_82d50fc03a41 DOC_e4bda3d87c5a DOC_edf14430f3cd DOC_825af581c496
TST_d4c65e41d75c,DOC_a0a170554637 DOC_cf519ba9fa6e DOC_b545e350a792 DOC_fadf4c0fbf20 DOC_480233478365 DOC_4717ab30e738 DOC_e0d5d2bcccfa DOC_bb61b20064c8 DOC_2c082edb0f6c DOC_bde635b80684 DOC_b6e24a8c7c02 DOC_b831aa18fe66
TST_d6a25491dc12,DOC_8661b5d5375c DOC_0598e39bc81f DOC_f027f4ff4a59 DOC_5ff9b57c9edc DOC_9fa923f70214 DOC_d56bd38ab3d0 DOC_cdc281b29e72 DOC_b5026f168990 DOC_cfd7698d897d DOC_54db1ff31142 DOC_a9a8b0fae419 DOC_8f5906ae2c16
TST_d6a38582fff0,DOC_6a649b72cda9 DOC_1787d3986b2f DOC_e44d0af14a75 DOC_80ac6deb7b03 DOC_8f951fe096de DOC_6a2d64724e84 DOC_d6ff643db5c6 DOC_500558913728 DOC_fdc37d03efa4 DOC_cd61a52e5bb8 DOC_432849a8bcca DOC_77ee3eccc6be
TST_d6baf64cdee6,DOC_aa36817c0c95 DOC_61a126fbf415 DOC_a18f9021e3be DOC_f19843510e39 DOC_b7228de74c60 DOC_2c8d5d8720bd DOC_281573e2495f DOC_7843fd30703e DOC_1c4a8c2d8740 DOC_9e9702f09d79 DOC_19ae2b8fdb7a DOC_66dee8aa087f
TST_d76626e258a9,DOC_0b329fa369f2 DOC_100964d94fc3 DOC_05c9b659254a DOC_3646af7f73f3 DOC_41cc02d567eb DOC_b3d8b96798b4 DOC_55f3e560f18f DOC_05581afdbc0e DOC_61adf178292e DOC_3090632491a3 DOC_0ada3f864b14 DOC_0fde37972e58
TST_d7977f509550,DOC_dfa839652b91 DOC_87b9bf9e8b23 DOC_78a1ddb04613 DOC_3203c3e93087 DOC_33730eca61ba DOC_cced7f483dc4 DOC_de172afe9aba DOC_78c97c4399b0 DOC_6fb720752344 DOC_a7b63f98f21c DOC_8639401ae055 DOC_80f2cc9ba0ca
TST_d7d2b0466ac8,DOC_2b57717e5f37 DOC_018cfc33cb0e DOC_b1730ba190d3 DOC_70c7b271bc2e DOC_902d4966d8b0 DOC_2833fb46b238 DOC_4c69a934d47a DOC_5ea64ca6fe77 DOC_7c56fa41f675 DOC_47c783b4cc45 DOC_a868fbf20eaf DOC_cb43177dd9b5
TST_d80bf87b99ed,DOC_c28609f6f1f0 DOC_a89aa65d7381 DOC_9599c5b3b9f7 DOC_94dfc09b89b3 DOC_571b7c6f94ab DOC_0112277e9908 DOC_a032a20b2c08 DOC_fd1d6c773265 DOC_53fabd9c7fd5 DOC_212de99ad863 DOC_55f407b9c881 DOC_486a077a390b
TST_d937205833ff,DOC_c3e2d14507a9 DOC_756d652e32a3 DOC_2e491a1d43e3 DOC_d3d185dc9233 DOC_65f4d98f6755 DOC_2923dc399614 DOC_39f192cdecf1 DOC_c34992ff01fe DOC_be3d9ecc9069 DOC_165c6810ac5a DOC_572f4b1fc8c0 DOC_2c53f1180fce
TST_d942569ce508,DOC_8258f0eace5c DOC_8411a0d53609 DOC_e75b3ddc1d34 DOC_b6dd3a000a70 DOC_7cc95496d327 DOC_8601576c52a9 DOC_8ce14e5673c2 DOC_6a1575235f6d DOC_3284751922bb DOC_d0b2fb233c44 DOC_923f143891fc DOC_5f9ab4134dde
TST_d9b0d18aece4,DOC_912204967bed DOC_910bcdf94215 DOC_29726743ceda DOC_1fac76514109 DOC_63b719940fc3 DOC_37520493449f DOC_4fb163f6e1e7 DOC_d335c8c8808c DOC_d318d6a18476 DOC_ba14b337aab4 DOC_99bbd8c8ede2 DOC_e0339273fca9
TST_da2dd5d0aee6,DOC_a0368e7a5e93 DOC_564ee9ef51d4 DOC_bccb756ea78d DOC_3a1e0f69b9c1 DOC_805ae4dc06b0 DOC_2a7f33ab198a DOC_1fe90168b73d DOC_2f8995f1dca6 DOC_611e98847c3f DOC_e80a31507a8e DOC_aeec32366a33 DOC_2c4d2f4215f1
TST_da90c1771e4b,DOC_8e7e7792958e DOC_135f46924d4d DOC_3e21931c3abc DOC_3e9ad87446e8 DOC_b6e00cff1fdd DOC_dc91b1aa056a DOC_d13acf053875 DOC_c4b21375da8c DOC_7d9b5be21824 DOC_8f7932026e01 DOC_3d96a8c01f53 DOC_2c5889a99403
TST_daa823db8c28,DOC_c4108ab4eef0 DOC_af8d42526aa3 DOC_6a7a3ab8b559 DOC_2a0066e99f12 DOC_a70dfb0222e3 DOC_cc5ec171aa71 DOC_b77d38da4f08 DOC_f316179f485e DOC_a3f42bb0142f DOC_7b52ebd65edd DOC_138b5a5a4f2f DOC_1105d188dbbc
TST_db14473bd816,DOC_1416e4147d86 DOC_9c4189850d09 DOC_c88e7cb2fcf3 DOC_7be1a4a470f5 DOC_774a868d8668 DOC_7b83f9b5e13a DOC_f4d2824cc377 DOC_f4fbaa53eb96 DOC_46b921565df5 DOC_a138b2671da3 DOC_b380e956e624 DOC_bee633a2d158
TST_db3fe0bfe995,DOC_57889877aa30 DOC_7aa442de926b DOC_0d4b88d94bd4 DOC_def292f3c982 DOC_96393ac2cd56 DOC_d0a37d3920c7 DOC_8336059a73b5 DOC_8f150840ecad DOC_d0d0c0e0a19f DOC_b74453c2538d DOC_170bf1c86b59 DOC_2bb458022a14
TST_db6b8157f11c,DOC_1a492c0fdfef DOC_366bc5274543 DOC_8891be5228d1 DOC_106b249c04b2 DOC_d8c708f76d6c DOC_aa78a5223408 DOC_8be96d3a4862 DOC_af149bb01f0d DOC_5f26b89669c2 DOC_ccde6baff67e DOC_191b1a6e3de9 DOC_8e930150c44e
TST_dc7c493315a5,DOC_7d0954dbfd7d DOC_4f5012a3e073 DOC_09e94ca45658 DOC_8cacf3557545 DOC_d3375849936a DOC_fdd81d564cbe DOC_0a9d896a7a9c DOC_12ed70213949 DOC_5e2c146a4198 DOC_5b9dca38e9d0 DOC_03a558617d14 DOC_d6a7f7424d16
TST_dccc14b94973,DOC_50de59526ab2 DOC_30a1631a22d0 DOC_50dfeaccc28f DOC_37ce7ace7468 DOC_6e061befbd1d DOC_0a8098d2d6dc DOC_549cc57ba746 DOC_7c7d3f573601 DOC_21aa4e5c60ac DOC_08ee7a4e541d DOC_341eca92d8b4 DOC_2e0eb5d6ecc3
TST_dda6bc98baab,DOC_cdc521de8b64 DOC_7c3e0ed7f78c DOC_903f27539902 DOC_071b15a6d8b6 DOC_f539d4ef6995 DOC_5363d4b07696 DOC_702f234bf15c DOC_1bd943fdc4f9 DOC_da54cca6d947 DOC_2415cc924b29 DOC_96ad7f3e52f1 DOC_9d7bd98c52d0
TST_de86c163be94,DOC_720edddab373 DOC_d2d71382d74e DOC_5ea237887230 DOC_5893240ed447 DOC_2d1a1234ddd8 DOC_0ee7074198af DOC_396f0fa28cb2 DOC_a21b3429c4a2 DOC_681a3a123d0a DOC_662d6b87e9db DOC_ff502d9c63df DOC_d433a0e887e1
TST_e0716fdbe63e,DOC_e9579244f1d4 DOC_1514f5bd644e DOC_923c300e3f6d DOC_cf28332f72b5 DOC_8e470ac2db90 DOC_84e934fe6e7c DOC_508a15dfec3c DOC_67c5ecf87011 DOC_bfdc7afc383d DOC_57ff57a21251 DOC_19b9d8f987d7 DOC_f272603c76d9
TST_e186aa4b6af0,DOC_bf18fbdafab1 DOC_da1eecec8583 DOC_826a7c71fe27 DOC_77a285135339 DOC_cd77a1549fd4 DOC_52e39a52a968 DOC_f12d21378621 DOC_55aec0745dee DOC_b726a0e62ddc DOC_1fc14c6b23d2 DOC_04109e352255 DOC_dec1fe8484eb
TST_e2121194e0b6,DOC_1e6e04ccc8c3 DOC_34d6f8460125 DOC_aaaee62d3a58 DOC_cfc0a206dca9 DOC_ed37434d15ff DOC_0322b3ce3a56 DOC_63334a77ec9f DOC_fcd310ecb931 DOC_405b9653f8ca DOC_fac0825e6198 DOC_903ff05eb9e3 DOC_2ab113aa611b
TST_e215ba1f6701,DOC_fe48dcad9a49 DOC_f79f73e9c98f DOC_08920a0037e7 DOC_cdd59a49b7ec DOC_5d61a43ad51b DOC_fd52262ec776 DOC_131a2ee491a8 DOC_10a462f07e09 DOC_60fd0f670842 DOC_e171520b9853 DOC_98a13c40f06c DOC_8ad187226972
TST_e29711dc02eb,DOC_824f38cce6cb DOC_0619584e0ff3 DOC_faecf0c95d53 DOC_dfbd4745a7ef DOC_ea29990eb888 DOC_1b4bb2c983e0 DOC_fc435ce73278 DOC_c65902e73fcf DOC_9235c4e359a0 DOC_c5dbc5a6d05c DOC_2123c974fa45 DOC_ff58fddde70a
TST_e335faaea70a,DOC_5cac93ea47fa DOC_10b2953157c2 DOC_6a0dc201527f DOC_0ef8c853050f DOC_194d63a6215c DOC_406a960d1c32 DOC_e7a3ef24cad3 DOC_61a25b28a604 DOC_9df59be144a6 DOC_d50a4865634d DOC_8a6e74415d79 DOC_daadb00b5563
TST_e35bdfe4fc65,DOC_27896bde8cd9 DOC_72239f6f7c27 DOC_b6da94bdb19f DOC_7fd3adea36b1 DOC_fd3b5dda9ac2 DOC_d1282128eec0 DOC_8c26046ac11f DOC_e19e4def19dd DOC_11da64e3960e DOC_2e81e5f57acf DOC_3a0f3076e478 DOC_3590504a5b25
TST_e3bfaf8f85aa,DOC_ac88779f504c DOC_c5e80b910216 DOC_8661bd305df6 DOC_65e0c7045f5c DOC_4e7978604089 DOC_a2122e6e9667 DOC_19bbeade6f95 DOC_1811788bf3aa DOC_5926f3842b23 DOC_3ba4602e48a3 DOC_a28f9f74b9a0 DOC_b01c5ad67e7d
TST_e3f7af5aacfc,DOC_49b9a2064b82 DOC_a95b31ba2381 DOC_5261be18314d DOC_1a32c2c1ca91 DOC_f5e2d4384036 DOC_0d6d789ade3f DOC_07bd69feab93 DOC_e33e65509fe6 DOC_7cd110ff659c DOC_14d99551b699 DOC_e791bf7332c0 DOC_29394135c1c0
TST_e4a3b052abe0,DOC_a35093e8bc0f DOC_1d2de1ff633f DOC_4fff72f24935 DOC_db499bfdac23 DOC_7528584bba40 DOC_9f0ab7583c11 DOC_a433ca998da3 DOC_376a3c45e334 DOC_598f8bcedbff DOC_5558f2f87cc6 DOC_65b247f82343 DOC_3e59582d9a6f
TST_e4df9ffc58b7,DOC_b5a5f02aace8 DOC_fc2be19a5465 DOC_b1e0d782fb67 DOC_8e07d2a23549 DOC_5a07364b2ddc DOC_c89d5518af29 DOC_9a497db2ba07 DOC_cf4e8826d425 DOC_215894b62c56 DOC_42450c3e250d DOC_639f8f4b701b DOC_6dc63e1ee3c7
TST_e585556444db,DOC_cfd965e20f7a DOC_23c3f9d992c5 DOC_35d6c6461257 DOC_de03eee3805a DOC_29e9afb95a65 DOC_9df7b9a322db DOC_4b3de9e753f1 DOC_abb89ee19a34 DOC_a4c8badc221a DOC_e857ca2b64dc DOC_8c3317f98bdf DOC_6c8bd8ef2dfc
TST_e58de8fc7e07,DOC_49c21bd5e38d DOC_6a1b46084e11 DOC_e967dd3a47b0 DOC_f3835434bc2e DOC_f47fd70587e6 DOC_42161bd1218d DOC_bef8358954af DOC_2d1ac3594efb DOC_814c7abdd863 DOC_1f3d2d3711bd DOC_e5dbaca7006e DOC_76aa3c537678
TST_e60249387362,DOC_d627df5ba10f DOC_9ca46ff17d42 DOC_25aa789c384f DOC_eb03b4b799b2 DOC_8bd8489202a5 DOC_4a1ece80bc21 DOC_264f25f11590 DOC_16c3933524b6 DOC_01d427ea0cf8 DOC_bfa908979008 DOC_c6584b5cc00f DOC_3d8fd61d4bb4
TST_e730195bd521,DOC_62804ba1f5c0 DOC_b3cdad8d2613 DOC_9a14cc1a0699 DOC_189a775564be DOC_c4e7b9358f93 DOC_7a93d9fa1748 DOC_6f3df1388fd4 DOC_3ce3f2bd9ecf DOC_2f7ad9c6ffd5 DOC_31dc3635b1cb DOC_87603151c27a DOC_35a82764b5c3
TST_e76b055ae871,DOC_75f7c41bbb28 DOC_89915cb004a7 DOC_bb263199a65b DOC_b87c4b367964 DOC_5f9bc22f6dc4 DOC_2e02f8c62694 DOC_870ddc53a5b8 DOC_67fa0221a39f DOC_63c3beab8f4c DOC_48e34cec9ba3 DOC_87e2ac7580ba DOC_a75637878519
TST_e826a43c727a,DOC_f9a45576092b DOC_0d877814d787 DOC_513927904484 DOC_8762786a8510 DOC_4b57c83ed109 DOC_a47ef1878a59 DOC_8e20409da5ba DOC_54fe656f9882 DOC_9fe1b52d5cfa DOC_54f096159764 DOC_b67e92f86e62 DOC_8505ee0b090b
TST_e8b93d214d8c,DOC_49aede72e2ac DOC_d5918acd7336 DOC_05a36e1a5189 DOC_9cd7a7caa650 DOC_00e93c518cc3 DOC_838f4953ab53 DOC_2a0ef995d47e DOC_e9cff76d01df DOC_24b770a15885 DOC_1a248f13fca4 DOC_ae0cd84bdbde DOC_92f4bea7fa64
TST_e949238a65d8,DOC_a2acca2d917f DOC_8f3ba18c8974 DOC_fbf8ee0fdbe5 DOC_4750e2a2878e DOC_a9053a66b044 DOC_d20aca504307 DOC_c7f1d214289a DOC_a17bcbb62f92 DOC_9453f5d23bd7 DOC_5271b98c240f DOC_9327632662e3 DOC_6a1c42f563ee
TST_ea08e78fbc15,DOC_a365ffb1ca7b DOC_6028ff36e7b4 DOC_f5b0b9dc951c DOC_7c0eb1a513bf DOC_7e0d117633f5 DOC_72b73fbe1ce6 DOC_184b1245fbca DOC_f2c00700d2e6 DOC_3e29c00deb1c DOC_89ff420ede73 DOC_47055d44e9d6 DOC_709eb05ce6e9
TST_ea672abddc1c,DOC_35ad9e67282e DOC_96b361d3d947 DOC_9a4da98c2f0f DOC_e06a1c331a79 DOC_56153e49a0f7 DOC_95756d72a748 DOC_977571eb2f5c DOC_aec0c0377ba1 DOC_b35999b82fc8 DOC_0c187e0adafa DOC_face8b7b329c DOC_31491cd0cbd6
TST_eae932b9b8ab,DOC_e6a6dc392343 DOC_7f49f2777d23 DOC_903888503017 DOC_4d0fa0cca378 DOC_3068e4c19719 DOC_a54789a11027 DOC_0f5228849196 DOC_127306efbb8f DOC_bb6a80645ba6 DOC_b87ffd3ae105 DOC_36eb2cdb32b9 DOC_f62e103dbd3d
TST_ed081974af82,DOC_55eea8de4f69 DOC_ad75bc96098a DOC_bde7ee185a78 DOC_01ed2a149fd5 DOC_5f91fa6459b2 DOC_ab2789a5ec0c DOC_6675ae49b364 DOC_b714a146b0d4 DOC_c4c5a3b507ff DOC_63c29077226d DOC_604a62ff22c3 DOC_40a8a00cbea9
TST_ed406a2212a1,DOC_0cc54cd4018c DOC_b7f8bf381a71 DOC_06c4fff1632e DOC_4d18b9debba1 DOC_bbf1608ab113 DOC_aa977fa847f1 DOC_873d80a1ef8c DOC_f88eb21b97f1 DOC_33582e53b4f5 DOC_010f05332ace DOC_1025a7a2ac43 DOC_a57980f4bbd0
TST_ed8a5d9ddd04,DOC_3305627f0c08 DOC_f8c05114b330 DOC_e8612a3adb02 DOC_52b05c36f9f1 DOC_9fa7e3459a56 DOC_aef5604505d9 DOC_d627abd72f87 DOC_95deb711acec DOC_ee7a3c60fb25 DOC_523ce3900284 DOC_b67b599521a3 DOC_03f5f0503b44
TST_ede1192a643e,DOC_b90581bbe0c7 DOC_4997a267657c DOC_847dfcd444bb DOC_21c649f84dc0 DOC_9da46f7adabe DOC_49cfcb1d9d0f DOC_4304028ff287 DOC_01291308b288 DOC_13d340e6b883 DOC_ae7d970a6c40 DOC_d47a97fa6aea DOC_a124681ef7ef
TST_ee4326eb825c,DOC_b664588b500e DOC_74df018480e2 DOC_884c8d4bd726 DOC_90e13062919d DOC_b5b433283e87 DOC_1cb72450dcbb DOC_cc4122a53e57 DOC_b9e678c688e5 DOC_1f820cda5a13 DOC_68956df840c6 DOC_7fab9c425192 DOC_dbf2f29f55da
TST_ef0c73904de3,DOC_5ca70c076809 DOC_35d51b02b76b DOC_158a51ea0a28 DOC_0962630beee6 DOC_c892e6bd2547 DOC_3e4b7ec16ea8 DOC_c92df1c2a6b0 DOC_1a4217ebf0b2 DOC_c3c78fbac310 DOC_b613754a4f0e DOC_73b23e22ec72 DOC_a300608e1025
TST_ef73d1cc00bf,DOC_baecb9ad7a12 DOC_c05710623b98 DOC_e538004287cf DOC_adae3e062ace DOC_4a315a9a9ca6 DOC_856b8c7e0b37 DOC_0cc6abfe283d DOC_0cc65b97bf73 DOC_045eda7f52b3 DOC_5009a9009598 DOC_cceda2c0b44c DOC_2727f18918d0
TST_efd3d8c5ce27,DOC_71fa06a84795 DOC_cbccc7bc49e4 DOC_61dbcfc5ad8f DOC_08718974d0ad DOC_8db82f402494 DOC_b95846d96136 DOC_ee246498afdd DOC_3f7b7516e200 DOC_11a4f9929a0c DOC_de1e8912a727 DOC_5d781ca4a3ec DOC_aa8d1810889c
TST_f0294389a0af,DOC_4512b5b5ab10 DOC_4b73ac78793a DOC_714053e0f542 DOC_0957d916ad3d DOC_5c3af6ed42d6 DOC_cca97d27d68d DOC_cc2d537dd681 DOC_7f20f7b2e430 DOC_679f7691d8a4 DOC_66d6ab8fb967 DOC_1d4bd829d30d DOC_1a7e4b72ca82
TST_f05c35f8b3b3,DOC_af4c679e77b3 DOC_90f2b0262054 DOC_d9a7e20f955f DOC_58432455aeb9 DOC_e6c8b8536fc6 DOC_2eec619c4485 DOC_4e3da599e759 DOC_53ec82c48e49 DOC_23790fe0eb06 DOC_f36cd63efcce DOC_ec6e0812c273 DOC_54a151564111
TST_f0fca4b3736b,DOC_4727b6b00231 DOC_d7930b9dd437 DOC_3454e67aae20 DOC_25dcb6a37647 DOC_2c5a9649dce9 DOC_0e89210395db DOC_e97b96e35c3f DOC_e90b482b6409 DOC_90a9ef1d7103 DOC_1977029bce8e DOC_046946d7b063 DOC_80ac79a81714
TST_f0feb875f114,DOC_56d9a2cb49b1 DOC_97e301cc2f51 DOC_52eb7820b7cf DOC_b5877a8007cc DOC_0bbd9c223554 DOC_1e5a2737897a DOC_8df68b08c27f DOC_8f7a499f6836 DOC_7048f97dcf1b DOC_8576bd8b6a9a DOC_f22f51c9a242 DOC_d6779f4d8d1b
TST_f1c8c428df1b,DOC_b5e0f254aeff DOC_863809b66f20 DOC_16aec67bc85a DOC_c2e42d8d6625 DOC_b9fe36e37919 DOC_60b932845d24 DOC_5ef3285f831d DOC_e62318f1c3b4 DOC_f8ff4029b08c DOC_7bbe1467080f DOC_ea1293658656 DOC_a0654858e5d4
TST_f1f7a311c957,DOC_6bdfdf092a48 DOC_d5e37c798c2e DOC_5cdce89605ed DOC_240a14324c5f DOC_213c558650d0 DOC_ebd2cb025205 DOC_08e6a0033ca5 DOC_47ab2811a480 DOC_50c3d6e8286f DOC_b55d5cefb003 DOC_b54ccabc9412 DOC_c4739059f093
TST_f30d3abcd66d,DOC_06cf67149195 DOC_4c11a8cdb46e DOC_3f6ce5a14231 DOC_57c5b8641bff DOC_1cc0dbf7c3b1 DOC_19351d8a6ce8 DOC_2b15aceebe96 DOC_47392fde2e33 DOC_ac1fd7041183 DOC_df249f11f7df DOC_1c7263258854 DOC_91c68c9501c2
TST_f36000b3abfe,DOC_1f10e957fe9b DOC_91d8df53872c DOC_d29167df61de DOC_9537e56f5428 DOC_e025e87fe7e1 DOC_f4328afd7688 DOC_cfc5221ab89e DOC_07d502b5a23f DOC_24caa2c5a875 DOC_17c6a9e8aff0 DOC_910875b7b65b DOC_f90880c82d13
TST_f61092a70629,DOC_6380ea172333 DOC_b36acd7f2561 DOC_80ceec81d46b DOC_b32d474f6b68 DOC_b56efbb091ae DOC_167f98f6fcd3 DOC_acbcd631e7e7 DOC_f2e13c654ce0 DOC_46066c8ba053 DOC_4c8ab490a325 DOC_37385985ecb9 DOC_504fd07f81dc
TST_f69b53d71933,DOC_3426416547bf DOC_31f2080dc138 DOC_8da5f3e00979 DOC_1af93b52e89c DOC_5d10f3d58a64 DOC_97a0c1e5d8d7 DOC_f67876379866 DOC_df616806c367 DOC_b2bc180d1751 DOC_aaf0772266f8 DOC_d571d55e6559 DOC_19bb9922bf62
TST_f7c51be3615d,DOC_e01042d05c53 DOC_76821b8b9d36 DOC_6a4158d1194a DOC_7d1a83f7181e DOC_22f661d7e4e4 DOC_3e366b1fceba DOC_ab0fa53daaa2 DOC_21a6eb0a233d DOC_aee5b06d2dda DOC_a2dd18b86ff9 DOC_12f058ac807c DOC_8094128b5815
TST_f88d6baac0f8,DOC_77ed129b62c5 DOC_ec0cba2ae01f DOC_ad7343f85e42 DOC_7d8d3a5fa172 DOC_cc23103f3aec DOC_3bee9ac486c5 DOC_24fcc0bdedb8 DOC_141a0e28918d DOC_18c6757f33b6 DOC_fe9d6b10eb18 DOC_aa3841ce2caa DOC_bd4ad8e7a22a
TST_f8fd9c055230,DOC_1080a66bd58f DOC_4fdc42e7e568 DOC_77c9db5c28b5 DOC_74b89dbf3f1e DOC_315fc52c818f DOC_97656e6fd0e1 DOC_f854fb533c5e DOC_9f07b45be13a DOC_d2a8a860b8f6 DOC_7773f63b6d1b DOC_e1bd3b4fd32e DOC_a7e782b763e8
TST_f934d87ba6b2,DOC_182b4964c637 DOC_7e88e75518a4 DOC_89948f03761f DOC_0240452f4190 DOC_544291aab7af DOC_c62909232ca5 DOC_65d348b945ae DOC_55c4fcd93fe6 DOC_5c58cc539df5 DOC_7e0ccf830ff5 DOC_c6eb782ff0b6 DOC_6210f5b7c1d3
TST_fa1b98ab520e,DOC_fc5c62b05ef2 DOC_b34e73c1d5ff DOC_6b4ca28ddecb DOC_c7b0a8be0751 DOC_6c0b95320015 DOC_ab20602ac97f DOC_bc424a277878 DOC_cc21989f3f6f DOC_3baafcd28ae5 DOC_7f45572b35a6 DOC_f9622eb74f40 DOC_f7dc7944e8a9
TST_fa2a93821de9,DOC_15a0e69cd469 DOC_c551ad2dddbb DOC_8ed429acbf6d DOC_72428c2a2cf3 DOC_eebe08edac47 DOC_0220aeec6a1e DOC_4345c9d27af7 DOC_1b3c3a16517d DOC_f89a9e7156e7 DOC_1469b1fc7c53 DOC_d8db6a5b1cef DOC_ce006b463196
TST_fa7257532f1e,DOC_97aa3a97e7fa DOC_e0a26564e171 DOC_77da70e69034 DOC_e5cc5c980a35 DOC_72ae3b4857ea DOC_885e9e370ae5 DOC_a2f62bfa5384 DOC_47c363047242 DOC_5618101439df DOC_0ab8c21a72d5 DOC_c0bd6ff21e88 DOC_a18184546c0e
TST_fc068bc96bf1,DOC_b07310f35dd7 DOC_6f8476cc14df DOC_152360e50ab1 DOC_177a736837bd DOC_99ffc131c630 DOC_baa88f2baeca DOC_574f6e154d53 DOC_c1b4ab6e4f2c DOC_7d231c16391a DOC_8e8e94b13b0c DOC_989d46fa60ef DOC_aea8c502340d
TST_fd3f48cd9d68,DOC_cc242d2773cf DOC_00840fd3b7e2 DOC_90c1c415dcc1 DOC_420cd5c75727 DOC_774769fc3029 DOC_393ce683733c DOC_71ccde43b0bf DOC_fefec33e7382 DOC_c88d04c8ba1c DOC_b85899f55cd7 DOC_fde369516c74 DOC_cc0a08dde041
TST_fe43454aab46,DOC_8ad7e1844c6b DOC_600ca41299a3 DOC_d1e659a545e6 DOC_52306134576c DOC_dcb4e607d196 DOC_d41e0b2c56ea DOC_e624e9545ba8 DOC_66092b55f445 DOC_22bbad006e6a DOC_60f663b01f0d DOC_106b8b91b01c DOC_28ba8dd02f76
TST_ff98bc635eb9,DOC_d768ab35dd43 DOC_56f7832894d1 DOC_abfcb609b058 DOC_3b5101f566f0 DOC_4009f3f07318 DOC_16a309de882a DOC_4acb17b1e949 DOC_dc3c7ce91c72 DOC_0b8a094e640c DOC_c41ff245c2cf DOC_7c926cb152d2 DOC_555d609c5ea0
