id,target_patch_json
bondset_98d6fa73279fc752,"{""broken_bonds"": [], ""formed_bonds"": []}"
bondset_2bebae4b5837b6c8,"{""broken_bonds"": [{""probe_id"": ""q03"", ""order"": 1.0}], ""formed_bonds"": [{""probe_id"": ""q00"", ""order"": 1.0}, {""probe_id"": ""q03"", ""order"": 2.0}]}"
bondset_380ddbf8d0da1f50,"{""broken_bonds"": [], ""formed_bonds"": [{""probe_id"": ""q00"", ""order"": 1.0}, {""probe_id"": ""q01"", ""order"": 1.0}, {""probe_id"": ""q03"", ""order"": 1.0}]}"
bondset_d334c8ff046420bf,"{""broken_bonds"": [], ""formed_bonds"": [{""probe_id"": ""q00"", ""order"": 1.0}]}"
bondset_906c6de174ca2bf0,"{""broken_bonds"": [{""probe_id"": ""q01"", ""order"": 2.0}, {""probe_id"": ""q02"", ""order"": 1.0}], ""formed_bonds"": [{""probe_id"": ""q01"", ""order"": 1.0}]}"
bondset_ccbddaa634dd26c9,"{""broken_bonds"": [], ""formed_bonds"": [{""probe_id"": ""q00"", ""order"": 1.0}]}"
bondset_80a87766b886c3f0,"{""broken_bonds"": [], ""formed_bonds"": []}"
bondset_42706bf4af798ce0,"{""broken_bonds"": [], ""formed_bonds"": [{""probe_id"": ""q01"", ""order"": 1.0}]}"
bondset_66f81d5a5d963d92,"{""broken_bonds"": [{""probe_id"": ""q02"", ""order"": 1.0}], ""formed_bonds"": [{""probe_id"": ""q01"", ""order"": 1.0}, {""probe_id"": ""q02"", ""order"": 2.0}, {""probe_id"": ""q03"", ""order"": 1.0}]}"
bondset_2e6ad48b58e2ae6b,"{""broken_bonds"": [], ""formed_bonds"": []}"
bondset_3ccbb19b75ac01fe,"{""broken_bonds"": [{""probe_id"": ""q00"", ""order"": 2.0}], ""formed_bonds"": [{""probe_id"": ""q00"", ""order"": 1.0}, {""probe_id"": ""q02"", ""order"": 1.0}]}"
bondset_fce85b8b760ab566,"{""broken_bonds"": [{""probe_id"": ""q02"", ""order"": 1.0}], ""formed_bonds"": []}"
bondset_cbcb35022860515b,"{""broken_bonds"": [{""probe_id"": ""q03"", ""order"": 1.0}], ""formed_bonds"": [{""probe_id"": ""q02"", ""order"": 1.0}]}"
bondset_2a67d867f3455bf7,"{""broken_bonds"": [{""probe_id"": ""q00"", ""order"": 1.0}], ""formed_bonds"": []}"
bondset_cc0497d0747c644c,"{""broken_bonds"": [{""probe_id"": ""q00"", ""order"": 1.0}], ""formed_bonds"": [{""probe_id"": ""q03"", ""order"": 1.0}]}"
bondset_c752d5f9f0eb4a7b,"{""broken_bonds"": [{""probe_id"": ""q01"", ""order"": 1.0}], ""formed_bonds"": []}"
bondset_0625ab326cf6b8ca,"{""broken_bonds"": [{""probe_id"": ""q03"", ""order"": 1.0}], ""formed_bonds"": [{""probe_id"": ""q00"", ""order"": 1.0}]}"
bondset_636122592c39f9ed,"{""broken_bonds"": [{""probe_id"": ""q02"", ""order"": 1.0}, {""probe_id"": ""q03"", ""order"": 1.0}], ""formed_bonds"": [{""probe_id"": ""q00"", ""order"": 1.0}, {""probe_id"": ""q02"", ""order"": 2.0}]}"
bondset_e32cc678ed5d79d6,"{""broken_bonds"": [{""probe_id"": ""q03"", ""order"": 2.0}], ""formed_bonds"": [{""probe_id"": ""q02"", ""order"": 1.0}, {""probe_id"": ""q03"", ""order"": 1.0}]}"
bondset_09323588033e6fc6,"{""broken_bonds"": [{""probe_id"": ""q01"", ""order"": 1.0}], ""formed_bonds"": [{""probe_id"": ""q01"", ""order"": 2.0}, {""probe_id"": ""q03"", ""order"": 1.0}]}"
bondset_e0909b36e543938b,"{""broken_bonds"": [], ""formed_bonds"": [{""probe_id"": ""q01"", ""order"": 1.0}]}"
bondset_47f097216956eb76,"{""broken_bonds"": [], ""formed_bonds"": [{""probe_id"": ""q01"", ""order"": 1.0}, {""probe_id"": ""q03"", ""order"": 1.0}]}"
bondset_d0ad15fab2dc5dea,"{""broken_bonds"": [], ""formed_bonds"": [{""probe_id"": ""q02"", ""order"": 1.0}]}"
bondset_75c96589d17c6d2d,"{""broken_bonds"": [], ""formed_bonds"": []}"
bondset_e85e7f0b867521a8,"{""broken_bonds"": [{""probe_id"": ""q00"", ""order"": 1.0}, {""probe_id"": ""q01"", ""order"": 1.0}], ""formed_bonds"": []}"
bondset_de2428a6ff4e339b,"{""broken_bonds"": [], ""formed_bonds"": [{""probe_id"": ""q02"", ""order"": 1.0}]}"
bondset_57e19c0460f1b2ba,"{""broken_bonds"": [{""probe_id"": ""q00"", ""order"": 1.0}], ""formed_bonds"": []}"
bondset_bfa9d25ecc5d2ae6,"{""broken_bonds"": [], ""formed_bonds"": []}"
bondset_7f6768264628a910,"{""broken_bonds"": [{""probe_id"": ""q03"", ""order"": 1.0}], ""formed_bonds"": [{""probe_id"": ""q03"", ""order"": 2.0}]}"
bondset_8bc8e0133969d09e,"{""broken_bonds"": [], ""formed_bonds"": [{""probe_id"": ""q03"", ""order"": 1.0}]}"
bondset_9473dec204ef2769,"{""broken_bonds"": [], ""formed_bonds"": []}"
bondset_ae470f2f040efb4a,"{""broken_bonds"": [], ""formed_bonds"": [{""probe_id"": ""q01"", ""order"": 1.0}]}"
bondset_bfa5daf707a93c39,"{""broken_bonds"": [{""probe_id"": ""q02"", ""order"": 1.0}], ""formed_bonds"": [{""probe_id"": ""q00"", ""order"": 1.0}, {""probe_id"": ""q03"", ""order"": 1.0}]}"
bondset_bebb48c88c8a2a0a,"{""broken_bonds"": [], ""formed_bonds"": [{""probe_id"": ""q02"", ""order"": 1.0}]}"
bondset_892992e0e0e7e567,"{""broken_bonds"": [], ""formed_bonds"": [{""probe_id"": ""q03"", ""order"": 1.0}]}"
bondset_6fcecc4a874e0d48,"{""broken_bonds"": [], ""formed_bonds"": [{""probe_id"": ""q00"", ""order"": 1.0}, {""probe_id"": ""q01"", ""order"": 1.0}, {""probe_id"": ""q02"", ""order"": 1.0}]}"
bondset_f44063b4df76481c,"{""broken_bonds"": [{""probe_id"": ""q02"", ""order"": 2.0}], ""formed_bonds"": [{""probe_id"": ""q02"", ""order"": 1.0}]}"
bondset_49e35f1a98e31d2d,"{""broken_bonds"": [], ""formed_bonds"": [{""probe_id"": ""q02"", ""order"": 1.0}]}"
bondset_1a0233901da87ac1,"{""broken_bonds"": [], ""formed_bonds"": [{""probe_id"": ""q01"", ""order"": 1.0}]}"
bondset_c49aacb5c0719130,"{""broken_bonds"": [], ""formed_bonds"": [{""probe_id"": ""q01"", ""order"": 1.0}, {""probe_id"": ""q03"", ""order"": 1.0}]}"
bondset_82a91e68744fd827,"{""broken_bonds"": [], ""formed_bonds"": [{""probe_id"": ""q02"", ""order"": 1.0}]}"
bondset_8d71cb4e35b9bec0,"{""broken_bonds"": [], ""formed_bonds"": []}"
bondset_9c0fa0c19e760b04,"{""broken_bonds"": [{""probe_id"": ""q03"", ""order"": 1.0}], ""formed_bonds"": [{""probe_id"": ""q03"", ""order"": 2.0}]}"
bondset_124553539959696a,"{""broken_bonds"": [], ""formed_bonds"": [{""probe_id"": ""q01"", ""order"": 1.0}]}"
bondset_851efdc5326af000,"{""broken_bonds"": [], ""formed_bonds"": []}"
bondset_d2cbc03cd6060263,"{""broken_bonds"": [], ""formed_bonds"": [{""probe_id"": ""q03"", ""order"": 1.0}]}"
bondset_cf935ab0daddb3b5,"{""broken_bonds"": [], ""formed_bonds"": [{""probe_id"": ""q00"", ""order"": 1.0}, {""probe_id"": ""q01"", ""order"": 1.0}, {""probe_id"": ""q02"", ""order"": 1.0}, {""probe_id"": ""q03"", ""order"": 1.0}]}"
bondset_f4a43cfbeb217b78,"{""broken_bonds"": [{""probe_id"": ""q02"", ""order"": 2.0}], ""formed_bonds"": [{""probe_id"": ""q01"", ""order"": 1.0}, {""probe_id"": ""q02"", ""order"": 1.0}]}"
bondset_04bb7e4e130de7bb,"{""broken_bonds"": [], ""formed_bonds"": [{""probe_id"": ""q03"", ""order"": 1.0}]}"
bondset_a2090c9564516418,"{""broken_bonds"": [], ""formed_bonds"": []}"
bondset_b7373700c407da3c,"{""broken_bonds"": [], ""formed_bonds"": [{""probe_id"": ""q02"", ""order"": 1.0}]}"
bondset_1dec39e91c0e7a11,"{""broken_bonds"": [], ""formed_bonds"": [{""probe_id"": ""q02"", ""order"": 1.0}]}"
bondset_e7c673c658ac527a,"{""broken_bonds"": [{""probe_id"": ""q03"", ""order"": 2.0}], ""formed_bonds"": [{""probe_id"": ""q01"", ""order"": 1.0}, {""probe_id"": ""q02"", ""order"": 1.0}, {""probe_id"": ""q03"", ""order"": 1.0}]}"
bondset_e8b780e155136725,"{""broken_bonds"": [{""probe_id"": ""q00"", ""order"": 1.0}, {""probe_id"": ""q03"", ""order"": 1.0}], ""formed_bonds"": [{""probe_id"": ""q03"", ""order"": 2.0}]}"
bondset_9e6e73376e1b35c5,"{""broken_bonds"": [], ""formed_bonds"": []}"
bondset_a5bcb93a94a94b3f,"{""broken_bonds"": [], ""formed_bonds"": [{""probe_id"": ""q00"", ""order"": 1.0}]}"
bondset_cac436aa228fdcbe,"{""broken_bonds"": [{""probe_id"": ""q00"", ""order"": 2.0}], ""formed_bonds"": [{""probe_id"": ""q00"", ""order"": 1.0}]}"
bondset_7823423368ce1f66,"{""broken_bonds"": [{""probe_id"": ""q00"", ""order"": 1.0}], ""formed_bonds"": [{""probe_id"": ""q02"", ""order"": 1.0}]}"
bondset_1583d5811ec03bb5,"{""broken_bonds"": [{""probe_id"": ""q00"", ""order"": 2.0}], ""formed_bonds"": [{""probe_id"": ""q00"", ""order"": 1.0}, {""probe_id"": ""q01"", ""order"": 1.0}]}"
bondset_da54d4be7bf7329c,"{""broken_bonds"": [], ""formed_bonds"": [{""probe_id"": ""q01"", ""order"": 1.0}]}"
bondset_2db84b08c0c25ffb,"{""broken_bonds"": [{""probe_id"": ""q03"", ""order"": 2.0}], ""formed_bonds"": [{""probe_id"": ""q02"", ""order"": 1.0}, {""probe_id"": ""q03"", ""order"": 1.0}]}"
bondset_5e6f0c6bf0a39383,"{""broken_bonds"": [], ""formed_bonds"": []}"
bondset_66494864ff9852ad,"{""broken_bonds"": [], ""formed_bonds"": [{""probe_id"": ""q00"", ""order"": 1.0}]}"
bondset_b5473455a739c0f5,"{""broken_bonds"": [], ""formed_bonds"": [{""probe_id"": ""q00"", ""order"": 1.0}, {""probe_id"": ""q02"", ""order"": 1.0}]}"
bondset_2db7761f5b08910f,"{""broken_bonds"": [], ""formed_bonds"": [{""probe_id"": ""q00"", ""order"": 1.0}]}"
bondset_05b2db4a91bec4b6,"{""broken_bonds"": [{""probe_id"": ""q02"", ""order"": 2.0}], ""formed_bonds"": [{""probe_id"": ""q02"", ""order"": 1.0}, {""probe_id"": ""q03"", ""order"": 1.0}]}"
bondset_9651d1d1d6c70565,"{""broken_bonds"": [{""probe_id"": ""q03"", ""order"": 1.0}], ""formed_bonds"": [{""probe_id"": ""q00"", ""order"": 1.0}, {""probe_id"": ""q01"", ""order"": 1.0}]}"
bondset_53c9f0c41c208d78,"{""broken_bonds"": [{""probe_id"": ""q01"", ""order"": 1.0}], ""formed_bonds"": [{""probe_id"": ""q00"", ""order"": 1.0}]}"
bondset_218a435ca9bac230,"{""broken_bonds"": [], ""formed_bonds"": [{""probe_id"": ""q01"", ""order"": 1.0}, {""probe_id"": ""q02"", ""order"": 1.0}, {""probe_id"": ""q03"", ""order"": 1.0}]}"
bondset_ffa51fa85f9299a5,"{""broken_bonds"": [], ""formed_bonds"": [{""probe_id"": ""q03"", ""order"": 1.0}]}"
bondset_e2177583bf8d3ff4,"{""broken_bonds"": [], ""formed_bonds"": [{""probe_id"": ""q02"", ""order"": 1.0}]}"
bondset_f08edf212d12897e,"{""broken_bonds"": [], ""formed_bonds"": [{""probe_id"": ""q02"", ""order"": 1.0}]}"
bondset_68fa96056f5642e7,"{""broken_bonds"": [], ""formed_bonds"": []}"
bondset_43a9dddcdf4fac5e,"{""broken_bonds"": [], ""formed_bonds"": [{""probe_id"": ""q00"", ""order"": 1.0}]}"
bondset_49c180eb7b776197,"{""broken_bonds"": [], ""formed_bonds"": []}"
bondset_2af2b5f8aa987b67,"{""broken_bonds"": [], ""formed_bonds"": [{""probe_id"": ""q00"", ""order"": 1.0}, {""probe_id"": ""q02"", ""order"": 1.0}]}"
bondset_09930495ccdda54a,"{""broken_bonds"": [{""probe_id"": ""q02"", ""order"": 2.0}], ""formed_bonds"": [{""probe_id"": ""q02"", ""order"": 1.0}]}"
bondset_9d57fa1c65d4afd2,"{""broken_bonds"": [{""probe_id"": ""q00"", ""order"": 1.0}], ""formed_bonds"": []}"
bondset_1caac7cb6d14073a,"{""broken_bonds"": [], ""formed_bonds"": []}"
bondset_a0e60ff89ff67360,"{""broken_bonds"": [], ""formed_bonds"": []}"
bondset_3adb3b920ca38bb5,"{""broken_bonds"": [], ""formed_bonds"": [{""probe_id"": ""q01"", ""order"": 1.0}, {""probe_id"": ""q03"", ""order"": 1.0}]}"
bondset_9a0ba1c0e872f72c,"{""broken_bonds"": [], ""formed_bonds"": [{""probe_id"": ""q00"", ""order"": 1.0}, {""probe_id"": ""q02"", ""order"": 1.0}, {""probe_id"": ""q03"", ""order"": 1.0}]}"
bondset_d05da5d9e0e15d42,"{""broken_bonds"": [], ""formed_bonds"": [{""probe_id"": ""q01"", ""order"": 1.0}]}"
bondset_d65cd00f381a3a1b,"{""broken_bonds"": [{""probe_id"": ""q03"", ""order"": 2.0}], ""formed_bonds"": [{""probe_id"": ""q01"", ""order"": 1.0}, {""probe_id"": ""q03"", ""order"": 1.0}]}"
bondset_6ecda3148294ae70,"{""broken_bonds"": [], ""formed_bonds"": [{""probe_id"": ""q01"", ""order"": 1.0}, {""probe_id"": ""q02"", ""order"": 1.0}]}"
bondset_a449037a95ba12fe,"{""broken_bonds"": [{""probe_id"": ""q00"", ""order"": 1.0}, {""probe_id"": ""q03"", ""order"": 2.0}], ""formed_bonds"": [{""probe_id"": ""q03"", ""order"": 1.0}]}"
bondset_a86dc2835eadbdbe,"{""broken_bonds"": [{""probe_id"": ""q03"", ""order"": 1.0}], ""formed_bonds"": [{""probe_id"": ""q00"", ""order"": 1.0}, {""probe_id"": ""q03"", ""order"": 2.0}]}"
bondset_cb7f4114eb5a7360,"{""broken_bonds"": [{""probe_id"": ""q02"", ""order"": 1.0}], ""formed_bonds"": [{""probe_id"": ""q00"", ""order"": 1.0}, {""probe_id"": ""q03"", ""order"": 1.0}]}"
bondset_15d43428dc05478c,"{""broken_bonds"": [{""probe_id"": ""q03"", ""order"": 1.0}], ""formed_bonds"": [{""probe_id"": ""q00"", ""order"": 1.0}, {""probe_id"": ""q03"", ""order"": 2.0}]}"
bondset_ac27a87cbf29e978,"{""broken_bonds"": [], ""formed_bonds"": [{""probe_id"": ""q03"", ""order"": 1.0}]}"
bondset_88bffa859bcf6a24,"{""broken_bonds"": [], ""formed_bonds"": [{""probe_id"": ""q00"", ""order"": 1.0}, {""probe_id"": ""q03"", ""order"": 1.0}]}"
bondset_12bb36e9acc375e3,"{""broken_bonds"": [], ""formed_bonds"": []}"
bondset_7c51c3a9f7da39e2,"{""broken_bonds"": [], ""formed_bonds"": [{""probe_id"": ""q02"", ""order"": 1.0}, {""probe_id"": ""q03"", ""order"": 1.0}]}"
bondset_51be32a5d2b6607d,"{""broken_bonds"": [], ""formed_bonds"": [{""probe_id"": ""q00"", ""order"": 1.0}, {""probe_id"": ""q01"", ""order"": 1.0}, {""probe_id"": ""q02"", ""order"": 1.0}]}"
bondset_4ffd88cf77ba37ae,"{""broken_bonds"": [{""probe_id"": ""q01"", ""order"": 1.0}], ""formed_bonds"": [{""probe_id"": ""q02"", ""order"": 1.0}]}"
bondset_52d0969c92d31d05,"{""broken_bonds"": [{""probe_id"": ""q02"", ""order"": 1.0}], ""formed_bonds"": [{""probe_id"": ""q02"", ""order"": 2.0}]}"
bondset_f3e776b3a8734225,"{""broken_bonds"": [], ""formed_bonds"": [{""probe_id"": ""q02"", ""order"": 1.0}]}"
bondset_274af06d455079e1,"{""broken_bonds"": [], ""formed_bonds"": [{""probe_id"": ""q01"", ""order"": 1.0}]}"
bondset_ed97e44439d0b325,"{""broken_bonds"": [], ""formed_bonds"": [{""probe_id"": ""q01"", ""order"": 1.0}, {""probe_id"": ""q03"", ""order"": 1.0}]}"
bondset_68b95e586c8355a9,"{""broken_bonds"": [], ""formed_bonds"": []}"
bondset_fc5c721b0875cd38,"{""broken_bonds"": [{""probe_id"": ""q02"", ""order"": 1.0}], ""formed_bonds"": [{""probe_id"": ""q02"", ""order"": 2.0}, {""probe_id"": ""q03"", ""order"": 1.0}]}"
bondset_9cb06488c9b810b4,"{""broken_bonds"": [{""probe_id"": ""q00"", ""order"": 2.0}], ""formed_bonds"": [{""probe_id"": ""q00"", ""order"": 1.0}, {""probe_id"": ""q01"", ""order"": 1.0}]}"
bondset_d093cbc87d3f6c53,"{""broken_bonds"": [], ""formed_bonds"": [{""probe_id"": ""q02"", ""order"": 1.0}, {""probe_id"": ""q03"", ""order"": 1.0}]}"
bondset_796f94cdfb1d41a7,"{""broken_bonds"": [], ""formed_bonds"": []}"
bondset_a0fb080e82e3e6fc,"{""broken_bonds"": [{""probe_id"": ""q02"", ""order"": 1.0}], ""formed_bonds"": [{""probe_id"": ""q01"", ""order"": 1.0}, {""probe_id"": ""q02"", ""order"": 2.0}]}"
bondset_ab3a0f7f4b64cd04,"{""broken_bonds"": [], ""formed_bonds"": [{""probe_id"": ""q01"", ""order"": 1.0}]}"
bondset_39a4023bcdfbf9de,"{""broken_bonds"": [], ""formed_bonds"": [{""probe_id"": ""q00"", ""order"": 1.0}, {""probe_id"": ""q03"", ""order"": 1.0}]}"
bondset_0dd134c612a00366,"{""broken_bonds"": [], ""formed_bonds"": [{""probe_id"": ""q03"", ""order"": 1.0}]}"
bondset_cf528a2f3c85ac49,"{""broken_bonds"": [{""probe_id"": ""q00"", ""order"": 1.0}], ""formed_bonds"": [{""probe_id"": ""q03"", ""order"": 1.0}]}"
bondset_4695f9cc6bbc0d84,"{""broken_bonds"": [{""probe_id"": ""q00"", ""order"": 1.0}], ""formed_bonds"": []}"
bondset_7095343323de8aa2,"{""broken_bonds"": [], ""formed_bonds"": [{""probe_id"": ""q00"", ""order"": 1.0}, {""probe_id"": ""q02"", ""order"": 1.0}]}"
bondset_6554f82b3098e13c,"{""broken_bonds"": [{""probe_id"": ""q01"", ""order"": 1.0}], ""formed_bonds"": []}"
bondset_20d8b4821c3f91ef,"{""broken_bonds"": [], ""formed_bonds"": []}"
bondset_6f6977a0622716c6,"{""broken_bonds"": [], ""formed_bonds"": [{""probe_id"": ""q03"", ""order"": 1.0}]}"
bondset_37342cdbab6a7e07,"{""broken_bonds"": [{""probe_id"": ""q03"", ""order"": 1.0}], ""formed_bonds"": [{""probe_id"": ""q00"", ""order"": 1.0}, {""probe_id"": ""q03"", ""order"": 2.0}]}"
bondset_8f8d50970434ca1e,"{""broken_bonds"": [], ""formed_bonds"": [{""probe_id"": ""q01"", ""order"": 1.0}, {""probe_id"": ""q02"", ""order"": 1.0}]}"
bondset_0eb3e2e607ed843d,"{""broken_bonds"": [{""probe_id"": ""q03"", ""order"": 1.0}], ""formed_bonds"": [{""probe_id"": ""q03"", ""order"": 2.0}]}"
bondset_ce87f6e5b721014c,"{""broken_bonds"": [], ""formed_bonds"": [{""probe_id"": ""q01"", ""order"": 1.0}]}"
bondset_75220b990e166e2c,"{""broken_bonds"": [], ""formed_bonds"": [{""probe_id"": ""q00"", ""order"": 1.0}]}"
bondset_057ff4b6915f50bb,"{""broken_bonds"": [{""probe_id"": ""q00"", ""order"": 1.0}], ""formed_bonds"": []}"
bondset_bd01f801b538702e,"{""broken_bonds"": [], ""formed_bonds"": [{""probe_id"": ""q02"", ""order"": 1.0}]}"
bondset_d30decaba116f196,"{""broken_bonds"": [], ""formed_bonds"": [{""probe_id"": ""q01"", ""order"": 1.0}]}"
bondset_a5df802dfdd3e7b6,"{""broken_bonds"": [{""probe_id"": ""q01"", ""order"": 1.0}], ""formed_bonds"": [{""probe_id"": ""q02"", ""order"": 1.0}]}"
bondset_169c407bb37669f1,"{""broken_bonds"": [], ""formed_bonds"": [{""probe_id"": ""q02"", ""order"": 1.0}, {""probe_id"": ""q03"", ""order"": 1.0}]}"
bondset_1dd92140704f79ae,"{""broken_bonds"": [], ""formed_bonds"": [{""probe_id"": ""q01"", ""order"": 1.0}, {""probe_id"": ""q03"", ""order"": 1.0}]}"
bondset_272f990cfeb944b6,"{""broken_bonds"": [], ""formed_bonds"": [{""probe_id"": ""q01"", ""order"": 1.0}]}"
bondset_3fa52aaab00bac68,"{""broken_bonds"": [], ""formed_bonds"": [{""probe_id"": ""q00"", ""order"": 1.0}, {""probe_id"": ""q01"", ""order"": 1.0}]}"
bondset_55aa8743a5849f3f,"{""broken_bonds"": [{""probe_id"": ""q02"", ""order"": 2.0}], ""formed_bonds"": [{""probe_id"": ""q02"", ""order"": 1.0}]}"
bondset_f8983d764c5c0060,"{""broken_bonds"": [], ""formed_bonds"": [{""probe_id"": ""q02"", ""order"": 1.0}]}"
bondset_9c1cc24912a08a8b,"{""broken_bonds"": [], ""formed_bonds"": [{""probe_id"": ""q02"", ""order"": 1.0}]}"
bondset_481464d638c34437,"{""broken_bonds"": [], ""formed_bonds"": [{""probe_id"": ""q01"", ""order"": 1.0}, {""probe_id"": ""q03"", ""order"": 1.0}]}"
bondset_b195d8a5f358367b,"{""broken_bonds"": [{""probe_id"": ""q01"", ""order"": 2.0}, {""probe_id"": ""q02"", ""order"": 1.0}], ""formed_bonds"": [{""probe_id"": ""q00"", ""order"": 1.0}, {""probe_id"": ""q01"", ""order"": 1.0}]}"
bondset_35e6fae4ebc4ba2d,"{""broken_bonds"": [], ""formed_bonds"": [{""probe_id"": ""q03"", ""order"": 1.0}]}"
bondset_ae537711a47e4d35,"{""broken_bonds"": [], ""formed_bonds"": [{""probe_id"": ""q00"", ""order"": 1.0}, {""probe_id"": ""q01"", ""order"": 1.0}, {""probe_id"": ""q03"", ""order"": 1.0}]}"
bondset_59f00c11ea3636d9,"{""broken_bonds"": [], ""formed_bonds"": [{""probe_id"": ""q03"", ""order"": 1.0}]}"
bondset_bfefbedcbe6c632e,"{""broken_bonds"": [], ""formed_bonds"": [{""probe_id"": ""q02"", ""order"": 1.0}]}"
bondset_dba8c808ff997b69,"{""broken_bonds"": [], ""formed_bonds"": [{""probe_id"": ""q02"", ""order"": 1.0}]}"
bondset_6c2b0fa82fadeb81,"{""broken_bonds"": [{""probe_id"": ""q02"", ""order"": 1.0}], ""formed_bonds"": [{""probe_id"": ""q01"", ""order"": 1.0}]}"
bondset_462170f8640ec852,"{""broken_bonds"": [{""probe_id"": ""q01"", ""order"": 2.0}, {""probe_id"": ""q03"", ""order"": 1.0}], ""formed_bonds"": [{""probe_id"": ""q01"", ""order"": 1.0}, {""probe_id"": ""q02"", ""order"": 1.0}]}"
bondset_192ff4855da882db,"{""broken_bonds"": [], ""formed_bonds"": [{""probe_id"": ""q00"", ""order"": 1.0}, {""probe_id"": ""q02"", ""order"": 1.0}]}"
bondset_0bd9e0228e09efdb,"{""broken_bonds"": [], ""formed_bonds"": [{""probe_id"": ""q02"", ""order"": 1.0}, {""probe_id"": ""q03"", ""order"": 1.0}]}"
bondset_4d5b0c13554ac295,"{""broken_bonds"": [], ""formed_bonds"": []}"
bondset_8687ec9e928af209,"{""broken_bonds"": [], ""formed_bonds"": []}"
bondset_c2f398176614d0cf,"{""broken_bonds"": [], ""formed_bonds"": [{""probe_id"": ""q02"", ""order"": 1.0}]}"
bondset_d04411dbfd1f77de,"{""broken_bonds"": [], ""formed_bonds"": [{""probe_id"": ""q03"", ""order"": 1.0}]}"
bondset_631c0518422fd439,"{""broken_bonds"": [{""probe_id"": ""q01"", ""order"": 1.0}], ""formed_bonds"": [{""probe_id"": ""q00"", ""order"": 1.0}]}"
bondset_b6d0c875c2c6d52e,"{""broken_bonds"": [{""probe_id"": ""q01"", ""order"": 2.0}], ""formed_bonds"": [{""probe_id"": ""q00"", ""order"": 1.0}, {""probe_id"": ""q01"", ""order"": 1.0}]}"
bondset_9675351520792255,"{""broken_bonds"": [], ""formed_bonds"": [{""probe_id"": ""q03"", ""order"": 1.0}]}"
bondset_abf9257ca4a11d49,"{""broken_bonds"": [], ""formed_bonds"": [{""probe_id"": ""q02"", ""order"": 1.0}]}"
bondset_901a907397494355,"{""broken_bonds"": [], ""formed_bonds"": []}"
bondset_8a9bf81fda2e75c4,"{""broken_bonds"": [{""probe_id"": ""q02"", ""order"": 2.0}], ""formed_bonds"": [{""probe_id"": ""q01"", ""order"": 1.0}, {""probe_id"": ""q02"", ""order"": 1.0}, {""probe_id"": ""q03"", ""order"": 1.0}]}"
bondset_ae3cd6bda8cb5604,"{""broken_bonds"": [{""probe_id"": ""q01"", ""order"": 1.0}], ""formed_bonds"": [{""probe_id"": ""q00"", ""order"": 1.0}, {""probe_id"": ""q02"", ""order"": 1.0}]}"
bondset_fcb8e59289bc9ef4,"{""broken_bonds"": [], ""formed_bonds"": [{""probe_id"": ""q01"", ""order"": 1.0}]}"
bondset_b99379f17ee04852,"{""broken_bonds"": [], ""formed_bonds"": [{""probe_id"": ""q00"", ""order"": 1.0}, {""probe_id"": ""q01"", ""order"": 1.0}, {""probe_id"": ""q02"", ""order"": 1.0}]}"
bondset_05989dd9209f18d9,"{""broken_bonds"": [], ""formed_bonds"": [{""probe_id"": ""q01"", ""order"": 1.0}]}"
bondset_4cd74ff308b40667,"{""broken_bonds"": [], ""formed_bonds"": [{""probe_id"": ""q02"", ""order"": 1.0}, {""probe_id"": ""q03"", ""order"": 1.0}]}"
bondset_985002e71ec30a1a,"{""broken_bonds"": [], ""formed_bonds"": [{""probe_id"": ""q02"", ""order"": 1.0}]}"
bondset_179be5b853bc82e9,"{""broken_bonds"": [], ""formed_bonds"": [{""probe_id"": ""q02"", ""order"": 1.0}, {""probe_id"": ""q03"", ""order"": 1.0}]}"
bondset_45c611186bc2d3aa,"{""broken_bonds"": [], ""formed_bonds"": [{""probe_id"": ""q03"", ""order"": 1.0}]}"
bondset_6179e5aff055c317,"{""broken_bonds"": [], ""formed_bonds"": [{""probe_id"": ""q02"", ""order"": 1.0}]}"
bondset_2730bfcce1fdfdd3,"{""broken_bonds"": [{""probe_id"": ""q02"", ""order"": 1.0}, {""probe_id"": ""q03"", ""order"": 1.0}], ""formed_bonds"": []}"
bondset_da2d1c860d201b3a,"{""broken_bonds"": [], ""formed_bonds"": [{""probe_id"": ""q01"", ""order"": 1.0}, {""probe_id"": ""q02"", ""order"": 1.0}]}"
bondset_0241c1cce2d2941d,"{""broken_bonds"": [], ""formed_bonds"": []}"
bondset_b7be1bb29d3f19ce,"{""broken_bonds"": [], ""formed_bonds"": [{""probe_id"": ""q02"", ""order"": 1.0}]}"
bondset_3898a52a87c75dc3,"{""broken_bonds"": [], ""formed_bonds"": [{""probe_id"": ""q03"", ""order"": 1.0}]}"
bondset_be0852d1030e468c,"{""broken_bonds"": [], ""formed_bonds"": [{""probe_id"": ""q03"", ""order"": 1.0}]}"
bondset_d621b843cbc2b16d,"{""broken_bonds"": [{""probe_id"": ""q00"", ""order"": 2.0}], ""formed_bonds"": [{""probe_id"": ""q00"", ""order"": 1.0}, {""probe_id"": ""q03"", ""order"": 1.0}]}"
bondset_da1c443736157eb6,"{""broken_bonds"": [{""probe_id"": ""q00"", ""order"": 2.0}], ""formed_bonds"": [{""probe_id"": ""q00"", ""order"": 1.0}]}"
bondset_e487db89f698ce36,"{""broken_bonds"": [{""probe_id"": ""q03"", ""order"": 1.0}], ""formed_bonds"": []}"
bondset_78ab4e2bb53ea3fd,"{""broken_bonds"": [{""probe_id"": ""q02"", ""order"": 2.0}], ""formed_bonds"": [{""probe_id"": ""q00"", ""order"": 1.0}, {""probe_id"": ""q02"", ""order"": 1.0}, {""probe_id"": ""q03"", ""order"": 1.0}]}"
bondset_a5503ef000dac011,"{""broken_bonds"": [{""probe_id"": ""q03"", ""order"": 1.0}], ""formed_bonds"": [{""probe_id"": ""q00"", ""order"": 1.0}, {""probe_id"": ""q03"", ""order"": 2.0}]}"
bondset_1c636823b930ed70,"{""broken_bonds"": [], ""formed_bonds"": [{""probe_id"": ""q00"", ""order"": 1.0}, {""probe_id"": ""q01"", ""order"": 1.0}]}"
bondset_282de048d554ff6c,"{""broken_bonds"": [], ""formed_bonds"": [{""probe_id"": ""q03"", ""order"": 1.0}]}"
bondset_c661414880b32d89,"{""broken_bonds"": [{""probe_id"": ""q00"", ""order"": 2.0}], ""formed_bonds"": [{""probe_id"": ""q00"", ""order"": 1.0}, {""probe_id"": ""q02"", ""order"": 1.0}]}"
bondset_5551b4e1ddde35f2,"{""broken_bonds"": [{""probe_id"": ""q02"", ""order"": 2.0}, {""probe_id"": ""q03"", ""order"": 1.0}], ""formed_bonds"": [{""probe_id"": ""q01"", ""order"": 1.0}, {""probe_id"": ""q02"", ""order"": 1.0}]}"
bondset_42a53ab57a94f585,"{""broken_bonds"": [{""probe_id"": ""q00"", ""order"": 1.0}], ""formed_bonds"": [{""probe_id"": ""q02"", ""order"": 1.0}]}"
bondset_b6f2b33c90ac9441,"{""broken_bonds"": [{""probe_id"": ""q01"", ""order"": 2.0}], ""formed_bonds"": [{""probe_id"": ""q00"", ""order"": 1.0}, {""probe_id"": ""q01"", ""order"": 1.0}]}"
bondset_be7e4b622bcb7d74,"{""broken_bonds"": [], ""formed_bonds"": [{""probe_id"": ""q00"", ""order"": 1.0}]}"
bondset_ec11b8da7394ccb6,"{""broken_bonds"": [], ""formed_bonds"": []}"
bondset_7c3999a0a053759e,"{""broken_bonds"": [], ""formed_bonds"": [{""probe_id"": ""q00"", ""order"": 1.0}]}"
bondset_b490f7c9d2aebef3,"{""broken_bonds"": [{""probe_id"": ""q03"", ""order"": 1.0}], ""formed_bonds"": [{""probe_id"": ""q02"", ""order"": 1.0}]}"
bondset_39888816ed6027c8,"{""broken_bonds"": [], ""formed_bonds"": [{""probe_id"": ""q01"", ""order"": 1.0}, {""probe_id"": ""q02"", ""order"": 1.0}]}"
bondset_09f11833f44e9ed9,"{""broken_bonds"": [{""probe_id"": ""q03"", ""order"": 1.0}], ""formed_bonds"": [{""probe_id"": ""q03"", ""order"": 2.0}]}"
bondset_16ccb4b387b77c9b,"{""broken_bonds"": [{""probe_id"": ""q03"", ""order"": 1.0}], ""formed_bonds"": [{""probe_id"": ""q01"", ""order"": 1.0}, {""probe_id"": ""q03"", ""order"": 2.0}]}"
bondset_aef040c1d357605a,"{""broken_bonds"": [], ""formed_bonds"": [{""probe_id"": ""q03"", ""order"": 1.0}]}"
bondset_482c38ddec85c64c,"{""broken_bonds"": [{""probe_id"": ""q03"", ""order"": 1.0}], ""formed_bonds"": [{""probe_id"": ""q00"", ""order"": 1.0}, {""probe_id"": ""q01"", ""order"": 1.0}]}"
bondset_738ee47d0fec45b9,"{""broken_bonds"": [], ""formed_bonds"": []}"
bondset_2a067a3c0c55f773,"{""broken_bonds"": [], ""formed_bonds"": [{""probe_id"": ""q03"", ""order"": 1.0}]}"
bondset_3804798af3cc5626,"{""broken_bonds"": [], ""formed_bonds"": [{""probe_id"": ""q03"", ""order"": 1.0}]}"
bondset_eae490de16403830,"{""broken_bonds"": [], ""formed_bonds"": []}"
bondset_74f3ce621ace2868,"{""broken_bonds"": [], ""formed_bonds"": [{""probe_id"": ""q03"", ""order"": 1.0}]}"
bondset_8b15b433d32aa677,"{""broken_bonds"": [], ""formed_bonds"": [{""probe_id"": ""q01"", ""order"": 1.0}]}"
bondset_13d8b68a9aff1650,"{""broken_bonds"": [{""probe_id"": ""q01"", ""order"": 2.0}], ""formed_bonds"": [{""probe_id"": ""q01"", ""order"": 1.0}, {""probe_id"": ""q02"", ""order"": 1.0}]}"
bondset_2ad894de156651bd,"{""broken_bonds"": [{""probe_id"": ""q02"", ""order"": 2.0}], ""formed_bonds"": [{""probe_id"": ""q00"", ""order"": 1.0}, {""probe_id"": ""q02"", ""order"": 1.0}]}"
bondset_fb5dcc35b01e71de,"{""broken_bonds"": [], ""formed_bonds"": [{""probe_id"": ""q01"", ""order"": 1.0}, {""probe_id"": ""q03"", ""order"": 1.0}]}"
bondset_48f58bd187ff0c27,"{""broken_bonds"": [{""probe_id"": ""q01"", ""order"": 1.0}], ""formed_bonds"": [{""probe_id"": ""q01"", ""order"": 2.0}]}"
bondset_0338a219b587b734,"{""broken_bonds"": [], ""formed_bonds"": []}"
bondset_c3781de5c0a1c879,"{""broken_bonds"": [], ""formed_bonds"": [{""probe_id"": ""q02"", ""order"": 1.0}]}"
bondset_630135e654c2f28b,"{""broken_bonds"": [], ""formed_bonds"": []}"
bondset_c948c5a76025ba22,"{""broken_bonds"": [], ""formed_bonds"": [{""probe_id"": ""q01"", ""order"": 1.0}]}"
bondset_5874edf3ca0be93d,"{""broken_bonds"": [], ""formed_bonds"": []}"
bondset_1cec9be593dcc14e,"{""broken_bonds"": [{""probe_id"": ""q02"", ""order"": 1.0}], ""formed_bonds"": [{""probe_id"": ""q00"", ""order"": 1.0}, {""probe_id"": ""q03"", ""order"": 1.0}]}"
bondset_5108021d94f02836,"{""broken_bonds"": [], ""formed_bonds"": [{""probe_id"": ""q01"", ""order"": 1.0}]}"
bondset_ede22501eca5e60c,"{""broken_bonds"": [{""probe_id"": ""q03"", ""order"": 1.0}], ""formed_bonds"": [{""probe_id"": ""q00"", ""order"": 1.0}, {""probe_id"": ""q01"", ""order"": 1.0}]}"
bondset_cbd1d84a69e73ad6,"{""broken_bonds"": [], ""formed_bonds"": [{""probe_id"": ""q00"", ""order"": 1.0}]}"
bondset_e5f3960478d2faa4,"{""broken_bonds"": [{""probe_id"": ""q01"", ""order"": 1.0}], ""formed_bonds"": [{""probe_id"": ""q03"", ""order"": 1.0}]}"
bondset_14582c6a2061c9e9,"{""broken_bonds"": [], ""formed_bonds"": [{""probe_id"": ""q00"", ""order"": 1.0}, {""probe_id"": ""q02"", ""order"": 1.0}]}"
bondset_1e871bbff089972f,"{""broken_bonds"": [], ""formed_bonds"": [{""probe_id"": ""q01"", ""order"": 1.0}, {""probe_id"": ""q03"", ""order"": 1.0}]}"
bondset_b11d9f343b39e188,"{""broken_bonds"": [{""probe_id"": ""q01"", ""order"": 1.0}], ""formed_bonds"": []}"
bondset_fe0064dd8d25c19e,"{""broken_bonds"": [], ""formed_bonds"": [{""probe_id"": ""q02"", ""order"": 1.0}, {""probe_id"": ""q03"", ""order"": 1.0}]}"
bondset_70dd0a4260ebe411,"{""broken_bonds"": [], ""formed_bonds"": [{""probe_id"": ""q01"", ""order"": 1.0}]}"
bondset_706f30c958edd948,"{""broken_bonds"": [{""probe_id"": ""q00"", ""order"": 1.0}], ""formed_bonds"": []}"
bondset_8674324007f8c0af,"{""broken_bonds"": [{""probe_id"": ""q00"", ""order"": 1.0}], ""formed_bonds"": [{""probe_id"": ""q02"", ""order"": 1.0}]}"
bondset_4b01e87f3f3c65bf,"{""broken_bonds"": [], ""formed_bonds"": [{""probe_id"": ""q00"", ""order"": 1.0}, {""probe_id"": ""q01"", ""order"": 1.0}]}"
bondset_7b1e7bce09a29551,"{""broken_bonds"": [{""probe_id"": ""q03"", ""order"": 2.0}], ""formed_bonds"": [{""probe_id"": ""q01"", ""order"": 1.0}, {""probe_id"": ""q02"", ""order"": 1.0}, {""probe_id"": ""q03"", ""order"": 1.0}]}"
bondset_d0ab5f9ed1491e8b,"{""broken_bonds"": [], ""formed_bonds"": [{""probe_id"": ""q02"", ""order"": 1.0}]}"
bondset_3f792021c32a8614,"{""broken_bonds"": [], ""formed_bonds"": [{""probe_id"": ""q01"", ""order"": 1.0}, {""probe_id"": ""q03"", ""order"": 1.0}]}"
bondset_e52093edc6422874,"{""broken_bonds"": [{""probe_id"": ""q01"", ""order"": 1.0}], ""formed_bonds"": []}"
bondset_f5cdfa338561c25d,"{""broken_bonds"": [], ""formed_bonds"": []}"
bondset_dd4d7f7e49f710c0,"{""broken_bonds"": [], ""formed_bonds"": []}"
bondset_b205f5c2e0165ab7,"{""broken_bonds"": [], ""formed_bonds"": [{""probe_id"": ""q02"", ""order"": 1.0}]}"
bondset_5996c9f77dacccb9,"{""broken_bonds"": [], ""formed_bonds"": [{""probe_id"": ""q01"", ""order"": 1.0}, {""probe_id"": ""q03"", ""order"": 1.0}]}"
bondset_91e5b0ee5d371efb,"{""broken_bonds"": [], ""formed_bonds"": [{""probe_id"": ""q03"", ""order"": 1.0}]}"
bondset_108e257204480357,"{""broken_bonds"": [{""probe_id"": ""q02"", ""order"": 1.0}], ""formed_bonds"": [{""probe_id"": ""q01"", ""order"": 1.0}]}"
bondset_f03045151ef338df,"{""broken_bonds"": [], ""formed_bonds"": [{""probe_id"": ""q01"", ""order"": 1.0}, {""probe_id"": ""q02"", ""order"": 1.0}]}"
bondset_fe934d2fcffa4f9a,"{""broken_bonds"": [{""probe_id"": ""q00"", ""order"": 2.0}], ""formed_bonds"": [{""probe_id"": ""q00"", ""order"": 1.0}, {""probe_id"": ""q01"", ""order"": 1.0}]}"
bondset_d62d1c7c02db370a,"{""broken_bonds"": [{""probe_id"": ""q00"", ""order"": 1.0}], ""formed_bonds"": []}"
bondset_9da165a2beaa1f40,"{""broken_bonds"": [{""probe_id"": ""q01"", ""order"": 1.0}], ""formed_bonds"": [{""probe_id"": ""q01"", ""order"": 2.0}]}"
bondset_15da5cd486afb92c,"{""broken_bonds"": [], ""formed_bonds"": [{""probe_id"": ""q00"", ""order"": 1.0}, {""probe_id"": ""q03"", ""order"": 1.0}]}"
bondset_9039870b892c4cfa,"{""broken_bonds"": [{""probe_id"": ""q03"", ""order"": 1.0}], ""formed_bonds"": [{""probe_id"": ""q03"", ""order"": 2.0}]}"
bondset_7c97599ec3cf9c8c,"{""broken_bonds"": [{""probe_id"": ""q02"", ""order"": 2.0}], ""formed_bonds"": [{""probe_id"": ""q02"", ""order"": 1.0}]}"
bondset_bf8513bf01327044,"{""broken_bonds"": [], ""formed_bonds"": [{""probe_id"": ""q01"", ""order"": 1.0}, {""probe_id"": ""q03"", ""order"": 1.0}]}"
bondset_37e959b4008ad571,"{""broken_bonds"": [{""probe_id"": ""q03"", ""order"": 1.0}], ""formed_bonds"": []}"
bondset_ac59aa9c67d3037e,"{""broken_bonds"": [], ""formed_bonds"": [{""probe_id"": ""q01"", ""order"": 1.0}, {""probe_id"": ""q02"", ""order"": 1.0}]}"
bondset_9fb6e9b5116f13b4,"{""broken_bonds"": [], ""formed_bonds"": [{""probe_id"": ""q01"", ""order"": 1.0}, {""probe_id"": ""q03"", ""order"": 1.0}]}"
bondset_8fac8847f27843fe,"{""broken_bonds"": [{""probe_id"": ""q01"", ""order"": 2.0}], ""formed_bonds"": [{""probe_id"": ""q00"", ""order"": 1.0}, {""probe_id"": ""q01"", ""order"": 1.0}]}"
bondset_f2b4e76b977f408f,"{""broken_bonds"": [], ""formed_bonds"": []}"
bondset_4bdefac9cba5df1e,"{""broken_bonds"": [], ""formed_bonds"": [{""probe_id"": ""q00"", ""order"": 1.0}]}"
bondset_456d083decb28172,"{""broken_bonds"": [{""probe_id"": ""q03"", ""order"": 1.0}], ""formed_bonds"": [{""probe_id"": ""q03"", ""order"": 2.0}]}"
bondset_533cc49b601dade2,"{""broken_bonds"": [], ""formed_bonds"": [{""probe_id"": ""q00"", ""order"": 1.0}, {""probe_id"": ""q02"", ""order"": 1.0}, {""probe_id"": ""q03"", ""order"": 1.0}]}"
bondset_e6488df54a342f8d,"{""broken_bonds"": [], ""formed_bonds"": [{""probe_id"": ""q01"", ""order"": 1.0}, {""probe_id"": ""q03"", ""order"": 1.0}]}"
bondset_1cdc85bf44d5df4f,"{""broken_bonds"": [{""probe_id"": ""q00"", ""order"": 1.0}], ""formed_bonds"": []}"
bondset_34f80a886fa466a4,"{""broken_bonds"": [], ""formed_bonds"": [{""probe_id"": ""q01"", ""order"": 1.0}, {""probe_id"": ""q03"", ""order"": 1.0}]}"
bondset_3dc9c6d2b730e21c,"{""broken_bonds"": [{""probe_id"": ""q02"", ""order"": 1.0}], ""formed_bonds"": [{""probe_id"": ""q02"", ""order"": 2.0}]}"
bondset_5f807b9aa3f2f4a7,"{""broken_bonds"": [{""probe_id"": ""q01"", ""order"": 1.0}], ""formed_bonds"": []}"
bondset_15ca0bd75470c87c,"{""broken_bonds"": [], ""formed_bonds"": [{""probe_id"": ""q03"", ""order"": 1.0}]}"
bondset_7966d449ba731493,"{""broken_bonds"": [], ""formed_bonds"": []}"
bondset_3f28c3b8e365b508,"{""broken_bonds"": [], ""formed_bonds"": [{""probe_id"": ""q00"", ""order"": 1.0}, {""probe_id"": ""q02"", ""order"": 1.0}]}"
bondset_edf811a2c0cc8600,"{""broken_bonds"": [], ""formed_bonds"": [{""probe_id"": ""q00"", ""order"": 1.0}, {""probe_id"": ""q03"", ""order"": 1.0}]}"
bondset_c87419f850f4855f,"{""broken_bonds"": [], ""formed_bonds"": [{""probe_id"": ""q01"", ""order"": 1.0}]}"
bondset_2eb17a963ac37e42,"{""broken_bonds"": [{""probe_id"": ""q01"", ""order"": 1.0}], ""formed_bonds"": [{""probe_id"": ""q01"", ""order"": 2.0}, {""probe_id"": ""q02"", ""order"": 1.0}, {""probe_id"": ""q03"", ""order"": 1.0}]}"
bondset_09aed6fc68fa32ed,"{""broken_bonds"": [], ""formed_bonds"": [{""probe_id"": ""q00"", ""order"": 1.0}]}"
bondset_67ebd45f1696aea7,"{""broken_bonds"": [], ""formed_bonds"": [{""probe_id"": ""q00"", ""order"": 1.0}, {""probe_id"": ""q03"", ""order"": 1.0}]}"
bondset_5ea73e68c8692e93,"{""broken_bonds"": [], ""formed_bonds"": [{""probe_id"": ""q00"", ""order"": 1.0}, {""probe_id"": ""q01"", ""order"": 1.0}]}"
bondset_8fa5e1f123223fed,"{""broken_bonds"": [{""probe_id"": ""q02"", ""order"": 1.0}], ""formed_bonds"": []}"
bondset_ef25a8ad5aa12746,"{""broken_bonds"": [], ""formed_bonds"": [{""probe_id"": ""q00"", ""order"": 1.0}]}"
bondset_503fe2c62976bad7,"{""broken_bonds"": [], ""formed_bonds"": [{""probe_id"": ""q00"", ""order"": 1.0}]}"
bondset_1dd81f24560f89fc,"{""broken_bonds"": [{""probe_id"": ""q02"", ""order"": 1.0}], ""formed_bonds"": [{""probe_id"": ""q00"", ""order"": 1.0}, {""probe_id"": ""q01"", ""order"": 1.0}]}"
bondset_3f4856928e524460,"{""broken_bonds"": [], ""formed_bonds"": []}"
bondset_54230ae611531961,"{""broken_bonds"": [], ""formed_bonds"": [{""probe_id"": ""q03"", ""order"": 1.0}]}"
bondset_0781bdf64a44d27d,"{""broken_bonds"": [{""probe_id"": ""q01"", ""order"": 2.0}], ""formed_bonds"": [{""probe_id"": ""q01"", ""order"": 1.0}, {""probe_id"": ""q03"", ""order"": 1.0}]}"
bondset_be1f9cad59637f7e,"{""broken_bonds"": [{""probe_id"": ""q03"", ""order"": 2.0}], ""formed_bonds"": [{""probe_id"": ""q03"", ""order"": 1.0}]}"
bondset_f05a7bd26cc554e0,"{""broken_bonds"": [{""probe_id"": ""q02"", ""order"": 1.0}], ""formed_bonds"": []}"
bondset_52bad47ee83c98f1,"{""broken_bonds"": [], ""formed_bonds"": [{""probe_id"": ""q02"", ""order"": 1.0}, {""probe_id"": ""q03"", ""order"": 1.0}]}"
bondset_a8475bfff6908e63,"{""broken_bonds"": [], ""formed_bonds"": [{""probe_id"": ""q00"", ""order"": 1.0}]}"
bondset_ec843bec478cdacd,"{""broken_bonds"": [{""probe_id"": ""q03"", ""order"": 1.0}], ""formed_bonds"": [{""probe_id"": ""q01"", ""order"": 1.0}, {""probe_id"": ""q02"", ""order"": 1.0}, {""probe_id"": ""q03"", ""order"": 2.0}]}"
bondset_2bd201d67eb5acf0,"{""broken_bonds"": [{""probe_id"": ""q02"", ""order"": 2.0}], ""formed_bonds"": [{""probe_id"": ""q02"", ""order"": 1.0}]}"
bondset_57124beda86cdedb,"{""broken_bonds"": [{""probe_id"": ""q00"", ""order"": 1.0}], ""formed_bonds"": [{""probe_id"": ""q03"", ""order"": 1.0}]}"
bondset_4b3ee083fe5fa04e,"{""broken_bonds"": [{""probe_id"": ""q00"", ""order"": 2.0}, {""probe_id"": ""q03"", ""order"": 1.0}], ""formed_bonds"": [{""probe_id"": ""q00"", ""order"": 1.0}, {""probe_id"": ""q03"", ""order"": 2.0}]}"
bondset_010536a1b68ccaf6,"{""broken_bonds"": [{""probe_id"": ""q00"", ""order"": 1.0}], ""formed_bonds"": [{""probe_id"": ""q01"", ""order"": 1.0}]}"
bondset_ad8ee0f0a80c35cd,"{""broken_bonds"": [], ""formed_bonds"": []}"
bondset_4d2e96af679c0509,"{""broken_bonds"": [{""probe_id"": ""q02"", ""order"": 1.0}], ""formed_bonds"": []}"
bondset_e0626bb7a8aa64f0,"{""broken_bonds"": [], ""formed_bonds"": [{""probe_id"": ""q00"", ""order"": 1.0}]}"
bondset_3aaa675ba479dbc6,"{""broken_bonds"": [], ""formed_bonds"": [{""probe_id"": ""q03"", ""order"": 1.0}]}"
bondset_76ef5d83f33a0dd5,"{""broken_bonds"": [], ""formed_bonds"": [{""probe_id"": ""q03"", ""order"": 1.0}]}"
bondset_a2bfd63998b399c1,"{""broken_bonds"": [{""probe_id"": ""q00"", ""order"": 2.0}], ""formed_bonds"": [{""probe_id"": ""q00"", ""order"": 1.0}]}"
bondset_c5810cd656fb93ec,"{""broken_bonds"": [], ""formed_bonds"": [{""probe_id"": ""q02"", ""order"": 1.0}, {""probe_id"": ""q03"", ""order"": 1.0}]}"
bondset_f44fb54f5deb1022,"{""broken_bonds"": [], ""formed_bonds"": [{""probe_id"": ""q03"", ""order"": 1.0}]}"
bondset_fa069d6e78246fc1,"{""broken_bonds"": [{""probe_id"": ""q02"", ""order"": 1.0}], ""formed_bonds"": []}"
bondset_3253b8aa6f0006b5,"{""broken_bonds"": [], ""formed_bonds"": [{""probe_id"": ""q01"", ""order"": 1.0}]}"
bondset_c890eb5f16e9bf14,"{""broken_bonds"": [], ""formed_bonds"": [{""probe_id"": ""q00"", ""order"": 1.0}]}"
bondset_563c172fdcd4d309,"{""broken_bonds"": [], ""formed_bonds"": [{""probe_id"": ""q02"", ""order"": 1.0}]}"
bondset_1a9a249c6541e478,"{""broken_bonds"": [{""probe_id"": ""q01"", ""order"": 1.0}], ""formed_bonds"": [{""probe_id"": ""q01"", ""order"": 2.0}]}"
bondset_9a6daddb0fc2dcd5,"{""broken_bonds"": [], ""formed_bonds"": [{""probe_id"": ""q01"", ""order"": 1.0}, {""probe_id"": ""q02"", ""order"": 1.0}]}"
bondset_ea5055ef5952279b,"{""broken_bonds"": [], ""formed_bonds"": [{""probe_id"": ""q03"", ""order"": 1.0}]}"
bondset_3379c1421478ff1a,"{""broken_bonds"": [], ""formed_bonds"": [{""probe_id"": ""q00"", ""order"": 1.0}, {""probe_id"": ""q03"", ""order"": 1.0}]}"
bondset_55ac14008f268772,"{""broken_bonds"": [], ""formed_bonds"": [{""probe_id"": ""q02"", ""order"": 1.0}]}"
bondset_7d62638d6cc642b2,"{""broken_bonds"": [], ""formed_bonds"": []}"
bondset_83275fe23357f6c6,"{""broken_bonds"": [{""probe_id"": ""q01"", ""order"": 2.0}], ""formed_bonds"": [{""probe_id"": ""q01"", ""order"": 1.0}]}"
bondset_2e153774a3db5767,"{""broken_bonds"": [{""probe_id"": ""q00"", ""order"": 1.0}, {""probe_id"": ""q02"", ""order"": 1.0}], ""formed_bonds"": [{""probe_id"": ""q01"", ""order"": 1.0}]}"
bondset_3fde4a34ab3676da,"{""broken_bonds"": [], ""formed_bonds"": [{""probe_id"": ""q00"", ""order"": 1.0}]}"
bondset_0855da4e2413aa99,"{""broken_bonds"": [], ""formed_bonds"": [{""probe_id"": ""q02"", ""order"": 1.0}]}"
bondset_706bc6126d6faf1a,"{""broken_bonds"": [{""probe_id"": ""q01"", ""order"": 1.0}], ""formed_bonds"": [{""probe_id"": ""q00"", ""order"": 1.0}]}"
bondset_5b5f5d4b229bd4d0,"{""broken_bonds"": [{""probe_id"": ""q03"", ""order"": 2.0}], ""formed_bonds"": [{""probe_id"": ""q03"", ""order"": 1.0}]}"
bondset_f032aff6f1d7a981,"{""broken_bonds"": [{""probe_id"": ""q00"", ""order"": 1.0}], ""formed_bonds"": [{""probe_id"": ""q01"", ""order"": 1.0}, {""probe_id"": ""q02"", ""order"": 1.0}]}"
bondset_b927c10f5602d5e7,"{""broken_bonds"": [{""probe_id"": ""q00"", ""order"": 1.0}], ""formed_bonds"": []}"
bondset_58022d2e39bfef88,"{""broken_bonds"": [{""probe_id"": ""q03"", ""order"": 1.0}], ""formed_bonds"": [{""probe_id"": ""q03"", ""order"": 2.0}]}"
bondset_af9287588da916c0,"{""broken_bonds"": [{""probe_id"": ""q03"", ""order"": 1.0}], ""formed_bonds"": []}"
bondset_446037905d7a6d0a,"{""broken_bonds"": [{""probe_id"": ""q00"", ""order"": 1.0}], ""formed_bonds"": [{""probe_id"": ""q03"", ""order"": 1.0}]}"
bondset_5f25db248e71817e,"{""broken_bonds"": [], ""formed_bonds"": []}"
