episode_id,call_predictions_json,graph_json,confidence
bat_ep_364ef6fdf7e2,"[{""call_id"":""call_009a29b7f2ee"",""caller"":""Bat_B"",""addressee"":""Bat_A"",""context"":""SLEEPING"",""confidence"":0.6181982131108399},{""call_id"":""call_11bb1623256f"",""caller"":""Bat_B"",""addressee"":""Bat_A"",""context"":""SLEEPING"",""confidence"":0.67261411732893},{""call_id"":""call_161ef0e6a5ef"",""caller"":""Bat_B"",""addressee"":""Bat_A"",""context"":""SLEEPING"",""confidence"":0.6089486652493877},{""call_id"":""call_264b29831e86"",""caller"":""Bat_B"",""addressee"":""Bat_A"",""context"":""SLEEPING"",""confidence"":0.6967141037456452},{""call_id"":""call_371299dc883c"",""caller"":""Bat_B"",""addressee"":""Bat_A"",""context"":""SLEEPING"",""confidence"":0.6680915529955002},{""call_id"":""call_581b68407a7b"",""caller"":""Bat_B"",""addressee"":""Bat_A"",""context"":""SLEEPING"",""confidence"":0.43890247875799326},{""call_id"":""call_5f9459582481"",""caller"":""Bat_B"",""addressee"":""Bat_A"",""context"":""SLEEPING"",""confidence"":0.6568550929218446},{""call_id"":""call_68f311058783"",""caller"":""Bat_B"",""addressee"":""Bat_A"",""context"":""SLEEPING"",""confidence"":0.6570354548615196},{""call_id"":""call_76f77f819b82"",""caller"":""Bat_B"",""addressee"":""Bat_A"",""context"":""SLEEPING"",""confidence"":0.6260400681111119},{""call_id"":""call_8dc49b3c945c"",""caller"":""Bat_B"",""addressee"":""Bat_A"",""context"":""SLEEPING"",""confidence"":0.6581530640258157},{""call_id"":""call_98790f11497c"",""caller"":""Bat_B"",""addressee"":""Bat_A"",""context"":""SLEEPING"",""confidence"":0.5548889336549682},{""call_id"":""call_fd04e8c2b37b"",""caller"":""Bat_B"",""addressee"":""Bat_A"",""context"":""SLEEPING"",""confidence"":0.5924185516630136}]","{""edges"":[{""source"":""Bat_B"",""target"":""Bat_A"",""count"":12,""contexts"":{""SLEEPING"":12}}]}",0.5884825311837966
bat_ep_b1f31bd52e90,"[{""call_id"":""call_01ed1e1cc273"",""caller"":""Bat_C"",""addressee"":""Bat_D"",""context"":""SLEEPING"",""confidence"":0.44587264917109226},{""call_id"":""call_1598e96ea88d"",""caller"":""Bat_A"",""addressee"":""Bat_D"",""context"":""SLEEPING"",""confidence"":0.44679102868543563},{""call_id"":""call_2da489847977"",""caller"":""Bat_C"",""addressee"":""Bat_D"",""context"":""SLEEPING"",""confidence"":0.4452413714819688},{""call_id"":""call_368894a40856"",""caller"":""Bat_A"",""addressee"":""Bat_D"",""context"":""SLEEPING"",""confidence"":0.5216853031283339},{""call_id"":""call_392a06e8bbb2"",""caller"":""Bat_A"",""addressee"":""Bat_B"",""context"":""SLEEPING"",""confidence"":0.33258635458915414},{""call_id"":""call_613a00aecdd2"",""caller"":""Bat_A"",""addressee"":""Bat_B"",""context"":""SLEEPING"",""confidence"":0.45711166394178965},{""call_id"":""call_621c84cded0f"",""caller"":""Bat_A"",""addressee"":""Bat_D"",""context"":""SLEEPING"",""confidence"":0.4464552713794875},{""call_id"":""call_653fbeaed1bf"",""caller"":""Bat_A"",""addressee"":""Bat_B"",""context"":""SLEEPING"",""confidence"":0.4541545784595258},{""call_id"":""call_85bf49fd3ac0"",""caller"":""Bat_A"",""addressee"":""Bat_D"",""context"":""SLEEPING"",""confidence"":0.46201238547317897},{""call_id"":""call_90e63ae9e01d"",""caller"":""Bat_A"",""addressee"":""Bat_D"",""context"":""SLEEPING"",""confidence"":0.5044382031452087},{""call_id"":""call_a6ff0a5c92cd"",""caller"":""Bat_A"",""addressee"":""Bat_B"",""context"":""SLEEPING"",""confidence"":0.4009288849970305},{""call_id"":""call_a9376ad90926"",""caller"":""Bat_C"",""addressee"":""Bat_D"",""context"":""SLEEPING"",""confidence"":0.40594354092244445},{""call_id"":""call_b8e907d4b4e0"",""caller"":""Bat_A"",""addressee"":""Bat_B"",""context"":""SLEEPING"",""confidence"":0.5142343276291228},{""call_id"":""call_ddbfdf6377dd"",""caller"":""Bat_D"",""addressee"":""Bat_C"",""context"":""SLEEPING"",""confidence"":0.35815423419131814},{""call_id"":""call_e17ebb5cd35c"",""caller"":""Bat_A"",""addressee"":""Bat_D"",""context"":""SLEEPING"",""confidence"":0.4235964671857521},{""call_id"":""call_edce9e7ace7b"",""caller"":""Bat_A"",""addressee"":""Bat_B"",""context"":""SLEEPING"",""confidence"":0.4968067617778277}]","{""edges"":[{""source"":""Bat_A"",""target"":""Bat_B"",""count"":6,""contexts"":{""SLEEPING"":6}},{""source"":""Bat_A"",""target"":""Bat_D"",""count"":6,""contexts"":{""SLEEPING"":6}},{""source"":""Bat_C"",""target"":""Bat_D"",""count"":3,""contexts"":{""SLEEPING"":3}},{""source"":""Bat_D"",""target"":""Bat_C"",""count"":1,""contexts"":{""SLEEPING"":1}}]}",0.4558169666614943
bat_ep_abe8ac45420c,"[{""call_id"":""call_03a755070639"",""caller"":""Bat_C"",""addressee"":""UNKNOWN"",""context"":""SLEEPING"",""confidence"":0.4581753345738732},{""call_id"":""call_2695304df0e0"",""caller"":""Bat_C"",""addressee"":""UNKNOWN"",""context"":""SLEEPING"",""confidence"":0.47880187723601203},{""call_id"":""call_28153a68089f"",""caller"":""Bat_C"",""addressee"":""UNKNOWN"",""context"":""SLEEPING"",""confidence"":0.45959140053618364},{""call_id"":""call_3b38c116196b"",""caller"":""Bat_C"",""addressee"":""Bat_A"",""context"":""SLEEPING"",""confidence"":0.5039626262562211},{""call_id"":""call_3c4fd98edced"",""caller"":""Bat_C"",""addressee"":""Bat_A"",""context"":""SLEEPING"",""confidence"":0.4552506558468431},{""call_id"":""call_49cdc021b2b0"",""caller"":""Bat_C"",""addressee"":""UNKNOWN"",""context"":""SLEEPING"",""confidence"":0.4698574424834078},{""call_id"":""call_4a22b44ee9e6"",""caller"":""Bat_C"",""addressee"":""Bat_A"",""context"":""SLEEPING"",""confidence"":0.4385306312580953},{""call_id"":""call_51a0adefe3ff"",""caller"":""Bat_A"",""addressee"":""Bat_B"",""context"":""SLEEPING"",""confidence"":0.46160762887403456},{""call_id"":""call_62e5d76375e5"",""caller"":""Bat_C"",""addressee"":""UNKNOWN"",""context"":""SLEEPING"",""confidence"":0.45132285522563537},{""call_id"":""call_bd81a72b1a25"",""caller"":""Bat_C"",""addressee"":""Bat_A"",""context"":""SLEEPING"",""confidence"":0.4656635054120736},{""call_id"":""call_bfcf8655369f"",""caller"":""Bat_B"",""addressee"":""Bat_A"",""context"":""SLEEPING"",""confidence"":0.46975372702285223},{""call_id"":""call_e2eb0e1ce63d"",""caller"":""Bat_C"",""addressee"":""Bat_A"",""context"":""SLEEPING"",""confidence"":0.4933860978245544},{""call_id"":""call_e67225a50f44"",""caller"":""Bat_C"",""addressee"":""UNKNOWN"",""context"":""SLEEPING"",""confidence"":0.43794098125187125}]","{""edges"":[{""source"":""Bat_A"",""target"":""Bat_B"",""count"":1,""contexts"":{""SLEEPING"":1}},{""source"":""Bat_B"",""target"":""Bat_A"",""count"":1,""contexts"":{""SLEEPING"":1}},{""source"":""Bat_C"",""target"":""Bat_A"",""count"":5,""contexts"":{""SLEEPING"":5}}]}",0.4809826178488197
bat_ep_5c22e3fe148a,"[{""call_id"":""call_0405a6f978c5"",""caller"":""Bat_D"",""addressee"":""Bat_C"",""context"":""SLEEPING"",""confidence"":0.35591777587939605},{""call_id"":""call_2310c19feed9"",""caller"":""Bat_D"",""addressee"":""Bat_C"",""context"":""SLEEPING"",""confidence"":0.4418540512119187},{""call_id"":""call_61168de2a619"",""caller"":""Bat_D"",""addressee"":""Bat_B"",""context"":""SLEEPING"",""confidence"":0.4160437722039238},{""call_id"":""call_624f3a6c9440"",""caller"":""Bat_C"",""addressee"":""Bat_B"",""context"":""SLEEPING"",""confidence"":0.3376692240938036},{""call_id"":""call_89cb0b2ee12b"",""caller"":""Bat_D"",""addressee"":""Bat_B"",""context"":""SLEEPING"",""confidence"":0.44878881100175566},{""call_id"":""call_abb337180359"",""caller"":""Bat_A"",""addressee"":""Bat_C"",""context"":""SLEEPING"",""confidence"":0.44305884787348226},{""call_id"":""call_b827817935eb"",""caller"":""Bat_D"",""addressee"":""Bat_B"",""context"":""SLEEPING"",""confidence"":0.4434177245260882},{""call_id"":""call_b8c27fadcd39"",""caller"":""Bat_A"",""addressee"":""Bat_B"",""context"":""SLEEPING"",""confidence"":0.4405684315528753},{""call_id"":""call_c4a131f389b9"",""caller"":""Bat_D"",""addressee"":""Bat_B"",""context"":""SLEEPING"",""confidence"":0.3702850362078323},{""call_id"":""call_cd6cb166967b"",""caller"":""Bat_D"",""addressee"":""Bat_C"",""context"":""SLEEPING"",""confidence"":0.4112291665639124},{""call_id"":""call_d2c966906a31"",""caller"":""Bat_D"",""addressee"":""Bat_B"",""context"":""SLEEPING"",""confidence"":0.3659891215478287},{""call_id"":""call_d95e96150cd6"",""caller"":""Bat_A"",""addressee"":""Bat_C"",""context"":""SLEEPING"",""confidence"":0.4595846569381677}]","{""edges"":[{""source"":""Bat_A"",""target"":""Bat_B"",""count"":1,""contexts"":{""SLEEPING"":1}},{""source"":""Bat_A"",""target"":""Bat_C"",""count"":2,""contexts"":{""SLEEPING"":2}},{""source"":""Bat_C"",""target"":""Bat_B"",""count"":1,""contexts"":{""SLEEPING"":1}},{""source"":""Bat_D"",""target"":""Bat_B"",""count"":5,""contexts"":{""SLEEPING"":5}},{""source"":""Bat_D"",""target"":""Bat_C"",""count"":3,""contexts"":{""SLEEPING"":3}}]}",0.488580954684034
bat_ep_ef5c0686208c,"[{""call_id"":""call_06e84e3e99b1"",""caller"":""Bat_B"",""addressee"":""Bat_D"",""context"":""SLEEPING"",""confidence"":0.4356033502098869},{""call_id"":""call_079e3ef3129a"",""caller"":""Bat_D"",""addressee"":""Bat_B"",""context"":""SLEEPING"",""confidence"":0.42121136973284623},{""call_id"":""call_1ae8177e081e"",""caller"":""Bat_D"",""addressee"":""Bat_A"",""context"":""SLEEPING"",""confidence"":0.3838049242290869},{""call_id"":""call_293b05b0501e"",""caller"":""Bat_B"",""addressee"":""UNKNOWN"",""context"":""SLEEPING"",""confidence"":0.389545312312164},{""call_id"":""call_2c41852ac87d"",""caller"":""Bat_C"",""addressee"":""Bat_D"",""context"":""SLEEPING"",""confidence"":0.4354428102733889},{""call_id"":""call_2d8d20230c32"",""caller"":""Bat_C"",""addressee"":""Bat_D"",""context"":""SLEEPING"",""confidence"":0.4377962915989897},{""call_id"":""call_57aad492f050"",""caller"":""Bat_B"",""addressee"":""UNKNOWN"",""context"":""SLEEPING"",""confidence"":0.39342350365847334},{""call_id"":""call_5bfe46851b86"",""caller"":""Bat_C"",""addressee"":""Bat_D"",""context"":""SLEEPING"",""confidence"":0.3797068061790866},{""call_id"":""call_844caf21745b"",""caller"":""Bat_B"",""addressee"":""UNKNOWN"",""context"":""SLEEPING"",""confidence"":0.4308651301997648},{""call_id"":""call_852b4a380538"",""caller"":""Bat_D"",""addressee"":""Bat_B"",""context"":""SLEEPING"",""confidence"":0.383814437323084},{""call_id"":""call_9c1b42bfa3d0"",""caller"":""Bat_C"",""addressee"":""Bat_D"",""context"":""SLEEPING"",""confidence"":0.4412974901467379},{""call_id"":""call_a93481330ccd"",""caller"":""Bat_D"",""addressee"":""Bat_A"",""context"":""SLEEPING"",""confidence"":0.4370395839010267},{""call_id"":""call_c4174be98f48"",""caller"":""Bat_D"",""addressee"":""Bat_A"",""context"":""SLEEPING"",""confidence"":0.3803269780119997},{""call_id"":""call_d50dd5c84ffb"",""caller"":""Bat_A"",""addressee"":""Bat_B"",""context"":""SLEEPING"",""confidence"":0.4530510052369085},{""call_id"":""call_d9d44828bb85"",""caller"":""Bat_C"",""addressee"":""Bat_D"",""context"":""SLEEPING"",""confidence"":0.3759578417574009},{""call_id"":""call_ebd3c0535c47"",""caller"":""Bat_B"",""addressee"":""Bat_D"",""context"":""SLEEPING"",""confidence"":0.3791204813035563}]","{""edges"":[{""source"":""Bat_A"",""target"":""Bat_B"",""count"":1,""contexts"":{""SLEEPING"":1}},{""source"":""Bat_B"",""target"":""Bat_D"",""count"":2,""contexts"":{""SLEEPING"":2}},{""source"":""Bat_C"",""target"":""Bat_D"",""count"":5,""contexts"":{""SLEEPING"":5}},{""source"":""Bat_D"",""target"":""Bat_A"",""count"":3,""contexts"":{""SLEEPING"":3}},{""source"":""Bat_D"",""target"":""Bat_B"",""count"":2,""contexts"":{""SLEEPING"":2}}]}",0.4483832500100721
bat_ep_25ea9088f0a5,"[{""call_id"":""call_07bb02b5facf"",""caller"":""Bat_B"",""addressee"":""Bat_A"",""context"":""SLEEPING"",""confidence"":0.5010614736423127},{""call_id"":""call_2c29dd5278fc"",""caller"":""Bat_C"",""addressee"":""Bat_A"",""context"":""FEEDING"",""confidence"":0.4878990199706747},{""call_id"":""call_38094d8a2d21"",""caller"":""Bat_B"",""addressee"":""Bat_A"",""context"":""SLEEPING"",""confidence"":0.4637660255837531},{""call_id"":""call_5ecc30042235"",""caller"":""Bat_C"",""addressee"":""Bat_A"",""context"":""SLEEPING"",""confidence"":0.468074636126622},{""call_id"":""call_7b1dd86fa7a3"",""caller"":""Bat_B"",""addressee"":""Bat_A"",""context"":""SLEEPING"",""confidence"":0.4870244557477879},{""call_id"":""call_83b7060754bb"",""caller"":""Bat_B"",""addressee"":""Bat_A"",""context"":""SLEEPING"",""confidence"":0.48496360745329625},{""call_id"":""call_890c1d14e81a"",""caller"":""Bat_B"",""addressee"":""Bat_A"",""context"":""SLEEPING"",""confidence"":0.5262473471532692},{""call_id"":""call_8a808dd119f8"",""caller"":""Bat_B"",""addressee"":""Bat_A"",""context"":""SLEEPING"",""confidence"":0.4955315748905415},{""call_id"":""call_a68df5c588f9"",""caller"":""Bat_B"",""addressee"":""Bat_A"",""context"":""FEEDING"",""confidence"":0.49219471767918815},{""call_id"":""call_aaae25c2dbf3"",""caller"":""Bat_B"",""addressee"":""Bat_A"",""context"":""SLEEPING"",""confidence"":0.4947360712980239},{""call_id"":""call_dae001355d4d"",""caller"":""Bat_B"",""addressee"":""Bat_A"",""context"":""SLEEPING"",""confidence"":0.5098360194758133},{""call_id"":""call_f15dd90bfbe4"",""caller"":""Bat_B"",""addressee"":""Bat_A"",""context"":""SLEEPING"",""confidence"":0.520099482154216},{""call_id"":""call_f3aa51c6b88f"",""caller"":""Bat_B"",""addressee"":""Bat_A"",""context"":""SLEEPING"",""confidence"":0.441763850582503},{""call_id"":""call_f5d19f3320eb"",""caller"":""Bat_B"",""addressee"":""Bat_A"",""context"":""SLEEPING"",""confidence"":0.45520121822421034},{""call_id"":""call_fbcb9732a911"",""caller"":""Bat_A"",""addressee"":""Bat_C"",""context"":""SLEEPING"",""confidence"":0.4889607285221975}]","{""edges"":[{""source"":""Bat_A"",""target"":""Bat_C"",""count"":1,""contexts"":{""SLEEPING"":1}},{""source"":""Bat_B"",""target"":""Bat_A"",""count"":12,""contexts"":{""FEEDING"":1,""SLEEPING"":11}},{""source"":""Bat_C"",""target"":""Bat_A"",""count"":2,""contexts"":{""FEEDING"":1,""SLEEPING"":1}}]}",0.483662743719124
bat_ep_64c836073577,"[{""call_id"":""call_0837d4cfca9d"",""caller"":""Bat_C"",""addressee"":""Bat_D"",""context"":""SLEEPING"",""confidence"":0.40624756704570936},{""call_id"":""call_0c26d475864b"",""caller"":""Bat_C"",""addressee"":""Bat_B"",""context"":""SLEEPING"",""confidence"":0.430532654265882},{""call_id"":""call_12e82214f6a3"",""caller"":""Bat_D"",""addressee"":""Bat_B"",""context"":""SLEEPING"",""confidence"":0.5071154930736818},{""call_id"":""call_234289052300"",""caller"":""Bat_D"",""addressee"":""Bat_A"",""context"":""SLEEPING"",""confidence"":0.49928860154140337},{""call_id"":""call_34315f8c756a"",""caller"":""Bat_A"",""addressee"":""Bat_B"",""context"":""SLEEPING"",""confidence"":0.3824431952314667},{""call_id"":""call_3b4fa1950320"",""caller"":""Bat_A"",""addressee"":""Bat_B"",""context"":""SLEEPING"",""confidence"":0.3859408283905021},{""call_id"":""call_40c1d30ddbfb"",""caller"":""Bat_D"",""addressee"":""Bat_B"",""context"":""SLEEPING"",""confidence"":0.4240114474356841},{""call_id"":""call_66b6541b76b2"",""caller"":""Bat_C"",""addressee"":""Bat_B"",""context"":""SLEEPING"",""confidence"":0.36231499984936544},{""call_id"":""call_700862e57c16"",""caller"":""Bat_C"",""addressee"":""Bat_B"",""context"":""SLEEPING"",""confidence"":0.35813411952615254},{""call_id"":""call_7d623b0ddb25"",""caller"":""Bat_A"",""addressee"":""Bat_B"",""context"":""SLEEPING"",""confidence"":0.4046289964955869},{""call_id"":""call_7db40f87e2a5"",""caller"":""Bat_D"",""addressee"":""Bat_B"",""context"":""SLEEPING"",""confidence"":0.4489187867306748},{""call_id"":""call_ae1341f91be2"",""caller"":""Bat_C"",""addressee"":""Bat_B"",""context"":""SLEEPING"",""confidence"":0.4176264890716091},{""call_id"":""call_b5db84b696a7"",""caller"":""Bat_A"",""addressee"":""Bat_D"",""context"":""SLEEPING"",""confidence"":0.45890866547539805},{""call_id"":""call_fa842cba260a"",""caller"":""Bat_C"",""addressee"":""Bat_B"",""context"":""SLEEPING"",""confidence"":0.3398101480068137}]","{""edges"":[{""source"":""Bat_A"",""target"":""Bat_B"",""count"":3,""contexts"":{""SLEEPING"":3}},{""source"":""Bat_A"",""target"":""Bat_D"",""count"":1,""contexts"":{""SLEEPING"":1}},{""source"":""Bat_C"",""target"":""Bat_B"",""count"":5,""contexts"":{""SLEEPING"":5}},{""source"":""Bat_C"",""target"":""Bat_D"",""count"":1,""contexts"":{""SLEEPING"":1}},{""source"":""Bat_D"",""target"":""Bat_A"",""count"":1,""contexts"":{""SLEEPING"":1}},{""source"":""Bat_D"",""target"":""Bat_B"",""count"":3,""contexts"":{""SLEEPING"":3}}]}",0.4822805995691798
bat_ep_e0d68ce626af,"[{""call_id"":""call_08edcc854725"",""caller"":""Bat_A"",""addressee"":""Bat_B"",""context"":""SLEEPING"",""confidence"":0.5879832692175216},{""call_id"":""call_231df8fca57f"",""caller"":""Bat_B"",""addressee"":""Bat_A"",""context"":""SLEEPING"",""confidence"":0.7072871525961971},{""call_id"":""call_39330f1da5ff"",""caller"":""Bat_B"",""addressee"":""Bat_A"",""context"":""SLEEPING"",""confidence"":0.670721594989174},{""call_id"":""call_7248d845e5a3"",""caller"":""Bat_B"",""addressee"":""Bat_A"",""context"":""SLEEPING"",""confidence"":0.6528662577205413},{""call_id"":""call_7e67d0cf9edf"",""caller"":""Bat_B"",""addressee"":""Bat_A"",""context"":""SLEEPING"",""confidence"":0.6518145425617551},{""call_id"":""call_82256a09b356"",""caller"":""Bat_B"",""addressee"":""Bat_A"",""context"":""SLEEPING"",""confidence"":0.6381296090357073},{""call_id"":""call_8e846aafd3b5"",""caller"":""Bat_A"",""addressee"":""Bat_B"",""context"":""SLEEPING"",""confidence"":0.6184013213748557},{""call_id"":""call_91d967db5648"",""caller"":""Bat_A"",""addressee"":""Bat_B"",""context"":""SLEEPING"",""confidence"":0.5025820803887743},{""call_id"":""call_946fd35f249c"",""caller"":""Bat_B"",""addressee"":""Bat_A"",""context"":""SLEEPING"",""confidence"":0.6768399608637737},{""call_id"":""call_96ea00f39a46"",""caller"":""Bat_B"",""addressee"":""Bat_A"",""context"":""SLEEPING"",""confidence"":0.5792620808856827},{""call_id"":""call_bb14a61df64c"",""caller"":""Bat_B"",""addressee"":""Bat_A"",""context"":""SLEEPING"",""confidence"":0.61300113715242},{""call_id"":""call_ec9d7fb3bbae"",""caller"":""Bat_B"",""addressee"":""Bat_A"",""context"":""SLEEPING"",""confidence"":0.477061699174565},{""call_id"":""call_f1321fdf45c1"",""caller"":""Bat_B"",""addressee"":""Bat_A"",""context"":""SLEEPING"",""confidence"":0.5673447577538389},{""call_id"":""call_ff196bb25a46"",""caller"":""Bat_B"",""addressee"":""Bat_A"",""context"":""SLEEPING"",""confidence"":0.6724853225361305}]","{""edges"":[{""source"":""Bat_A"",""target"":""Bat_B"",""count"":3,""contexts"":{""SLEEPING"":3}},{""source"":""Bat_B"",""target"":""Bat_A"",""count"":11,""contexts"":{""SLEEPING"":11}}]}",0.5987229625831682
bat_ep_98df1ab0f15f,"[{""call_id"":""call_0b30b64d8fe6"",""caller"":""Bat_B"",""addressee"":""Bat_C"",""context"":""SLEEPING"",""confidence"":0.5091892438673672},{""call_id"":""call_103512488e26"",""caller"":""Bat_B"",""addressee"":""Bat_C"",""context"":""FEEDING"",""confidence"":0.4628658630779453},{""call_id"":""call_1b030d26269d"",""caller"":""Bat_B"",""addressee"":""Bat_C"",""context"":""SLEEPING"",""confidence"":0.4336237737302254},{""call_id"":""call_3cc60efc6ec0"",""caller"":""Bat_B"",""addressee"":""Bat_C"",""context"":""FEEDING"",""confidence"":0.488144383617138},{""call_id"":""call_57c9878c6820"",""caller"":""Bat_B"",""addressee"":""Bat_C"",""context"":""SLEEPING"",""confidence"":0.4075260102742827},{""call_id"":""call_7c6965b0b726"",""caller"":""Bat_B"",""addressee"":""Bat_C"",""context"":""SLEEPING"",""confidence"":0.46715566472856324},{""call_id"":""call_84785f38c9de"",""caller"":""Bat_B"",""addressee"":""Bat_C"",""context"":""SLEEPING"",""confidence"":0.46790586512538485},{""call_id"":""call_8b878e21b115"",""caller"":""Bat_A"",""addressee"":""Bat_C"",""context"":""SLEEPING"",""confidence"":0.4796754587494407},{""call_id"":""call_8ea2d6d753a6"",""caller"":""Bat_B"",""addressee"":""Bat_C"",""context"":""SLEEPING"",""confidence"":0.4660117515707475},{""call_id"":""call_90d929a0894e"",""caller"":""Bat_B"",""addressee"":""Bat_C"",""context"":""SLEEPING"",""confidence"":0.4872687533171158},{""call_id"":""call_ae53dfdbd28c"",""caller"":""Bat_A"",""addressee"":""Bat_C"",""context"":""SLEEPING"",""confidence"":0.49184595835470213},{""call_id"":""call_b1585a723b9a"",""caller"":""Bat_B"",""addressee"":""Bat_C"",""context"":""SLEEPING"",""confidence"":0.4599179154111708},{""call_id"":""call_c8a453ddcdf6"",""caller"":""Bat_B"",""addressee"":""Bat_C"",""context"":""SLEEPING"",""confidence"":0.48646526489376807},{""call_id"":""call_d4aebdfd29b4"",""caller"":""Bat_B"",""addressee"":""Bat_C"",""context"":""SLEEPING"",""confidence"":0.4919439481818629},{""call_id"":""call_e1cf29246f88"",""caller"":""Bat_B"",""addressee"":""Bat_C"",""context"":""SLEEPING"",""confidence"":0.5100795924976891},{""call_id"":""call_fafc7aa10162"",""caller"":""Bat_B"",""addressee"":""Bat_C"",""context"":""SLEEPING"",""confidence"":0.45220680918889067}]","{""edges"":[{""source"":""Bat_A"",""target"":""Bat_C"",""count"":2,""contexts"":{""SLEEPING"":2}},{""source"":""Bat_B"",""target"":""Bat_C"",""count"":14,""contexts"":{""FEEDING"":2,""SLEEPING"":12}}]}",0.4624583712259041
bat_ep_110704680470,"[{""call_id"":""call_0f17c843c9ae"",""caller"":""Bat_B"",""addressee"":""Bat_C"",""context"":""SLEEPING"",""confidence"":0.43249276660696784},{""call_id"":""call_22f7407eb95b"",""caller"":""Bat_B"",""addressee"":""Bat_C"",""context"":""SLEEPING"",""confidence"":0.49589832981216486},{""call_id"":""call_301086fe6448"",""caller"":""Bat_A"",""addressee"":""Bat_C"",""context"":""SLEEPING"",""confidence"":0.4969253179705752},{""call_id"":""call_333d2db5b107"",""caller"":""Bat_A"",""addressee"":""Bat_C"",""context"":""SLEEPING"",""confidence"":0.40668910757463117},{""call_id"":""call_401581b256a9"",""caller"":""Bat_C"",""addressee"":""Bat_A"",""context"":""SLEEPING"",""confidence"":0.4242148813699179},{""call_id"":""call_63b1d1d89305"",""caller"":""Bat_A"",""addressee"":""Bat_C"",""context"":""FEEDING"",""confidence"":0.4561402149074441},{""call_id"":""call_80e2cc311b60"",""caller"":""Bat_A"",""addressee"":""Bat_C"",""context"":""SLEEPING"",""confidence"":0.4988001884395679},{""call_id"":""call_97197f04bc10"",""caller"":""Bat_A"",""addressee"":""Bat_C"",""context"":""SLEEPING"",""confidence"":0.5375361231431117},{""call_id"":""call_b1b18b24728f"",""caller"":""Bat_B"",""addressee"":""Bat_C"",""context"":""SLEEPING"",""confidence"":0.48891131960014644},{""call_id"":""call_b79c5f41a7e5"",""caller"":""Bat_A"",""addressee"":""Bat_C"",""context"":""SLEEPING"",""confidence"":0.4287115011766591},{""call_id"":""call_f1b78a9e9c35"",""caller"":""Bat_A"",""addressee"":""Bat_C"",""context"":""SLEEPING"",""confidence"":0.4961534361870129},{""call_id"":""call_ff38f29fbcf9"",""caller"":""Bat_A"",""addressee"":""Bat_C"",""context"":""SLEEPING"",""confidence"":0.4517631291554459}]","{""edges"":[{""source"":""Bat_A"",""target"":""Bat_C"",""count"":8,""contexts"":{""FEEDING"":1,""SLEEPING"":7}},{""source"":""Bat_B"",""target"":""Bat_C"",""count"":3,""contexts"":{""SLEEPING"":3}},{""source"":""Bat_C"",""target"":""Bat_A"",""count"":1,""contexts"":{""SLEEPING"":1}}]}",0.4725835482740766
bat_ep_0cc3021350c1,"[{""call_id"":""call_0f291f5798db"",""caller"":""Bat_B"",""addressee"":""Bat_A"",""context"":""SLEEPING"",""confidence"":0.33703562523214176},{""call_id"":""call_3a25764b8e42"",""caller"":""Bat_D"",""addressee"":""Bat_A"",""context"":""SLEEPING"",""confidence"":0.34834477968830374},{""call_id"":""call_49a899754673"",""caller"":""Bat_D"",""addressee"":""Bat_A"",""context"":""SLEEPING"",""confidence"":0.36407751940961236},{""call_id"":""call_561f869d741e"",""caller"":""Bat_D"",""addressee"":""Bat_A"",""context"":""SLEEPING"",""confidence"":0.4235626310117952},{""call_id"":""call_6cab67aebe2d"",""caller"":""Bat_A"",""addressee"":""Bat_B"",""context"":""SLEEPING"",""confidence"":0.4026527239435891},{""call_id"":""call_704d385c3287"",""caller"":""Bat_B"",""addressee"":""Bat_D"",""context"":""SLEEPING"",""confidence"":0.33797335846300136},{""call_id"":""call_70ef9b68db1f"",""caller"":""Bat_D"",""addressee"":""Bat_A"",""context"":""SLEEPING"",""confidence"":0.395142348580709},{""call_id"":""call_7119e6dc98d6"",""caller"":""Bat_D"",""addressee"":""Bat_A"",""context"":""SLEEPING"",""confidence"":0.3558908650803012},{""call_id"":""call_7b7316160099"",""caller"":""Bat_A"",""addressee"":""Bat_B"",""context"":""SLEEPING"",""confidence"":0.3582984168718925},{""call_id"":""call_8a54cd5591f9"",""caller"":""Bat_C"",""addressee"":""Bat_A"",""context"":""SLEEPING"",""confidence"":0.42732655495619354},{""call_id"":""call_979af0fb6977"",""caller"":""Bat_D"",""addressee"":""Bat_A"",""context"":""SLEEPING"",""confidence"":0.42437375881726314},{""call_id"":""call_9f9f963f1a10"",""caller"":""Bat_C"",""addressee"":""Bat_A"",""context"":""SLEEPING"",""confidence"":0.41679315811743006},{""call_id"":""call_a8f9ac306b9e"",""caller"":""Bat_D"",""addressee"":""Bat_A"",""context"":""SLEEPING"",""confidence"":0.33369145532310424},{""call_id"":""call_c5d4c270b176"",""caller"":""Bat_B"",""addressee"":""Bat_A"",""context"":""SLEEPING"",""confidence"":0.4139914709136559},{""call_id"":""call_c804b27e7f26"",""caller"":""Bat_D"",""addressee"":""Bat_A"",""context"":""SLEEPING"",""confidence"":0.44769359590440494},{""call_id"":""call_f99fe024c34a"",""caller"":""Bat_A"",""addressee"":""Bat_D"",""context"":""SLEEPING"",""confidence"":0.3444601824236674}]","{""edges"":[{""source"":""Bat_A"",""target"":""Bat_B"",""count"":2,""contexts"":{""SLEEPING"":2}},{""source"":""Bat_A"",""target"":""Bat_D"",""count"":1,""contexts"":{""SLEEPING"":1}},{""source"":""Bat_B"",""target"":""Bat_A"",""count"":2,""contexts"":{""SLEEPING"":2}},{""source"":""Bat_B"",""target"":""Bat_D"",""count"":1,""contexts"":{""SLEEPING"":1}},{""source"":""Bat_C"",""target"":""Bat_A"",""count"":2,""contexts"":{""SLEEPING"":2}},{""source"":""Bat_D"",""target"":""Bat_A"",""count"":8,""contexts"":{""SLEEPING"":8}}]}",0.4555696481874125
bat_ep_9253f55f0360,"[{""call_id"":""call_0f3898117b83"",""caller"":""Bat_A"",""addressee"":""Bat_B"",""context"":""SLEEPING"",""confidence"":0.6900951839664476},{""call_id"":""call_10ec3b67377a"",""caller"":""Bat_A"",""addressee"":""Bat_B"",""context"":""SLEEPING"",""confidence"":0.6785030007650199},{""call_id"":""call_11ce87face32"",""caller"":""Bat_A"",""addressee"":""Bat_B"",""context"":""SLEEPING"",""confidence"":0.6882616786901197},{""call_id"":""call_243f9d7d1b8d"",""caller"":""Bat_A"",""addressee"":""Bat_B"",""context"":""SLEEPING"",""confidence"":0.7341544076807088},{""call_id"":""call_2c26a6cb9bec"",""caller"":""Bat_A"",""addressee"":""Bat_B"",""context"":""SLEEPING"",""confidence"":0.7165765241832073},{""call_id"":""call_4b7c0d7b129e"",""caller"":""Bat_A"",""addressee"":""Bat_B"",""context"":""SLEEPING"",""confidence"":0.7278193082672133},{""call_id"":""call_6c26277cb67c"",""caller"":""Bat_A"",""addressee"":""Bat_B"",""context"":""SLEEPING"",""confidence"":0.48660130052759715},{""call_id"":""call_6fbc09edcc25"",""caller"":""Bat_A"",""addressee"":""Bat_B"",""context"":""SLEEPING"",""confidence"":0.669202826902857},{""call_id"":""call_98ab4dd264e8"",""caller"":""Bat_A"",""addressee"":""Bat_B"",""context"":""FEEDING"",""confidence"":0.49745912936433456},{""call_id"":""call_b316b85aad51"",""caller"":""Bat_A"",""addressee"":""Bat_B"",""context"":""SLEEPING"",""confidence"":0.632017093366305},{""call_id"":""call_bb393b0e0678"",""caller"":""Bat_A"",""addressee"":""Bat_B"",""context"":""SLEEPING"",""confidence"":0.49793162870181645},{""call_id"":""call_c582deb97c9c"",""caller"":""Bat_A"",""addressee"":""Bat_B"",""context"":""SLEEPING"",""confidence"":0.6479838895296428},{""call_id"":""call_e0738845d64d"",""caller"":""Bat_A"",""addressee"":""Bat_B"",""context"":""SLEEPING"",""confidence"":0.4734772226552144},{""call_id"":""call_e4389c4d9970"",""caller"":""Bat_A"",""addressee"":""Bat_B"",""context"":""SLEEPING"",""confidence"":0.6131408722867017},{""call_id"":""call_e611dc35ae8e"",""caller"":""Bat_A"",""addressee"":""Bat_B"",""context"":""SLEEPING"",""confidence"":0.7243717721326605}]","{""edges"":[{""source"":""Bat_A"",""target"":""Bat_B"",""count"":15,""contexts"":{""FEEDING"":1,""SLEEPING"":14}}]}",0.5866071108896305
bat_ep_85b7ab0b58e7,"[{""call_id"":""call_0fc13a503e43"",""caller"":""Bat_A"",""addressee"":""Bat_C"",""context"":""SLEEPING"",""confidence"":0.3943306413984293},{""call_id"":""call_65b22806bb50"",""caller"":""Bat_A"",""addressee"":""Bat_B"",""context"":""SLEEPING"",""confidence"":0.44958152382955974},{""call_id"":""call_6674589f2509"",""caller"":""Bat_A"",""addressee"":""Bat_B"",""context"":""SLEEPING"",""confidence"":0.40415410737316204},{""call_id"":""call_710a1ca28fa8"",""caller"":""Bat_B"",""addressee"":""Bat_A"",""context"":""SLEEPING"",""confidence"":0.42989230992165745},{""call_id"":""call_8b4fc58573db"",""caller"":""Bat_B"",""addressee"":""Bat_C"",""context"":""SLEEPING"",""confidence"":0.40703372378033476},{""call_id"":""call_9a5115b04fbe"",""caller"":""Bat_A"",""addressee"":""Bat_C"",""context"":""SLEEPING"",""confidence"":0.43470915757717243},{""call_id"":""call_9e1bee352728"",""caller"":""Bat_C"",""addressee"":""Bat_A"",""context"":""SLEEPING"",""confidence"":0.4183952627848418},{""call_id"":""call_a2cb33d80cce"",""caller"":""Bat_A"",""addressee"":""Bat_C"",""context"":""SLEEPING"",""confidence"":0.393675392925611},{""call_id"":""call_bf7186c347b5"",""caller"":""Bat_A"",""addressee"":""Bat_C"",""context"":""SLEEPING"",""confidence"":0.43526337542079946},{""call_id"":""call_c2310b97a09e"",""caller"":""Bat_B"",""addressee"":""Bat_A"",""context"":""SLEEPING"",""confidence"":0.4105404493378865},{""call_id"":""call_eed7dc178d3b"",""caller"":""Bat_B"",""addressee"":""Bat_A"",""context"":""SLEEPING"",""confidence"":0.45574069520448585},{""call_id"":""call_f3b357ea96df"",""caller"":""Bat_B"",""addressee"":""Bat_A"",""context"":""SLEEPING"",""confidence"":0.40776092856533835}]","{""edges"":[{""source"":""Bat_A"",""target"":""Bat_B"",""count"":2,""contexts"":{""SLEEPING"":2}},{""source"":""Bat_A"",""target"":""Bat_C"",""count"":4,""contexts"":{""SLEEPING"":4}},{""source"":""Bat_B"",""target"":""Bat_A"",""count"":4,""contexts"":{""SLEEPING"":4}},{""source"":""Bat_B"",""target"":""Bat_C"",""count"":1,""contexts"":{""SLEEPING"":1}},{""source"":""Bat_C"",""target"":""Bat_A"",""count"":1,""contexts"":{""SLEEPING"":1}}]}",0.463540456707416
bat_ep_6536acd20208,"[{""call_id"":""call_16d827145d89"",""caller"":""Bat_B"",""addressee"":""Bat_A"",""context"":""SLEEPING"",""confidence"":0.6619630563481055},{""call_id"":""call_2b0706a488ec"",""caller"":""Bat_A"",""addressee"":""Bat_B"",""context"":""SLEEPING"",""confidence"":0.5933711037510275},{""call_id"":""call_3f031a630c6e"",""caller"":""Bat_B"",""addressee"":""Bat_A"",""context"":""SLEEPING"",""confidence"":0.6578495632641869},{""call_id"":""call_63ba81af7c52"",""caller"":""Bat_B"",""addressee"":""Bat_A"",""context"":""SLEEPING"",""confidence"":0.6473182866129732},{""call_id"":""call_6469a8284411"",""caller"":""Bat_B"",""addressee"":""Bat_A"",""context"":""SLEEPING"",""confidence"":0.5858682237875054},{""call_id"":""call_6681cf2a294e"",""caller"":""Bat_B"",""addressee"":""Bat_A"",""context"":""SLEEPING"",""confidence"":0.5978288477205751},{""call_id"":""call_703d0c4888a1"",""caller"":""Bat_B"",""addressee"":""Bat_A"",""context"":""SLEEPING"",""confidence"":0.5492814690486278},{""call_id"":""call_7a3845db6c92"",""caller"":""Bat_B"",""addressee"":""Bat_A"",""context"":""SLEEPING"",""confidence"":0.574313552670835},{""call_id"":""call_7fb72f5fe817"",""caller"":""Bat_B"",""addressee"":""Bat_A"",""context"":""SLEEPING"",""confidence"":0.6002698157755243},{""call_id"":""call_83de2d77a1f4"",""caller"":""Bat_B"",""addressee"":""Bat_A"",""context"":""SLEEPING"",""confidence"":0.643943852270142},{""call_id"":""call_c07128877faf"",""caller"":""Bat_B"",""addressee"":""Bat_A"",""context"":""SLEEPING"",""confidence"":0.6158499870918974},{""call_id"":""call_c67891cb7e7a"",""caller"":""Bat_B"",""addressee"":""Bat_A"",""context"":""SLEEPING"",""confidence"":0.6243395286945567}]","{""edges"":[{""source"":""Bat_A"",""target"":""Bat_B"",""count"":1,""contexts"":{""SLEEPING"":1}},{""source"":""Bat_B"",""target"":""Bat_A"",""count"":11,""contexts"":{""SLEEPING"":11}}]}",0.6473289284370997
bat_ep_c052d71baa1d,"[{""call_id"":""call_20e57b648674"",""caller"":""Bat_B"",""addressee"":""Bat_A"",""context"":""SLEEPING"",""confidence"":0.47413604980587426},{""call_id"":""call_2584d9ea782f"",""caller"":""Bat_B"",""addressee"":""Bat_A"",""context"":""SLEEPING"",""confidence"":0.47992915255849117},{""call_id"":""call_2b6c17dca0ef"",""caller"":""Bat_B"",""addressee"":""Bat_A"",""context"":""SLEEPING"",""confidence"":0.6261334944603091},{""call_id"":""call_46442c5b8c11"",""caller"":""Bat_B"",""addressee"":""Bat_A"",""context"":""SLEEPING"",""confidence"":0.6613359602895876},{""call_id"":""call_48f11b8f282b"",""caller"":""Bat_B"",""addressee"":""Bat_A"",""context"":""SLEEPING"",""confidence"":0.693889343259057},{""call_id"":""call_57953df2eaea"",""caller"":""Bat_B"",""addressee"":""Bat_A"",""context"":""SLEEPING"",""confidence"":0.6585990092456889},{""call_id"":""call_580deef56935"",""caller"":""Bat_B"",""addressee"":""Bat_A"",""context"":""SLEEPING"",""confidence"":0.6077660917178848},{""call_id"":""call_9aa5a0dc025f"",""caller"":""Bat_B"",""addressee"":""Bat_A"",""context"":""SLEEPING"",""confidence"":0.4909166984906062},{""call_id"":""call_a2c622a9fa62"",""caller"":""Bat_B"",""addressee"":""Bat_A"",""context"":""SLEEPING"",""confidence"":0.6615637020392025},{""call_id"":""call_a4e97246698c"",""caller"":""Bat_B"",""addressee"":""Bat_A"",""context"":""SLEEPING"",""confidence"":0.6446879429867611},{""call_id"":""call_c1bcae01a267"",""caller"":""Bat_A"",""addressee"":""Bat_B"",""context"":""SLEEPING"",""confidence"":0.5564418385873193},{""call_id"":""call_c7105a63ea89"",""caller"":""Bat_B"",""addressee"":""Bat_A"",""context"":""SLEEPING"",""confidence"":0.6610343808525825},{""call_id"":""call_d3209fb08190"",""caller"":""Bat_B"",""addressee"":""Bat_A"",""context"":""SLEEPING"",""confidence"":0.6996321613713957}]","{""edges"":[{""source"":""Bat_A"",""target"":""Bat_B"",""count"":1,""contexts"":{""SLEEPING"":1}},{""source"":""Bat_B"",""target"":""Bat_A"",""count"":12,""contexts"":{""SLEEPING"":12}}]}",0.6438151671448529
bat_ep_adf3b0730778,"[{""call_id"":""call_2715dc470e79"",""caller"":""Bat_D"",""addressee"":""Bat_A"",""context"":""SLEEPING"",""confidence"":0.466391380457677},{""call_id"":""call_315a926a0998"",""caller"":""Bat_D"",""addressee"":""Bat_A"",""context"":""SLEEPING"",""confidence"":0.3425788241637951},{""call_id"":""call_3bf58f70c84b"",""caller"":""Bat_D"",""addressee"":""Bat_A"",""context"":""SLEEPING"",""confidence"":0.34656112568741815},{""call_id"":""call_40366130ffd5"",""caller"":""Bat_C"",""addressee"":""Bat_A"",""context"":""SLEEPING"",""confidence"":0.4612333422475843},{""call_id"":""call_562ad8f6045d"",""caller"":""Bat_C"",""addressee"":""Bat_A"",""context"":""SLEEPING"",""confidence"":0.4123291397138019},{""call_id"":""call_6cd27d94cd01"",""caller"":""Bat_C"",""addressee"":""Bat_A"",""context"":""SLEEPING"",""confidence"":0.40203240077972496},{""call_id"":""call_7d623935a2ec"",""caller"":""Bat_D"",""addressee"":""Bat_A"",""context"":""SLEEPING"",""confidence"":0.48008909610222417},{""call_id"":""call_a9885b6413d4"",""caller"":""Bat_B"",""addressee"":""Bat_C"",""context"":""SLEEPING"",""confidence"":0.358445131504321},{""call_id"":""call_b52dbcc0b46d"",""caller"":""Bat_C"",""addressee"":""Bat_A"",""context"":""SLEEPING"",""confidence"":0.3777579041164442},{""call_id"":""call_c971c6cfd6c3"",""caller"":""Bat_C"",""addressee"":""Bat_A"",""context"":""SLEEPING"",""confidence"":0.41285523000890995},{""call_id"":""call_d4fb27d19829"",""caller"":""Bat_D"",""addressee"":""Bat_A"",""context"":""SLEEPING"",""confidence"":0.4622695119548383},{""call_id"":""call_daeb211d2bdd"",""caller"":""Bat_C"",""addressee"":""Bat_A"",""context"":""SLEEPING"",""confidence"":0.4356508437413714},{""call_id"":""call_e85aeeded6e6"",""caller"":""Bat_D"",""addressee"":""Bat_C"",""context"":""SLEEPING"",""confidence"":0.335376076438107},{""call_id"":""call_f671b23b28c7"",""caller"":""Bat_D"",""addressee"":""Bat_A"",""context"":""SLEEPING"",""confidence"":0.5209038716829527}]","{""edges"":[{""source"":""Bat_B"",""target"":""Bat_C"",""count"":1,""contexts"":{""SLEEPING"":1}},{""source"":""Bat_C"",""target"":""Bat_A"",""count"":6,""contexts"":{""SLEEPING"":6}},{""source"":""Bat_D"",""target"":""Bat_A"",""count"":6,""contexts"":{""SLEEPING"":6}},{""source"":""Bat_D"",""target"":""Bat_C"",""count"":1,""contexts"":{""SLEEPING"":1}}]}",0.4888688341608169
bat_ep_0f4a3ac759f0,"[{""call_id"":""call_35fb5e20833e"",""caller"":""Bat_D"",""addressee"":""UNKNOWN"",""context"":""SLEEPING"",""confidence"":0.4304137076384722},{""call_id"":""call_4b2708edafc8"",""caller"":""Bat_D"",""addressee"":""Bat_C"",""context"":""SLEEPING"",""confidence"":0.4254211302761804},{""call_id"":""call_51c52df01c15"",""caller"":""Bat_D"",""addressee"":""Bat_C"",""context"":""SLEEPING"",""confidence"":0.4044312811552075},{""call_id"":""call_595f9e8d28c2"",""caller"":""Bat_A"",""addressee"":""Bat_C"",""context"":""SLEEPING"",""confidence"":0.46365832322630374},{""call_id"":""call_5b32a250e922"",""caller"":""Bat_D"",""addressee"":""UNKNOWN"",""context"":""SLEEPING"",""confidence"":0.4846550824528592},{""call_id"":""call_673d87a90605"",""caller"":""Bat_D"",""addressee"":""UNKNOWN"",""context"":""SLEEPING"",""confidence"":0.4167246260473039},{""call_id"":""call_7f2bfbc90ed1"",""caller"":""Bat_D"",""addressee"":""Bat_C"",""context"":""SLEEPING"",""confidence"":0.3445995615660818},{""call_id"":""call_8ad63147cbf9"",""caller"":""Bat_A"",""addressee"":""Bat_C"",""context"":""FEEDING"",""confidence"":0.3811749657055537},{""call_id"":""call_a30d0f750270"",""caller"":""Bat_B"",""addressee"":""Bat_A"",""context"":""SLEEPING"",""confidence"":0.35330809854208045},{""call_id"":""call_cd9b740c575a"",""caller"":""Bat_A"",""addressee"":""Bat_C"",""context"":""SLEEPING"",""confidence"":0.33872489375973414},{""call_id"":""call_e34662c6d0d2"",""caller"":""Bat_D"",""addressee"":""Bat_C"",""context"":""SLEEPING"",""confidence"":0.44116993589103937},{""call_id"":""call_e6950dc02476"",""caller"":""Bat_D"",""addressee"":""UNKNOWN"",""context"":""SLEEPING"",""confidence"":0.44874472886582717}]","{""edges"":[{""source"":""Bat_A"",""target"":""Bat_C"",""count"":3,""contexts"":{""FEEDING"":1,""SLEEPING"":2}},{""source"":""Bat_B"",""target"":""Bat_A"",""count"":1,""contexts"":{""SLEEPING"":1}},{""source"":""Bat_D"",""target"":""Bat_C"",""count"":4,""contexts"":{""SLEEPING"":4}}]}",0.4631794975361593
bat_ep_468c949f07e0,"[{""call_id"":""call_3e1561829f51"",""caller"":""Bat_B"",""addressee"":""Bat_C"",""context"":""SLEEPING"",""confidence"":0.46342008440985794},{""call_id"":""call_4ca4d2deabfb"",""caller"":""Bat_B"",""addressee"":""Bat_C"",""context"":""SLEEPING"",""confidence"":0.447352464539575},{""call_id"":""call_4d4d0134fe64"",""caller"":""Bat_B"",""addressee"":""Bat_C"",""context"":""SLEEPING"",""confidence"":0.46016414486286905},{""call_id"":""call_86817430ac22"",""caller"":""Bat_B"",""addressee"":""Bat_C"",""context"":""SLEEPING"",""confidence"":0.47947440043221146},{""call_id"":""call_8cd3d445f5b8"",""caller"":""Bat_B"",""addressee"":""Bat_C"",""context"":""SLEEPING"",""confidence"":0.4422277410033139},{""call_id"":""call_9ee5c0c65c6e"",""caller"":""Bat_B"",""addressee"":""Bat_C"",""context"":""SLEEPING"",""confidence"":0.48221947100187795},{""call_id"":""call_b49fbc251d5f"",""caller"":""Bat_B"",""addressee"":""Bat_C"",""context"":""SLEEPING"",""confidence"":0.45598033827204504},{""call_id"":""call_c7b9f5fa7457"",""caller"":""Bat_B"",""addressee"":""Bat_A"",""context"":""SLEEPING"",""confidence"":0.44477182365282536},{""call_id"":""call_d2680234607b"",""caller"":""Bat_A"",""addressee"":""Bat_C"",""context"":""SLEEPING"",""confidence"":0.49764145596887605},{""call_id"":""call_dbdd4a0944cb"",""caller"":""Bat_B"",""addressee"":""Bat_C"",""context"":""SLEEPING"",""confidence"":0.4776473596468264},{""call_id"":""call_df2291fd469a"",""caller"":""Bat_B"",""addressee"":""Bat_C"",""context"":""SLEEPING"",""confidence"":0.4786666333392872},{""call_id"":""call_ec5243fc09af"",""caller"":""Bat_B"",""addressee"":""Bat_C"",""context"":""SLEEPING"",""confidence"":0.46589939180187684},{""call_id"":""call_f4d574a48e59"",""caller"":""Bat_A"",""addressee"":""Bat_C"",""context"":""SLEEPING"",""confidence"":0.489926335845078},{""call_id"":""call_f71914af80f7"",""caller"":""Bat_B"",""addressee"":""Bat_C"",""context"":""SLEEPING"",""confidence"":0.46771866829546227},{""call_id"":""call_fa55f6687a83"",""caller"":""Bat_B"",""addressee"":""Bat_C"",""context"":""SLEEPING"",""confidence"":0.46651796048852384}]","{""edges"":[{""source"":""Bat_A"",""target"":""Bat_C"",""count"":2,""contexts"":{""SLEEPING"":2}},{""source"":""Bat_B"",""target"":""Bat_A"",""count"":1,""contexts"":{""SLEEPING"":1}},{""source"":""Bat_B"",""target"":""Bat_C"",""count"":12,""contexts"":{""SLEEPING"":12}}]}",0.4694209225711455
