case_id,continuation_chain
UC_TE_fbc5abae039c7cca,"[""p07_c01"",""p07_c02"",""p07_c03""]"
UC_TE_ba257cf14ceb44ae,"[""p07_c01"",""p07_c02"",""p07_c03""]"
UC_TE_52ebdd4ca97de26e,"[""p01_c01"",""p01_c02"",""p01_c03""]"
UC_TE_745e80fdb7408dc4,"[""p04_c01"",""p04_c02"",""p04_c03""]"
UC_TE_1bab788e0dbdea28,"[""p02_c01"",""p02_c02"",""p02_c03""]"
UC_TE_fdcdf02e44f22655,"[""p06_c01"",""p06_c02"",""p06_c03""]"
UC_TE_d99423269de41599,"[""p04_c01"",""p04_c02"",""p04_c03""]"
UC_TE_54baa06b7bd3e3bd,"[""p06_c01"",""p06_c02"",""p06_c03""]"
UC_TE_5377b1b23f51ef9d,"[""p08_c01"",""p08_c02"",""p08_c03""]"
UC_TE_51a1fd7cd75190ab,"[""p01_c01"",""p01_c02"",""p01_c03""]"
UC_TE_9f50ba1915ed1f5e,"[""p03_c01"",""p03_c02"",""p03_c03""]"
UC_TE_80a8fabc12c37c3b,"[""p03_c01"",""p03_c02"",""p03_c03""]"
UC_TE_3a5074ccbbf0cbf7,"[""p08_c01"",""p08_c02"",""p08_c03""]"
UC_TE_913b04cba4a16152,"[""p01_c01"",""p01_c02"",""p01_c03""]"
UC_TE_bbc5d0aaf769ff67,"[""p08_c01"",""p08_c02"",""p08_c03""]"
UC_TE_0601e98990c10352,"[""p02_c01"",""p02_c02"",""p02_c03""]"
UC_TE_0807e28ab8c7de99,"[""p08_c01"",""p08_c02"",""p08_c03""]"
UC_TE_554d1da2a6d51281,"[""p05_c01"",""p05_c02"",""p05_c03""]"
UC_TE_5f4e779206b33f51,"[""p05_c01"",""p05_c02"",""p05_c03""]"
UC_TE_2e1993e049e77636,"[""p07_c01"",""p07_c02"",""p07_c03""]"
UC_TE_5b65f7c5a1cf51c1,"[""p08_c01"",""p08_c02"",""p08_c03""]"
UC_TE_2c861491edc3aa98,"[""p04_c01"",""p04_c02"",""p04_c03""]"
UC_TE_96660559430bcf76,"[""p04_c01"",""p04_c02"",""p04_c03""]"
UC_TE_fcddf6286f5da97e,"[""p07_c01"",""p07_c02"",""p07_c03""]"
UC_TE_4f556e889ea215aa,"[""p05_c01"",""p05_c02"",""p05_c03""]"
UC_TE_d2448e9961643e1f,"[""p05_c01"",""p05_c02"",""p05_c03""]"
UC_TE_d795b4317784a604,"[""p08_c01"",""p08_c02"",""p08_c03""]"
UC_TE_4aa61cdc82382754,"[""p03_c01"",""p03_c02"",""p03_c03""]"
UC_TE_4b1113ed829282d1,"[""p03_c01"",""p03_c02"",""p03_c03""]"
UC_TE_c27f74aa87a91daa,"[""p02_c01"",""p02_c02"",""p02_c03""]"
UC_TE_65c27da273b8b29e,"[""p07_c01"",""p07_c02"",""p07_c03""]"
UC_TE_29d11f159e5485c4,"[""p02_c01"",""p02_c02"",""p02_c03""]"
UC_TE_8591a159db0f3904,"[""p04_c01"",""p04_c02"",""p04_c03""]"
UC_TE_d1a83751d49c6124,"[""p07_c01"",""p07_c02"",""p07_c03""]"
UC_TE_e2adcc40a6db9236,"[""p05_c01"",""p05_c02"",""p05_c03""]"
UC_TE_ea8dea5cc72e4f8c,"[""p07_c01"",""p07_c02"",""p07_c03""]"
UC_TE_d1e597458b460827,"[""p01_c01"",""p01_c02"",""p01_c03""]"
UC_TE_4ee67306e2b2ac6b,"[""p02_c01"",""p02_c02"",""p02_c03""]"
UC_TE_76dd2d76ccfd80de,"[""p04_c01"",""p04_c02"",""p04_c03""]"
UC_TE_dd65cc21ed0d3ec5,"[""p01_c01"",""p01_c02"",""p01_c03""]"
UC_TE_6bc89b6a0ef2301d,"[""p08_c01"",""p08_c02"",""p08_c03""]"
UC_TE_cee862c57d07b2c3,"[""p07_c01"",""p07_c02"",""p07_c03""]"
UC_TE_f4ad08aace2e26f9,"[""p05_c01"",""p05_c02"",""p05_c03""]"
UC_TE_bb4d0e15e2450a13,"[""p08_c01"",""p08_c02"",""p08_c03""]"
UC_TE_45c52e6ed1ba64a4,"[""p07_c01"",""p07_c02"",""p07_c03""]"
UC_TE_ad0b6827fba0a91d,"[""p05_c01"",""p05_c02"",""p05_c03""]"
UC_TE_1afd13622a1f091c,"[""p01_c01"",""p01_c02"",""p01_c03""]"
UC_TE_dee901d51174e75a,"[""p08_c01"",""p08_c02"",""p08_c03""]"
UC_TE_ea6fef7b427075ea,"[""p03_c01"",""p03_c02"",""p03_c03""]"
UC_TE_e457b0b664c99ea3,"[""p08_c01"",""p08_c02"",""p08_c03""]"
UC_TE_44fc8703a6ddb8ca,"[""p06_c01"",""p06_c02"",""p06_c03""]"
UC_TE_d050e4f762433b89,"[""p07_c01"",""p07_c02"",""p07_c03""]"
UC_TE_a0ffe32c7becfb45,"[""p07_c01"",""p07_c02"",""p07_c03""]"
UC_TE_23f2f74aa526d100,"[""p08_c01"",""p08_c02"",""p08_c03""]"
UC_TE_6aaf5d2b49e968d7,"[""p06_c01"",""p06_c02"",""p06_c03""]"
UC_TE_184453ae3e2eb709,"[""p01_c01"",""p01_c02"",""p01_c03""]"
UC_TE_4f73af9a64770cc2,"[""p04_c01"",""p04_c02"",""p04_c03""]"
UC_TE_420954e430859151,"[""p08_c01"",""p08_c02"",""p08_c03""]"
UC_TE_66ad21bd296d3dff,"[""p07_c01"",""p07_c02"",""p07_c03""]"
UC_TE_18c752885bcee9f1,"[""p04_c01"",""p04_c02"",""p04_c03""]"
UC_TE_5469ba390e0970fc,"[""p08_c01"",""p08_c02"",""p08_c03""]"
UC_TE_f4073a79752ac4c8,"[""p07_c01"",""p07_c02"",""p07_c03""]"
UC_TE_5e73aea12e466826,"[""p02_c01"",""p02_c02"",""p02_c03""]"
UC_TE_8469f80be5c90634,"[""p05_c01"",""p05_c02"",""p05_c03""]"
UC_TE_f12cce9c5c815404,"[""p06_c01"",""p06_c02"",""p06_c03""]"
UC_TE_94a0bafb0a40a370,"[""p04_c01"",""p04_c02"",""p04_c03""]"
UC_TE_4b782b6f64130ac9,"[""p02_c01"",""p02_c02"",""p02_c03""]"
UC_TE_5711c0df00d2a86d,"[""p04_c01"",""p04_c02"",""p04_c03""]"
UC_TE_4d0faa06b617003e,"[""p07_c01"",""p07_c02"",""p07_c03""]"
UC_TE_c6337c0576e8af9f,"[""p03_c01"",""p03_c02"",""p03_c03""]"
UC_TE_f0ec3e548f31a325,"[""p08_c01"",""p08_c02"",""p08_c03""]"
UC_TE_ac6ba0574aea6275,"[""p07_c01"",""p07_c02"",""p07_c03""]"
UC_TE_8b2f4226c3f7af08,"[""p02_c01"",""p02_c02"",""p02_c03""]"
UC_TE_fdf000939af2f8cf,"[""p01_c01"",""p01_c02"",""p01_c03""]"
UC_TE_305d46d524422cd0,"[""p01_c01"",""p01_c02"",""p01_c03""]"
UC_TE_17cab3d19c3c4914,"[""p06_c01"",""p06_c02"",""p06_c03""]"
UC_TE_a6f3a4415de1eddb,"[""p01_c01"",""p01_c02"",""p01_c03""]"
UC_TE_b4bdb2a43c804cd6,"[""p02_c01"",""p02_c02"",""p02_c03""]"
UC_TE_bde4c105dde9f15d,"[""p01_c01"",""p01_c02"",""p01_c03""]"
UC_TE_510d87ac27da293d,"[""p08_c01"",""p08_c02"",""p08_c03""]"
UC_TE_f40a75bff8e0d519,"[""p06_c01"",""p06_c02"",""p06_c03""]"
UC_TE_eb5b09655f6fce03,"[""p06_c01"",""p06_c02"",""p06_c03""]"
UC_TE_8e19e9a4f2ec6849,"[""p03_c01"",""p03_c02"",""p03_c03""]"
UC_TE_d4419a66c72c1617,"[""p07_c01"",""p07_c02"",""p07_c03""]"
UC_TE_91c7bf3dacf2a941,"[""p06_c01"",""p06_c02"",""p06_c03""]"
UC_TE_4e27e6e6fc2ee1c3,"[""p08_c01"",""p08_c02"",""p08_c03""]"
UC_TE_655470cb66284a03,"[""p05_c01"",""p05_c02"",""p05_c03""]"
UC_TE_739a7c6866f27c7a,"[""p02_c01"",""p02_c02"",""p02_c03""]"
UC_TE_3070d83cb5f6f8e2,"[""p04_c01"",""p04_c02"",""p04_c03""]"
UC_TE_d3b64869c4223f62,"[""p05_c01"",""p05_c02"",""p05_c03""]"
UC_TE_c9f265c5c45d37da,"[""p06_c01"",""p06_c02"",""p06_c03""]"
UC_TE_65a8564a2475da1f,"[""p07_c01"",""p07_c02"",""p07_c03""]"
UC_TE_0dd36ce93c30eaa6,"[""p01_c01"",""p01_c02"",""p01_c03""]"
UC_TE_a0f83836075ac83e,"[""p01_c01"",""p01_c02"",""p01_c03""]"
UC_TE_b21e3a1127758bc1,"[""p03_c01"",""p03_c02"",""p03_c03""]"
UC_TE_20bc49358edebf73,"[""p01_c01"",""p01_c02"",""p01_c03""]"
UC_TE_5ed37dc85beec768,"[""p03_c01"",""p03_c02"",""p03_c03""]"
UC_TE_efa2963e8374e691,"[""p06_c01"",""p06_c02"",""p06_c03""]"
UC_TE_386c08fd49ba0eeb,"[""p07_c01"",""p07_c02"",""p07_c03""]"
UC_TE_6688fd17fc52e77a,"[""p04_c01"",""p04_c02"",""p04_c03""]"
UC_TE_69a8c21621d89615,"[""p05_c01"",""p05_c02"",""p05_c03""]"
UC_TE_846e6f742657cec4,"[""p07_c01"",""p07_c02"",""p07_c03""]"
UC_TE_a5e7605a99cf0b59,"[""p06_c01"",""p06_c02"",""p06_c03""]"
UC_TE_6ee3f53cef953ce4,"[""p06_c01"",""p06_c02"",""p06_c03""]"
UC_TE_301a5601eec37536,"[""p01_c01"",""p01_c02"",""p01_c03""]"
UC_TE_9ce9fa21309716d3,"[""p01_c01"",""p01_c02"",""p01_c03""]"
UC_TE_30546e289932c485,"[""p01_c01"",""p01_c02"",""p01_c03""]"
UC_TE_2d22aea1f5ab6f53,"[""p08_c01"",""p08_c02"",""p08_c03""]"
UC_TE_aecb5a1b5ae2c0c7,"[""p01_c01"",""p01_c02"",""p01_c03""]"
UC_TE_100f21e18d5db456,"[""p03_c01"",""p03_c02"",""p03_c03""]"
UC_TE_dd2a48b258112ae3,"[""p08_c01"",""p08_c02"",""p08_c03""]"
UC_TE_6bacf40c9611bfb4,"[""p01_c01"",""p01_c02"",""p01_c03""]"
UC_TE_d49625f7e6f463bc,"[""p04_c01"",""p04_c02"",""p04_c03""]"
UC_TE_2b26a058bbb4bae2,"[""p04_c01"",""p04_c02"",""p04_c03""]"
UC_TE_f29f16a17a0e2c19,"[""p04_c01"",""p04_c02"",""p04_c03""]"
UC_TE_15d2c3090a63035e,"[""p05_c01"",""p05_c02"",""p05_c03""]"
UC_TE_56cf70b29cef531c,"[""p02_c01"",""p02_c02"",""p02_c03""]"
UC_TE_5449d40180762879,"[""p01_c01"",""p01_c02"",""p01_c03""]"
UC_TE_e9cd745b81b3a1dd,"[""p06_c01"",""p06_c02"",""p06_c03""]"
UC_TE_6bc6550c47a4e638,"[""p02_c01"",""p02_c02"",""p02_c03""]"
UC_TE_8434becc17f38ff4,"[""p02_c01"",""p02_c02"",""p02_c03""]"
UC_TE_97ac32fd9d8f0026,"[""p08_c01"",""p08_c02"",""p08_c03""]"
UC_TE_e4f519f4a9be04d6,"[""p02_c01"",""p02_c02"",""p02_c03""]"
UC_TE_e6c434185898a6b0,"[""p05_c01"",""p05_c02"",""p05_c03""]"
UC_TE_03c23ac307cf7592,"[""p07_c01"",""p07_c02"",""p07_c03""]"
UC_TE_c94d131d2b57368d,"[""p06_c01"",""p06_c02"",""p06_c03""]"
UC_TE_2083dab945be9b00,"[""p06_c01"",""p06_c02"",""p06_c03""]"
UC_TE_48c5ebf9d7b95f00,"[""p06_c01"",""p06_c02"",""p06_c03""]"
UC_TE_2d1e7d8407aa944f,"[""p04_c01"",""p04_c02"",""p04_c03""]"
UC_TE_2a7f214fc5149851,"[""p01_c01"",""p01_c02"",""p01_c03""]"
UC_TE_0eb6e7888aa62513,"[""p07_c01"",""p07_c02"",""p07_c03""]"
UC_TE_e60e19c11b352f4c,"[""p03_c01"",""p03_c02"",""p03_c03""]"
UC_TE_03fa9eb629dfb38b,"[""p05_c01"",""p05_c02"",""p05_c03""]"
UC_TE_b50b850a08cec184,"[""p08_c01"",""p08_c02"",""p08_c03""]"
UC_TE_8b0fb8542bd791a6,"[""p03_c01"",""p03_c02"",""p03_c03""]"
UC_TE_193bc9870bd4e2b8,"[""p06_c01"",""p06_c02"",""p06_c03""]"
UC_TE_af80a1b4a442cb7a,"[""p02_c01"",""p02_c02"",""p02_c03""]"
UC_TE_9f1e84a8b0ae5ee9,"[""p08_c01"",""p08_c02"",""p08_c03""]"
UC_TE_8f6255a9be4e02a9,"[""p05_c01"",""p05_c02"",""p05_c03""]"
UC_TE_884574a59848141b,"[""p03_c01"",""p03_c02"",""p03_c03""]"
UC_TE_53832be025c7a4e2,"[""p08_c01"",""p08_c02"",""p08_c03""]"
UC_TE_53a028b6f8b01129,"[""p08_c01"",""p08_c02"",""p08_c03""]"
UC_TE_4a8d33c027bfba87,"[""p05_c01"",""p05_c02"",""p05_c03""]"
UC_TE_cfb9cdddbd606727,"[""p07_c01"",""p07_c02"",""p07_c03""]"
UC_TE_888cbd3e77c02276,"[""p03_c01"",""p03_c02"",""p03_c03""]"
UC_TE_1e8538df8f3bf792,"[""p06_c01"",""p06_c02"",""p06_c03""]"
UC_TE_d775bcea0eed0638,"[""p05_c01"",""p05_c02"",""p05_c03""]"
UC_TE_28952a69a4206746,"[""p06_c01"",""p06_c02"",""p06_c03""]"
UC_TE_f2d4ed050015a60a,"[""p06_c01"",""p06_c02"",""p06_c03""]"
UC_TE_daa99ad9845f5fc8,"[""p03_c01"",""p03_c02"",""p03_c03""]"
UC_TE_d916d8e9d4517486,"[""p07_c01"",""p07_c02"",""p07_c03""]"
UC_TE_7d66c3452f23f6f6,"[""p06_c01"",""p06_c02"",""p06_c03""]"
UC_TE_178a2b2640a11562,"[""p07_c01"",""p07_c02"",""p07_c03""]"
UC_TE_0d04115d3c816d3c,"[""p03_c01"",""p03_c02"",""p03_c03""]"
UC_TE_fdd3e4728a07e8f3,"[""p06_c01"",""p06_c02"",""p06_c03""]"
UC_TE_9e0d5937b48a1f03,"[""p04_c01"",""p04_c02"",""p04_c03""]"
UC_TE_ba469431ab702d88,"[""p02_c01"",""p02_c02"",""p02_c03""]"
UC_TE_f1f5bfd3b7fd50bc,"[""p06_c01"",""p06_c02"",""p06_c03""]"
UC_TE_0a8b6643b2f5a4f5,"[""p01_c01"",""p01_c02"",""p01_c03""]"
UC_TE_76f9bae0069f12c6,"[""p06_c01"",""p06_c02"",""p06_c03""]"
UC_TE_36c5f46d551d11ca,"[""p01_c01"",""p01_c02"",""p01_c03""]"
UC_TE_54c55acc53702db1,"[""p07_c01"",""p07_c02"",""p07_c03""]"
UC_TE_b8300854dab0f919,"[""p03_c01"",""p03_c02"",""p03_c03""]"
UC_TE_39bc8b274244a049,"[""p05_c01"",""p05_c02"",""p05_c03""]"
UC_TE_83ab4fb2c5b287f0,"[""p08_c01"",""p08_c02"",""p08_c03""]"
UC_TE_7613076ea1769fb0,"[""p04_c01"",""p04_c02"",""p04_c03""]"
UC_TE_67a6463769b9841e,"[""p08_c01"",""p08_c02"",""p08_c03""]"
UC_TE_763af9618c839335,"[""p02_c01"",""p02_c02"",""p02_c03""]"
UC_TE_399969af16cb38b0,"[""p08_c01"",""p08_c02"",""p08_c03""]"
UC_TE_a057739b109b2e0d,"[""p08_c01"",""p08_c02"",""p08_c03""]"
UC_TE_eca84602a700d558,"[""p04_c01"",""p04_c02"",""p04_c03""]"
UC_TE_3c7cee2a36d9a9b5,"[""p06_c01"",""p06_c02"",""p06_c03""]"
UC_TE_f1ad26536efca86d,"[""p01_c01"",""p01_c02"",""p01_c03""]"
UC_TE_e604f465a49c0f72,"[""p03_c01"",""p03_c02"",""p03_c03""]"
UC_TE_505e27165c0655f2,"[""p02_c01"",""p02_c02"",""p02_c03""]"
UC_TE_48f893e4f526c38f,"[""p04_c01"",""p04_c02"",""p04_c03""]"
UC_TE_6f36f41ffa57526a,"[""p06_c01"",""p06_c02"",""p06_c03""]"
UC_TE_ef57d87bb7f0625c,"[""p07_c01"",""p07_c02"",""p07_c03""]"
UC_TE_e8e33422fa14f7c9,"[""p02_c01"",""p02_c02"",""p02_c03""]"
UC_TE_3b6f4fd3d51bffd2,"[""p04_c01"",""p04_c02"",""p04_c03""]"
UC_TE_04094959053b333e,"[""p04_c01"",""p04_c02"",""p04_c03""]"
UC_TE_74c2c342aef9ae17,"[""p07_c01"",""p07_c02"",""p07_c03""]"
UC_TE_f165476e136c7e02,"[""p07_c01"",""p07_c02"",""p07_c03""]"
UC_TE_08b29eb246302b38,"[""p04_c01"",""p04_c02"",""p04_c03""]"
UC_TE_fc682b7aaecd45be,"[""p02_c01"",""p02_c02"",""p02_c03""]"
UC_TE_15486f455bd1d2de,"[""p07_c01"",""p07_c02"",""p07_c03""]"
UC_TE_865a92f1beb1e67d,"[""p03_c01"",""p03_c02"",""p03_c03""]"
UC_TE_e885c50d7005ea62,"[""p07_c01"",""p07_c02"",""p07_c03""]"
UC_TE_50db2ef84091255f,"[""p02_c01"",""p02_c02"",""p02_c03""]"
UC_TE_57dd1e0e589ba2de,"[""p07_c01"",""p07_c02"",""p07_c03""]"
UC_TE_bf485371a5b63fa1,"[""p01_c01"",""p01_c02"",""p01_c03""]"
UC_TE_b1539e292dc96530,"[""p03_c01"",""p03_c02"",""p03_c03""]"
UC_TE_90bb4413de8423d1,"[""p04_c01"",""p04_c02"",""p04_c03""]"
UC_TE_8a79bf1a65b167a6,"[""p08_c01"",""p08_c02"",""p08_c03""]"
UC_TE_daec6e515d1d449b,"[""p06_c01"",""p06_c02"",""p06_c03""]"
UC_TE_9ac49f355924eb1e,"[""p08_c01"",""p08_c02"",""p08_c03""]"
UC_TE_199f884f1cdba4df,"[""p08_c01"",""p08_c02"",""p08_c03""]"
UC_TE_03844023d770f1ff,"[""p04_c01"",""p04_c02"",""p04_c03""]"
UC_TE_677d0519ede58c70,"[""p08_c01"",""p08_c02"",""p08_c03""]"
UC_TE_57b28ddfa6013c54,"[""p06_c01"",""p06_c02"",""p06_c03""]"
UC_TE_c892b5ddc4ed852e,"[""p04_c01"",""p04_c02"",""p04_c03""]"
UC_TE_87c63355f3432b3e,"[""p06_c01"",""p06_c02"",""p06_c03""]"
UC_TE_43b12351d65457d5,"[""p05_c01"",""p05_c02"",""p05_c03""]"
UC_TE_e79cc0d8d2d1c9d1,"[""p04_c01"",""p04_c02"",""p04_c03""]"
UC_TE_78b67230b1827dd5,"[""p05_c01"",""p05_c02"",""p05_c03""]"
UC_TE_8e811ff4ac21e409,"[""p02_c01"",""p02_c02"",""p02_c03""]"
UC_TE_ef5ae6fff1dc85ff,"[""p06_c01"",""p06_c02"",""p06_c03""]"
UC_TE_c136bfd798cb938c,"[""p08_c01"",""p08_c02"",""p08_c03""]"
UC_TE_b4c62416676b540d,"[""p04_c01"",""p04_c02"",""p04_c03""]"
UC_TE_7e41d66a88549d96,"[""p07_c01"",""p07_c02"",""p07_c03""]"
UC_TE_9ae02655d2e91ce9,"[""p08_c01"",""p08_c02"",""p08_c03""]"
UC_TE_0b12005aebbe8a09,"[""p07_c01"",""p07_c02"",""p07_c03""]"
UC_TE_010186e2a9e14b51,"[""p04_c01"",""p04_c02"",""p04_c03""]"
UC_TE_09995ff64cdc90a9,"[""p03_c01"",""p03_c02"",""p03_c03""]"
UC_TE_977904db911b7454,"[""p01_c01"",""p01_c02"",""p01_c03""]"
UC_TE_d6467a796b8e08c4,"[""p01_c01"",""p01_c02"",""p01_c03""]"
UC_TE_9585863ad492ff39,"[""p02_c01"",""p02_c02"",""p02_c03""]"
UC_TE_66760ae1ab1c07c3,"[""p06_c01"",""p06_c02"",""p06_c03""]"
UC_TE_592ddf5cb05eedef,"[""p01_c01"",""p01_c02"",""p01_c03""]"
UC_TE_72bc1487ebe92e53,"[""p03_c01"",""p03_c02"",""p03_c03""]"
UC_TE_ba050b202061e4bc,"[""p04_c01"",""p04_c02"",""p04_c03""]"
UC_TE_70483587948a5a43,"[""p08_c01"",""p08_c02"",""p08_c03""]"
UC_TE_dce6dcf70f3497ed,"[""p01_c01"",""p01_c02"",""p01_c03""]"
UC_TE_5c19f31da17ee305,"[""p03_c01"",""p03_c02"",""p03_c03""]"
UC_TE_2e49084957890597,"[""p07_c01"",""p07_c02"",""p07_c03""]"
UC_TE_286eb28809d57012,"[""p01_c01"",""p01_c02"",""p01_c03""]"
UC_TE_d77ef140028ef8a3,"[""p05_c01"",""p05_c02"",""p05_c03""]"
UC_TE_cbf9fa2d1009fa57,"[""p05_c01"",""p05_c02"",""p05_c03""]"
UC_TE_8df860ba27ddbe63,"[""p03_c01"",""p03_c02"",""p03_c03""]"
UC_TE_f9198af013aedce1,"[""p06_c01"",""p06_c02"",""p06_c03""]"
UC_TE_ea1fed3fd02df203,"[""p07_c01"",""p07_c02"",""p07_c03""]"
UC_TE_6e808a2483bd565b,"[""p02_c01"",""p02_c02"",""p02_c03""]"
UC_TE_50c6763146a1276c,"[""p03_c01"",""p03_c02"",""p03_c03""]"
UC_TE_14c6db599969d7e2,"[""p07_c01"",""p07_c02"",""p07_c03""]"
UC_TE_3030f56aef6cb005,"[""p05_c01"",""p05_c02"",""p05_c03""]"
UC_TE_391f3e62c486cc04,"[""p06_c01"",""p06_c02"",""p06_c03""]"
UC_TE_f2ca04b9afc23446,"[""p05_c01"",""p05_c02"",""p05_c03""]"
UC_TE_39a77811d0af42da,"[""p06_c01"",""p06_c02"",""p06_c03""]"
UC_TE_297c7d3aed823404,"[""p02_c01"",""p02_c02"",""p02_c03""]"
UC_TE_587f5f09e13a915e,"[""p03_c01"",""p03_c02"",""p03_c03""]"
UC_TE_cbb8837e65a2101f,"[""p06_c01"",""p06_c02"",""p06_c03""]"
UC_TE_58d5e2ac012e64cf,"[""p04_c01"",""p04_c02"",""p04_c03""]"
UC_TE_6c5eea3794dc3e79,"[""p04_c01"",""p04_c02"",""p04_c03""]"
UC_TE_4af5a32bdd61a244,"[""p01_c01"",""p01_c02"",""p01_c03""]"
UC_TE_0cb17e0f5b497b40,"[""p05_c01"",""p05_c02"",""p05_c03""]"
UC_TE_7899796e53ec8c8e,"[""p06_c01"",""p06_c02"",""p06_c03""]"
UC_TE_ac018f9a74c68a1c,"[""p04_c01"",""p04_c02"",""p04_c03""]"
UC_TE_f68d53182c37ab2f,"[""p01_c01"",""p01_c02"",""p01_c03""]"
UC_TE_d5f10908ed486a96,"[""p03_c01"",""p03_c02"",""p03_c03""]"
UC_TE_976920b56cc3a6c5,"[""p08_c01"",""p08_c02"",""p08_c03""]"
UC_TE_ce8ecc44b3112e58,"[""p07_c01"",""p07_c02"",""p07_c03""]"
UC_TE_004ac1c07de26155,"[""p01_c01"",""p01_c02"",""p01_c03""]"
UC_TE_34caed1f1d146823,"[""p03_c01"",""p03_c02"",""p03_c03""]"
UC_TE_514195b30b907cbe,"[""p03_c01"",""p03_c02"",""p03_c03""]"
UC_TE_84f071e6299ffcbf,"[""p08_c01"",""p08_c02"",""p08_c03""]"
UC_TE_bc637394239a6b96,"[""p05_c01"",""p05_c02"",""p05_c03""]"
UC_TE_3fc47e5ce4928cd4,"[""p07_c01"",""p07_c02"",""p07_c03""]"
UC_TE_10694124b65d16aa,"[""p06_c01"",""p06_c02"",""p06_c03""]"
UC_TE_0dd7d4378609bd71,"[""p02_c01"",""p02_c02"",""p02_c03""]"
UC_TE_cfd972cc37880308,"[""p03_c01"",""p03_c02"",""p03_c03""]"
UC_TE_c9a924daa4b67797,"[""p07_c01"",""p07_c02"",""p07_c03""]"
UC_TE_5a2bfbf43a148422,"[""p03_c01"",""p03_c02"",""p03_c03""]"
UC_TE_acdb6b83701831f7,"[""p06_c01"",""p06_c02"",""p06_c03""]"
UC_TE_20b09b72ce69bdca,"[""p01_c01"",""p01_c02"",""p01_c03""]"
UC_TE_5064131c07cb4a03,"[""p08_c01"",""p08_c02"",""p08_c03""]"
UC_TE_f2cbd083177a410a,"[""p03_c01"",""p03_c02"",""p03_c03""]"
UC_TE_958af6fbb8a6ff4d,"[""p02_c01"",""p02_c02"",""p02_c03""]"
UC_TE_a799552746ee0db8,"[""p06_c01"",""p06_c02"",""p06_c03""]"
UC_TE_15f6dd1e3f721a56,"[""p05_c01"",""p05_c02"",""p05_c03""]"
UC_TE_c9697c85f61bce0f,"[""p04_c01"",""p04_c02"",""p04_c03""]"
UC_TE_71f1a77e83d3e781,"[""p04_c01"",""p04_c02"",""p04_c03""]"
UC_TE_f9b2d4c487a262ae,"[""p04_c01"",""p04_c02"",""p04_c03""]"
UC_TE_6ac95f2ebcdf400a,"[""p01_c01"",""p01_c02"",""p01_c03""]"
UC_TE_4bd0af9747db278d,"[""p08_c01"",""p08_c02"",""p08_c03""]"
UC_TE_466e9dc4cea5431a,"[""p07_c01"",""p07_c02"",""p07_c03""]"
UC_TE_4b430203234d8820,"[""p07_c01"",""p07_c02"",""p07_c03""]"
UC_TE_de2136cc3465a2a7,"[""p05_c01"",""p05_c02"",""p05_c03""]"
UC_TE_b0dc4efbd0d4f1de,"[""p02_c01"",""p02_c02"",""p02_c03""]"
UC_TE_e79abcd7b73da2f8,"[""p08_c01"",""p08_c02"",""p08_c03""]"
UC_TE_2681842d82a13d57,"[""p04_c01"",""p04_c02"",""p04_c03""]"
UC_TE_44e8990ccbfe482a,"[""p06_c01"",""p06_c02"",""p06_c03""]"
UC_TE_911a28da608e1a1a,"[""p03_c01"",""p03_c02"",""p03_c03""]"
UC_TE_ff0c64ca20b89f55,"[""p06_c01"",""p06_c02"",""p06_c03""]"
UC_TE_fec49aca452b3f5b,"[""p05_c01"",""p05_c02"",""p05_c03""]"
UC_TE_9dabeee074e6acb5,"[""p04_c01"",""p04_c02"",""p04_c03""]"
UC_TE_4d1ebcd3f739f880,"[""p08_c01"",""p08_c02"",""p08_c03""]"
UC_TE_3b050dc521d92403,"[""p03_c01"",""p03_c02"",""p03_c03""]"
UC_TE_de4bcb87821e892c,"[""p05_c01"",""p05_c02"",""p05_c03""]"
UC_TE_0feb32f0318ceebe,"[""p04_c01"",""p04_c02"",""p04_c03""]"
UC_TE_4c9934fac92e689f,"[""p07_c01"",""p07_c02"",""p07_c03""]"
UC_TE_9f63ff2c34391967,"[""p04_c01"",""p04_c02"",""p04_c03""]"
UC_TE_b94e78236d8099a0,"[""p06_c01"",""p06_c02"",""p06_c03""]"
UC_TE_9fe1061a9e4263ce,"[""p08_c01"",""p08_c02"",""p08_c03""]"
UC_TE_ff38aea5bad5f92a,"[""p07_c01"",""p07_c02"",""p07_c03""]"
UC_TE_14a9ce1605b55581,"[""p06_c01"",""p06_c02"",""p06_c03""]"
UC_TE_15b6ca96ca49bef9,"[""p01_c01"",""p01_c02"",""p01_c03""]"
UC_TE_8a9f9a1cf4a29d41,"[""p07_c01"",""p07_c02"",""p07_c03""]"
UC_TE_5956501f31076fa9,"[""p08_c01"",""p08_c02"",""p08_c03""]"
UC_TE_43bdfd67236cd3e0,"[""p04_c01"",""p04_c02"",""p04_c03""]"
UC_TE_515ebadd312c9646,"[""p08_c01"",""p08_c02"",""p08_c03""]"
UC_TE_11247fa5103a6439,"[""p03_c01"",""p03_c02"",""p03_c03""]"
UC_TE_eb56e7687ead4f4e,"[""p01_c01"",""p01_c02"",""p01_c03""]"
UC_TE_5fa0338b707c489e,"[""p08_c01"",""p08_c02"",""p08_c03""]"
UC_TE_d64e9ca938ad09e4,"[""p02_c01"",""p02_c02"",""p02_c03""]"
UC_TE_42f63d0a3f5a21dc,"[""p04_c01"",""p04_c02"",""p04_c03""]"
UC_TE_d12e4e3bfe74adc6,"[""p08_c01"",""p08_c02"",""p08_c03""]"
UC_TE_082f48e0af80012a,"[""p05_c01"",""p05_c02"",""p05_c03""]"
UC_TE_6b6f539751c1e664,"[""p01_c01"",""p01_c02"",""p01_c03""]"
UC_TE_4a971faa56125bf0,"[""p05_c01"",""p05_c02"",""p05_c03""]"
UC_TE_20af304434a30d96,"[""p03_c01"",""p03_c02"",""p03_c03""]"
UC_TE_540b359c447930af,"[""p05_c01"",""p05_c02"",""p05_c03""]"
UC_TE_305ceb19e2f8bbc3,"[""p02_c01"",""p02_c02"",""p02_c03""]"
UC_TE_bde7c698b61c2238,"[""p02_c01"",""p02_c02"",""p02_c03""]"
UC_TE_984d3d4a3d7cb030,"[""p05_c01"",""p05_c02"",""p05_c03""]"
UC_TE_65e051e2ae976bd9,"[""p03_c01"",""p03_c02"",""p03_c03""]"
UC_TE_d740cf0d0c2e55d8,"[""p08_c01"",""p08_c02"",""p08_c03""]"
UC_TE_0d977b8c21ffb398,"[""p06_c01"",""p06_c02"",""p06_c03""]"
UC_TE_bfeb6cc8c0052d01,"[""p03_c01"",""p03_c02"",""p03_c03""]"
UC_TE_5b2433373a584a8e,"[""p07_c01"",""p07_c02"",""p07_c03""]"
UC_TE_bdc0484a000f84cd,"[""p08_c01"",""p08_c02"",""p08_c03""]"
UC_TE_54ce67dbfe1f19c5,"[""p05_c01"",""p05_c02"",""p05_c03""]"
UC_TE_01aa5bc3ad6f0704,"[""p05_c01"",""p05_c02"",""p05_c03""]"
UC_TE_24322528d805d87f,"[""p06_c01"",""p06_c02"",""p06_c03""]"
UC_TE_136c5361a9bcdd73,"[""p03_c01"",""p03_c02"",""p03_c03""]"
UC_TE_41c0f8754db4d2bd,"[""p06_c01"",""p06_c02"",""p06_c03""]"
UC_TE_77808497977ccf22,"[""p02_c01"",""p02_c02"",""p02_c03""]"
UC_TE_a492bbbfa92f8f94,"[""p06_c01"",""p06_c02"",""p06_c03""]"
UC_TE_b5a376c47f0c7150,"[""p05_c01"",""p05_c02"",""p05_c03""]"
UC_TE_295c2bd535fc6562,"[""p06_c01"",""p06_c02"",""p06_c03""]"
UC_TE_fdec538947a383f1,"[""p05_c01"",""p05_c02"",""p05_c03""]"
UC_TE_ddf4ee91f4334e40,"[""p06_c01"",""p06_c02"",""p06_c03""]"
UC_TE_811bd6e5fd2bdacd,"[""p07_c01"",""p07_c02"",""p07_c03""]"
UC_TE_aaa1e6a32e455ce7,"[""p03_c01"",""p03_c02"",""p03_c03""]"
UC_TE_042256ba5d720be2,"[""p06_c01"",""p06_c02"",""p06_c03""]"
UC_TE_212768d87f6a37c0,"[""p08_c01"",""p08_c02"",""p08_c03""]"
UC_TE_888a7986b577b0ac,"[""p04_c01"",""p04_c02"",""p04_c03""]"
UC_TE_f532aafe3e82b6e2,"[""p08_c01"",""p08_c02"",""p08_c03""]"
UC_TE_180a52ced8d94ac3,"[""p06_c01"",""p06_c02"",""p06_c03""]"
UC_TE_4b68b2319c16d813,"[""p02_c01"",""p02_c02"",""p02_c03""]"
UC_TE_1a2c2d9a83e19718,"[""p08_c01"",""p08_c02"",""p08_c03""]"
UC_TE_8d5b4299c7c21faf,"[""p01_c01"",""p01_c02"",""p01_c03""]"
UC_TE_463456b5f90fa029,"[""p07_c01"",""p07_c02"",""p07_c03""]"
UC_TE_049a33d8c1bf292d,"[""p02_c01"",""p02_c02"",""p02_c03""]"
UC_TE_5e0c9f030b1575f3,"[""p03_c01"",""p03_c02"",""p03_c03""]"
UC_TE_285395041071ed7e,"[""p03_c01"",""p03_c02"",""p03_c03""]"
UC_TE_d3bae9f56f189925,"[""p04_c01"",""p04_c02"",""p04_c03""]"
UC_TE_3cc494c3ea3c72d3,"[""p07_c01"",""p07_c02"",""p07_c03""]"
UC_TE_26bbe30604400708,"[""p02_c01"",""p02_c02"",""p02_c03""]"
UC_TE_ddf9e9c8e8d34875,"[""p01_c01"",""p01_c02"",""p01_c03""]"
UC_TE_827aed660d128f44,"[""p04_c01"",""p04_c02"",""p04_c03""]"
UC_TE_985a2b4c5c2c0be3,"[""p07_c01"",""p07_c02"",""p07_c03""]"
UC_TE_ac38e1e2e52bacc5,"[""p01_c01"",""p01_c02"",""p01_c03""]"
UC_TE_f3a092c1a5b595c8,"[""p08_c01"",""p08_c02"",""p08_c03""]"
UC_TE_98f56eb9fdd3eb83,"[""p03_c01"",""p03_c02"",""p03_c03""]"
UC_TE_347aab368914733c,"[""p04_c01"",""p04_c02"",""p04_c03""]"
UC_TE_94334fd1b1731963,"[""p08_c01"",""p08_c02"",""p08_c03""]"
UC_TE_b0ba9919dd677ddd,"[""p02_c01"",""p02_c02"",""p02_c03""]"
UC_TE_0e7eaaab8aa3a050,"[""p05_c01"",""p05_c02"",""p05_c03""]"
UC_TE_9cb28366b16d4226,"[""p03_c01"",""p03_c02"",""p03_c03""]"
UC_TE_7141c83ad7ade71e,"[""p08_c01"",""p08_c02"",""p08_c03""]"
UC_TE_49e20bdb072fe668,"[""p01_c01"",""p01_c02"",""p01_c03""]"
UC_TE_5d9743b18c8185ad,"[""p08_c01"",""p08_c02"",""p08_c03""]"
UC_TE_f8dcd452cc373c4c,"[""p08_c01"",""p08_c02"",""p08_c03""]"
UC_TE_07a12060c39dc0aa,"[""p06_c01"",""p06_c02"",""p06_c03""]"
UC_TE_606bfec270ed46ac,"[""p06_c01"",""p06_c02"",""p06_c03""]"
UC_TE_82d0d9e38bd8858f,"[""p06_c01"",""p06_c02"",""p06_c03""]"
UC_TE_49626d0b39b889a0,"[""p05_c01"",""p05_c02"",""p05_c03""]"
UC_TE_f1f07010ea4d04d7,"[""p04_c01"",""p04_c02"",""p04_c03""]"
UC_TE_ce81f9ce2225c7f8,"[""p07_c01"",""p07_c02"",""p07_c03""]"
UC_TE_f61aa55cd22971c1,"[""p07_c01"",""p07_c02"",""p07_c03""]"
UC_TE_6cc7cde3623df7e7,"[""p03_c01"",""p03_c02"",""p03_c03""]"
UC_TE_2c0c8c116b936e7e,"[""p04_c01"",""p04_c02"",""p04_c03""]"
UC_TE_9bdefd9e6287e247,"[""p05_c01"",""p05_c02"",""p05_c03""]"
UC_TE_9d5cc885832649da,"[""p03_c01"",""p03_c02"",""p03_c03""]"
UC_TE_66ecb14497750a1d,"[""p06_c01"",""p06_c02"",""p06_c03""]"
UC_TE_f14fc634a531c210,"[""p04_c01"",""p04_c02"",""p04_c03""]"
UC_TE_191e4dc76f6a4bea,"[""p04_c01"",""p04_c02"",""p04_c03""]"
UC_TE_1b392faa8534fa5c,"[""p02_c01"",""p02_c02"",""p02_c03""]"
UC_TE_0b7c3aed68c18dd6,"[""p05_c01"",""p05_c02"",""p05_c03""]"
UC_TE_c76a945ccae7f076,"[""p03_c01"",""p03_c02"",""p03_c03""]"
UC_TE_b33559c0c63d05e8,"[""p02_c01"",""p02_c02"",""p02_c03""]"
UC_TE_9d622f6951015677,"[""p03_c01"",""p03_c02"",""p03_c03""]"
UC_TE_c7693002277bf469,"[""p07_c01"",""p07_c02"",""p07_c03""]"
UC_TE_4731a6fc9d0b1062,"[""p08_c01"",""p08_c02"",""p08_c03""]"
UC_TE_1237d0f99ace881c,"[""p05_c01"",""p05_c02"",""p05_c03""]"
UC_TE_46c93be7523421c0,"[""p08_c01"",""p08_c02"",""p08_c03""]"
UC_TE_ae4eb8aa736f37ea,"[""p06_c01"",""p06_c02"",""p06_c03""]"
UC_TE_40698cf97bc8cdf2,"[""p07_c01"",""p07_c02"",""p07_c03""]"
UC_TE_39585b263a1c8d7a,"[""p05_c01"",""p05_c02"",""p05_c03""]"
UC_TE_65a43557643d053f,"[""p08_c01"",""p08_c02"",""p08_c03""]"
UC_TE_f8a5e2d11f9be278,"[""p08_c01"",""p08_c02"",""p08_c03""]"
UC_TE_e440e41c31006fcc,"[""p08_c01"",""p08_c02"",""p08_c03""]"
UC_TE_b309d1ce31f41845,"[""p07_c01"",""p07_c02"",""p07_c03""]"
UC_TE_885f4b8d057c64b6,"[""p08_c01"",""p08_c02"",""p08_c03""]"
UC_TE_b5027da1949cf1c7,"[""p01_c01"",""p01_c02"",""p01_c03""]"
UC_TE_ae2970e291c60149,"[""p03_c01"",""p03_c02"",""p03_c03""]"
UC_TE_e923c94bb2bb9fe8,"[""p07_c01"",""p07_c02"",""p07_c03""]"
UC_TE_5aeff2471354a8c9,"[""p01_c01"",""p01_c02"",""p01_c03""]"
UC_TE_cac0c98a51346b18,"[""p07_c01"",""p07_c02"",""p07_c03""]"
UC_TE_9accc7e0f04b8f8c,"[""p03_c01"",""p03_c02"",""p03_c03""]"
UC_TE_698400b17b8193bd,"[""p07_c01"",""p07_c02"",""p07_c03""]"
UC_TE_a36df35da4559f23,"[""p06_c01"",""p06_c02"",""p06_c03""]"
UC_TE_41c31ef8cec5edca,"[""p04_c01"",""p04_c02"",""p04_c03""]"
UC_TE_1958a96643f13e9e,"[""p03_c01"",""p03_c02"",""p03_c03""]"
UC_TE_933642d321a0ea24,"[""p08_c01"",""p08_c02"",""p08_c03""]"
UC_TE_b521b9aab53d4df4,"[""p05_c01"",""p05_c02"",""p05_c03""]"
UC_TE_28bf8f16cdb392fb,"[""p07_c01"",""p07_c02"",""p07_c03""]"
UC_TE_2e9a24202bc16b23,"[""p01_c01"",""p01_c02"",""p01_c03""]"
UC_TE_3c169162d37ad9f1,"[""p06_c01"",""p06_c02"",""p06_c03""]"
UC_TE_03e5d5b7909c8ecb,"[""p07_c01"",""p07_c02"",""p07_c03""]"
UC_TE_1ffbdbc945d4a53d,"[""p06_c01"",""p06_c02"",""p06_c03""]"
UC_TE_eb09002e7fd45b90,"[""p06_c01"",""p06_c02"",""p06_c03""]"
UC_TE_404469f3e609f27c,"[""p06_c01"",""p06_c02"",""p06_c03""]"
UC_TE_ee0fcf3538219dd4,"[""p05_c01"",""p05_c02"",""p05_c03""]"
UC_TE_14615365b9c8a18d,"[""p04_c01"",""p04_c02"",""p04_c03""]"
UC_TE_041aab5b40afc56d,"[""p04_c01"",""p04_c02"",""p04_c03""]"
UC_TE_6097db1ae7b6fed7,"[""p08_c01"",""p08_c02"",""p08_c03""]"
UC_TE_aeabad4f5e24f36c,"[""p02_c01"",""p02_c02"",""p02_c03""]"
UC_TE_0b390fc28616e66c,"[""p06_c01"",""p06_c02"",""p06_c03""]"
UC_TE_7ad96da5f16d5783,"[""p01_c01"",""p01_c02"",""p01_c03""]"
UC_TE_096ce7359ea8a4d0,"[""p07_c01"",""p07_c02"",""p07_c03""]"
UC_TE_d55519fb32179fe5,"[""p02_c01"",""p02_c02"",""p02_c03""]"
UC_TE_536f275b202e51ca,"[""p04_c01"",""p04_c02"",""p04_c03""]"
UC_TE_92ff8cdb5dc2e83c,"[""p02_c01"",""p02_c02"",""p02_c03""]"
UC_TE_974ccd87a5596484,"[""p08_c01"",""p08_c02"",""p08_c03""]"
UC_TE_e3712210685fb717,"[""p01_c01"",""p01_c02"",""p01_c03""]"
UC_TE_366c22165243d43b,"[""p07_c01"",""p07_c02"",""p07_c03""]"
UC_TE_6e3f9e3868556965,"[""p08_c01"",""p08_c02"",""p08_c03""]"
UC_TE_cce6b819d0f24f73,"[""p04_c01"",""p04_c02"",""p04_c03""]"
UC_TE_c5bd7cb916d884f2,"[""p05_c01"",""p05_c02"",""p05_c03""]"
UC_TE_0812634c690ebfb4,"[""p04_c01"",""p04_c02"",""p04_c03""]"
UC_TE_089f897a69554790,"[""p06_c01"",""p06_c02"",""p06_c03""]"
UC_TE_2d88c73d671f67d9,"[""p03_c01"",""p03_c02"",""p03_c03""]"
UC_TE_10c4cee8a4f0405f,"[""p08_c01"",""p08_c02"",""p08_c03""]"
UC_TE_cc4cd1f26bae7877,"[""p08_c01"",""p08_c02"",""p08_c03""]"
UC_TE_55989cd5e4b91a6d,"[""p07_c01"",""p07_c02"",""p07_c03""]"
UC_TE_fcece0db66fa8da0,"[""p07_c01"",""p07_c02"",""p07_c03""]"
UC_TE_27cf062ea933f00a,"[""p01_c01"",""p01_c02"",""p01_c03""]"
UC_TE_71fbfd925804d1a1,"[""p01_c01"",""p01_c02"",""p01_c03""]"
UC_TE_0e28406423bc19fc,"[""p01_c01"",""p01_c02"",""p01_c03""]"
UC_TE_bc9ec19d4e8d6e27,"[""p01_c01"",""p01_c02"",""p01_c03""]"
UC_TE_ad93f2a24fe42ecb,"[""p04_c01"",""p04_c02"",""p04_c03""]"
UC_TE_7f2b7ef8e9b917c0,"[""p03_c01"",""p03_c02"",""p03_c03""]"
UC_TE_91e222536b0cb060,"[""p08_c01"",""p08_c02"",""p08_c03""]"
UC_TE_ae8c2cf053fe07a1,"[""p04_c01"",""p04_c02"",""p04_c03""]"
UC_TE_c5ed5b8f725781fb,"[""p02_c01"",""p02_c02"",""p02_c03""]"
UC_TE_757dc8531a40e418,"[""p03_c01"",""p03_c02"",""p03_c03""]"
UC_TE_184b4884fc0d06e9,"[""p01_c01"",""p01_c02"",""p01_c03""]"
UC_TE_8b9dab8a1b5019f5,"[""p02_c01"",""p02_c02"",""p02_c03""]"
UC_TE_bb99685e8f5cfb19,"[""p03_c01"",""p03_c02"",""p03_c03""]"
UC_TE_759061cfcf9541e8,"[""p08_c01"",""p08_c02"",""p08_c03""]"
UC_TE_631c177d2883fc28,"[""p02_c01"",""p02_c02"",""p02_c03""]"
UC_TE_847fd77b76bccf95,"[""p03_c01"",""p03_c02"",""p03_c03""]"
UC_TE_bbdee10cf10d8d30,"[""p05_c01"",""p05_c02"",""p05_c03""]"
UC_TE_c090a91ea31ce184,"[""p08_c01"",""p08_c02"",""p08_c03""]"
UC_TE_2ad417d126fe4956,"[""p03_c01"",""p03_c02"",""p03_c03""]"
UC_TE_f61e9c815b1b18ed,"[""p01_c01"",""p01_c02"",""p01_c03""]"
UC_TE_3c48c6e0cee11031,"[""p08_c01"",""p08_c02"",""p08_c03""]"
UC_TE_4017b600aed545b3,"[""p07_c01"",""p07_c02"",""p07_c03""]"
UC_TE_c40424a7177037ae,"[""p08_c01"",""p08_c02"",""p08_c03""]"
UC_TE_03fa9ea3c12c23f7,"[""p05_c01"",""p05_c02"",""p05_c03""]"
UC_TE_b727f2c06901b311,"[""p03_c01"",""p03_c02"",""p03_c03""]"
UC_TE_945b71ff1dcbfd23,"[""p06_c01"",""p06_c02"",""p06_c03""]"
UC_TE_17450e31b172a41a,"[""p05_c01"",""p05_c02"",""p05_c03""]"
UC_TE_f194889ccbda46d2,"[""p03_c01"",""p03_c02"",""p03_c03""]"
UC_TE_60bbb0c9befef79f,"[""p02_c01"",""p02_c02"",""p02_c03""]"
UC_TE_de1bebb55d9413b5,"[""p05_c01"",""p05_c02"",""p05_c03""]"
UC_TE_93e10abd84707c51,"[""p08_c01"",""p08_c02"",""p08_c03""]"
UC_TE_850e8be070448522,"[""p05_c01"",""p05_c02"",""p05_c03""]"
UC_TE_427a361a17947fc0,"[""p02_c01"",""p02_c02"",""p02_c03""]"
UC_TE_78bfc19b1d486d3d,"[""p06_c01"",""p06_c02"",""p06_c03""]"
UC_TE_7a1d4ab33c497ffa,"[""p01_c01"",""p01_c02"",""p01_c03""]"
UC_TE_433bc054eeeeb45e,"[""p06_c01"",""p06_c02"",""p06_c03""]"
UC_TE_8949fbdfde34fad6,"[""p07_c01"",""p07_c02"",""p07_c03""]"
UC_TE_d3e46ca130f9c0b0,"[""p02_c01"",""p02_c02"",""p02_c03""]"
UC_TE_8328a4ded3eb69e8,"[""p08_c01"",""p08_c02"",""p08_c03""]"
UC_TE_21a6b6324cce31ff,"[""p01_c01"",""p01_c02"",""p01_c03""]"
UC_TE_962f64ce46e6c4d8,"[""p03_c01"",""p03_c02"",""p03_c03""]"
UC_TE_ed27f33da30ac3fb,"[""p08_c01"",""p08_c02"",""p08_c03""]"
UC_TE_7675946735617e41,"[""p01_c01"",""p01_c02"",""p01_c03""]"
UC_TE_ed68a5998c7d85f5,"[""p05_c01"",""p05_c02"",""p05_c03""]"
UC_TE_0c93fbf8245899cd,"[""p07_c01"",""p07_c02"",""p07_c03""]"
UC_TE_5aa076a21bd63be9,"[""p07_c01"",""p07_c02"",""p07_c03""]"
UC_TE_fb1422ec2a22ab01,"[""p08_c01"",""p08_c02"",""p08_c03""]"
UC_TE_e917125378539eec,"[""p07_c01"",""p07_c02"",""p07_c03""]"
UC_TE_8c8751255b65b436,"[""p03_c01"",""p03_c02"",""p03_c03""]"
UC_TE_3c9cb1b83c05e921,"[""p04_c01"",""p04_c02"",""p04_c03""]"
UC_TE_6e7175d0ec791382,"[""p08_c01"",""p08_c02"",""p08_c03""]"
UC_TE_2e4c26b0bce45b46,"[""p07_c01"",""p07_c02"",""p07_c03""]"
UC_TE_d990fcfd263fbeb6,"[""p04_c01"",""p04_c02"",""p04_c03""]"
UC_TE_9c30bf971352135f,"[""p02_c01"",""p02_c02"",""p02_c03""]"
UC_TE_41089318bd468a2c,"[""p01_c01"",""p01_c02"",""p01_c03""]"
UC_TE_88e7a345e6108531,"[""p08_c01"",""p08_c02"",""p08_c03""]"
UC_TE_4c2e0063ce80e378,"[""p04_c01"",""p04_c02"",""p04_c03""]"
UC_TE_f8816d030c219717,"[""p03_c01"",""p03_c02"",""p03_c03""]"
UC_TE_fdca6cde1c07c415,"[""p07_c01"",""p07_c02"",""p07_c03""]"
UC_TE_1e228034964934c3,"[""p01_c01"",""p01_c02"",""p01_c03""]"
UC_TE_9817101f831803ae,"[""p08_c01"",""p08_c02"",""p08_c03""]"
UC_TE_3a741831aa4ccd6a,"[""p02_c01"",""p02_c02"",""p02_c03""]"
UC_TE_5d59eb041d1e3111,"[""p05_c01"",""p05_c02"",""p05_c03""]"
