sample_id,target_box,action_type,element_role,blocker_type,repair_sequence,interaction_status
guicase_e2b19f69332bff50,"[0.3339, 0.6312, 0.0403, 0.0297]",click,link,covered_modal,dismiss_modal>click_target,blocked
guicase_f872c950f6fe9a8a,"[0.3999, 0.0087, 0.0939, 0.0405]",click,tab,covered_modal,dismiss_modal>click_target,blocked
guicase_e828166a0dc89a5d,"[0.0, 0.0, 0.0, 0.0]",click,tab,ambiguous,inspect_duplicates>click_target,ambiguous
guicase_014f345d82e3cb65,"[0.0, 0.0, 0.0, 0.0]",click,link,disabled,enable_control>click_target,blocked
guicase_9ab381cc2174f1d2,"[0.0, 0.0, 0.0, 0.0]",select,button,wrong_page,navigate_back>select_target,needs_navigation
guicase_96c1149860dfcedd,"[0.0, 0.0, 0.0, 0.0]",type,text_field,ambiguous,inspect_duplicates>type_target,ambiguous
guicase_d07bcdbe70a69cbf,"[0.0, 0.0, 0.0, 0.0]",click,button,wrong_page,navigate_back>click_target,needs_navigation
guicase_b873fde2d6d30b95,"[0.3081, 0.0, 0.0891, 0.0721]",click,link,covered_modal,dismiss_modal>click_target,blocked
guicase_af82410c6f7e1ce5,"[0.19, 0.509, 0.1818, 0.0604]",click,link,none,click_target,ready
guicase_730c21862690ac69,"[0.3999, 0.0087, 0.0939, 0.0405]",type,tab,none,type_target,ready
guicase_49ddec4aa200e222,"[0.0, 0.0, 0.0, 0.0]",type,text_field,wrong_page,navigate_back>type_target,needs_navigation
guicase_85f35a32a1b825e8,"[0.3638, 0.7397, 0.0805, 0.037]",click,link,disabled,enable_control>click_target,blocked
guicase_d953f87e0e86f91f,"[0.1283, 0.0918, 0.0093, 0.0359]",click,widget,ambiguous,inspect_duplicates>click_target,ambiguous
guicase_c59a0150a700e0ef,"[0.0292, 0.5206, 0.0475, 0.0255]",click,tab,none,click_target,ready
guicase_4a76526a841a3690,"[0.3863, 0.1004, 0.0254, 0.0253]",click,link,none,click_target,ready
guicase_43fd4e6872fe9a57,"[0.0, 0.0, 0.0, 0.0]",click,button,wrong_page,navigate_back>click_target,needs_navigation
guicase_3e2868b685208e78,"[0.1832, 0.8685, 0.0449, 0.024]",click,tab,ambiguous,inspect_duplicates>click_target,ambiguous
guicase_c592bf2c7c708c30,"[0.7613, 0.5997, 0.0105, 0.0164]",click,widget,covered_modal,dismiss_modal>click_target,blocked
guicase_17bc7df0cf17af67,"[0.2067, 0.7006, 0.1861, 0.037]",click,link,none,click_target,ready
guicase_72f5c5b80d44648c,"[0.0, 0.0, 0.0, 0.0]",type,text_field,wrong_page,navigate_back>type_target,needs_navigation
guicase_63b122c82d0b1765,"[0.1504, 1.0, 0.0151, 0.0]",select,button,none,select_target,ready
guicase_b89e26bef010c34f,"[0.0, 0.0, 0.0, 0.0]",select,widget,wrong_page,navigate_back>select_target,needs_navigation
guicase_65afdd23df60aeb7,"[0.0, 0.0, 0.0, 0.0]",click,link,disabled,enable_control>click_target,blocked
guicase_718476b9f6f8180c,"[0.0, 0.0, 0.0, 0.0]",click,tab,wrong_page,navigate_back>click_target,needs_navigation
guicase_179f068644f99d30,"[0.0, 0.0, 0.0, 0.0]",select,widget,wrong_page,navigate_back>select_target,needs_navigation
guicase_9133527303320979,"[0.7212, 0.0087, 0.1508, 0.0405]",click,tab,none,click_target,ready
guicase_c5e0c4d56c90ee70,"[0.0, 0.0, 0.0, 0.0]",click,tab,none,click_target,ready
guicase_cef8d8f118e33f47,"[0.0467, 0.0087, 0.1693, 0.0405]",click,tab,none,click_target,ready
guicase_8ebcdf3b9260dcd7,"[0.1188, 0.6541, 0.076, 0.057]",select,button,none,select_target,ready
guicase_08f87ffa34ef123b,"[0.3647, 0.6207, 0.0215, 0.0135]",type,widget,none,type_target,ready
guicase_8cf4f562f0f66d03,"[0.4734, 0.6935, 0.0571, 0.028]",type,text_field,disabled,enable_control>type_target,blocked
guicase_111c9181740d8218,"[0.0, 0.0, 0.0, 0.0]",click,link,wrong_page,navigate_back>click_target,needs_navigation
guicase_15dcc100526cd82c,"[0.0, 0.0, 0.0, 0.0]",type,text_field,wrong_page,navigate_back>type_target,needs_navigation
guicase_a2e7f3af5002e879,"[0.4777, 0.188, 0.0614, 0.0285]",click,tab,none,click_target,ready
guicase_673c83f13d00cab4,"[0.1274, 0.1023, 0.0738, 0.0214]",click,link,ambiguous,inspect_duplicates>click_target,ambiguous
guicase_c776f208bdd9436b,"[0.0884, 0.1019, 0.1123, 0.0409]",click,link,ambiguous,inspect_duplicates>click_target,ambiguous
guicase_80698ea6ce9353da,"[0.0, 0.0, 0.0, 0.0]",click,tab,wrong_page,navigate_back>click_target,needs_navigation
guicase_9d6d77515da4ca79,"[0.6058, 0.7847, 0.0079, 0.0183]",click,widget,none,click_target,ready
guicase_f353afeffb7b4e1e,"[0.0, 0.0, 0.0, 0.0]",click,widget,wrong_page,navigate_back>click_target,needs_navigation
guicase_49d2f0e8fca21f97,"[0.7722, 0.0966, 0.0464, 0.0312]",click,link,ambiguous,inspect_duplicates>click_target,ambiguous
guicase_5f01018bd51f4e1f,"[0.0, 0.0, 0.0, 0.0]",click,tab,wrong_page,navigate_back>click_target,needs_navigation
guicase_9247f832f9711b64,"[0.3999, 0.0087, 0.0939, 0.0405]",click,tab,covered_modal,dismiss_modal>click_target,blocked
guicase_5bec011ee64af9b3,"[0.0, 0.0, 0.0, 0.0]",click,tab,wrong_page,navigate_back>click_target,needs_navigation
guicase_120cc4fe8bb69dfe,"[0.0, 0.0, 0.0, 0.0]",click,link,disabled,enable_control>click_target,blocked
guicase_e96f7a557b143f1f,"[0.0, 0.0, 0.0, 0.0]",click,tab,wrong_page,navigate_back>click_target,needs_navigation
guicase_267e03cfc431be8c,"[0.1195, 0.082, 0.0405, 0.057]",click,widget,ambiguous,inspect_duplicates>click_target,ambiguous
guicase_67a6d9f93ecf03ce,"[0.0, 0.0, 0.0, 0.0]",select,button,wrong_page,navigate_back>select_target,needs_navigation
guicase_8e0747bf276fea4f,"[0.0, 0.0, 0.0, 0.0]",click,tab,wrong_page,navigate_back>click_target,needs_navigation
guicase_a6fed26c47ba70e7,"[0.2317, 0.596, 0.0079, 0.0242]",select,button,none,select_target,ready
guicase_364f68825b23ed11,"[0.0916, 0.3314, 0.0566, 0.0392]",type,text_field,ambiguous,inspect_duplicates>type_target,ambiguous
guicase_0ab3a4feb2213e03,"[0.0759, 0.851, 0.02, 0.0256]",select,button,ambiguous,inspect_duplicates>select_target,ambiguous
guicase_83c0e3dc0f62759b,"[0.0, 0.0, 0.0, 0.0]",click,button,wrong_page,navigate_back>click_target,needs_navigation
guicase_2c0b0a1e2ac0c375,"[0.3207, 0.4317, 0.0846, 0.0528]",click,link,covered_modal,dismiss_modal>click_target,blocked
guicase_87d14e2cf33a9f84,"[0.0728, 0.7647, 0.0158, 0.0413]",click,button,ambiguous,inspect_duplicates>click_target,ambiguous
guicase_bac321575c34bc20,"[0.0, 0.0, 0.0, 0.0]",click,link,wrong_page,navigate_back>click_target,needs_navigation
guicase_451588b9534e3588,"[0.7307, 0.4909, 0.219, 0.1033]",click,link,none,click_target,ready
guicase_037dee9e02fb454d,"[0.0, 0.0, 0.0, 0.0]",click,button,wrong_page,navigate_back>click_target,needs_navigation
guicase_327b93726bf6f948,"[0.3773, 0.2516, 0.2817, 0.066]",click,tab,covered_modal,dismiss_modal>click_target,blocked
guicase_f0fb3722aba9775c,"[0.5468, 0.4562, 0.0449, 0.027]",select,tab,covered_modal,dismiss_modal>select_target,blocked
guicase_40f0d950d30cc940,"[0.0, 0.0, 0.0, 0.0]",click,tab,none,click_target,ready
guicase_bbd52d09cb3d804b,"[0.0, 0.0, 0.0, 0.0]",click,widget,wrong_page,navigate_back>click_target,needs_navigation
guicase_18369cdc1f110a95,"[0.0, 0.0, 0.0, 0.0]",click,link,wrong_page,navigate_back>click_target,needs_navigation
guicase_451288980ce0e37c,"[0.4793, 0.2215, 0.0497, 0.028]",type,text_field,none,type_target,ready
guicase_3e1d072889417297,"[0.3697, 0.4012, 0.1161, 0.0308]",type,text_field,covered_modal,dismiss_modal>type_target,blocked
guicase_5ab0cd2c03ffe6ee,"[0.0, 0.0, 0.0, 0.0]",click,link,ambiguous,inspect_duplicates>click_target,ambiguous
guicase_b5254b3501e8e92b,"[0.0726, 0.6441, 0.0156, 0.0769]",click,button,ambiguous,inspect_duplicates>click_target,ambiguous
guicase_a5d3e508bdc1c056,"[0.0, 0.0, 0.0, 0.0]",type,text_field,ambiguous,inspect_duplicates>type_target,ambiguous
guicase_c6c430cdbc48202e,"[0.0, 0.0, 0.0, 0.0]",click,widget,wrong_page,navigate_back>click_target,needs_navigation
guicase_8bf4dd446324ff1e,"[0.7786, 0.5896, 0.0206, 0.0299]",click,widget,ambiguous,inspect_duplicates>click_target,ambiguous
guicase_9da09a374157f74c,"[0.3999, 0.0087, 0.0939, 0.0405]",click,tab,covered_modal,dismiss_modal>click_target,blocked
guicase_b47441ba3c417654,"[0.0, 0.0, 0.0, 0.0]",type,text_field,wrong_page,navigate_back>type_target,needs_navigation
guicase_ab02bab778d0706a,"[0.0, 0.0, 0.0, 0.0]",click,widget,wrong_page,navigate_back>click_target,needs_navigation
guicase_a898a36c14684ced,"[0.3357, 0.4491, 0.0348, 0.0262]",type,text_field,none,type_target,ready
guicase_daa02ec19cc7b0a7,"[0.4331, 0.2929, 0.0228, 0.0224]",click,button,covered_modal,dismiss_modal>click_target,blocked
guicase_341c8d4081b7b877,"[0.3999, 0.0087, 0.0939, 0.0405]",click,tab,covered_modal,dismiss_modal>click_target,blocked
guicase_49deffe3192b3c6c,"[0.0, 0.0, 0.0, 0.0]",click,widget,none,click_target,ready
guicase_8a68e58db6e59b87,"[0.0, 0.0, 0.0, 0.0]",click,widget,wrong_page,navigate_back>click_target,needs_navigation
guicase_a5cccd8cdae85d8b,"[0.0, 0.0, 0.0, 0.0]",type,text_field,wrong_page,navigate_back>type_target,needs_navigation
guicase_5d64d837f6508264,"[0.0, 0.0, 0.0, 0.0]",click,widget,wrong_page,navigate_back>click_target,needs_navigation
guicase_06f589617d196b53,"[0.3697, 0.4012, 0.1161, 0.0308]",type,text_field,covered_modal,dismiss_modal>type_target,blocked
guicase_80b3687b0ac2d926,"[0.0, 0.0, 0.0, 0.0]",click,tab,ambiguous,inspect_duplicates>click_target,ambiguous
guicase_feec05aeac6d2c1b,"[0.0, 0.0, 0.0, 0.0]",click,tab,wrong_page,navigate_back>click_target,needs_navigation
guicase_02cade32a06c346a,"[0.0, 0.0, 0.0, 0.0]",type,text_field,none,type_target,ready
guicase_b10fe5e21fcc42e2,"[0.0504, 0.4135, 0.0787, 0.0316]",click,link,ambiguous,inspect_duplicates>click_target,ambiguous
guicase_ee5a03103f179102,"[0.0, 0.0, 0.0, 0.0]",click,button,wrong_page,navigate_back>click_target,needs_navigation
guicase_88f6d9f27d3888c3,"[0.3302, 0.6273, 0.0088, 0.0165]",select,widget,none,select_target,ready
guicase_b80226830d99d8d7,"[0.0, 0.0, 0.0, 0.0]",click,button,wrong_page,navigate_back>click_target,needs_navigation
guicase_3c8890d1d3bc5447,"[0.0, 0.0, 0.0, 0.0]",click,tab,wrong_page,navigate_back>click_target,needs_navigation
guicase_058e8db02f721eab,"[0.3759, 0.0087, 0.1432, 0.0405]",click,tab,ambiguous,inspect_duplicates>click_target,ambiguous
guicase_ad2d68be8996842f,"[0.0, 0.0, 0.0, 0.0]",click,button,wrong_page,navigate_back>click_target,needs_navigation
guicase_23a0f9d61ece6d71,"[0.4399, 0.6935, 0.0931, 0.028]",type,text_field,disabled,enable_control>type_target,blocked
guicase_a0da7a25832988ed,"[0.2844, 0.9491, 0.1069, 0.0509]",type,text_field,covered_modal,dismiss_modal>type_target,blocked
guicase_723541c381454e99,"[0.0, 0.0, 0.0, 0.0]",type,text_field,disabled,enable_control>type_target,blocked
guicase_55cea8abaec7e95d,"[0.0, 0.0, 0.0, 0.0]",select,button,wrong_page,navigate_back>select_target,needs_navigation
guicase_dcc38cfcb9b88501,"[0.3629, 0.7874, 0.1084, 0.0355]",type,text_field,ambiguous,inspect_duplicates>type_target,ambiguous
guicase_e8d52e1e8798bd31,"[0.0, 0.0, 0.0, 0.0]",click,tab,wrong_page,navigate_back>click_target,needs_navigation
guicase_58bf3a5c3d111f78,"[0.0, 0.0, 0.0, 0.0]",type,text_field,wrong_page,navigate_back>type_target,needs_navigation
guicase_bfe657eac0fb348d,"[0.0, 0.0, 0.0, 0.0]",type,text_field,covered_modal,dismiss_modal>type_target,blocked
guicase_7228e8388bf81c8e,"[0.0778, 0.2123, 0.0103, 0.0294]",click,widget,none,click_target,ready
guicase_4f6bed405e40bb9c,"[0.3207, 0.4317, 0.0846, 0.0528]",click,link,covered_modal,dismiss_modal>click_target,blocked
guicase_892484a81e9b7d24,"[0.0, 0.0, 0.0, 0.0]",click,link,wrong_page,navigate_back>click_target,needs_navigation
guicase_b2dc488bfeab0ddf,"[0.0238, 0.6333, 0.0125, 0.0175]",click,widget,none,click_target,ready
guicase_823868c59c3fddbc,"[0.3087, 0.099, 0.1317, 0.0435]",click,tab,covered_modal,dismiss_modal>click_target,blocked
guicase_6f480761d2fc2b17,"[0.0, 0.0, 0.0, 0.0]",click,button,wrong_page,navigate_back>click_target,needs_navigation
guicase_f7b82e7514df4ce0,"[0.0, 0.0, 0.0, 0.0]",click,link,wrong_page,navigate_back>click_target,needs_navigation
guicase_afc21367e9e312d6,"[0.0, 0.0, 0.0, 0.0]",type,text_field,wrong_page,navigate_back>type_target,needs_navigation
guicase_1972a02b4f657c45,"[0.0, 0.0, 0.0, 0.0]",click,tab,disabled,enable_control>click_target,blocked
guicase_d998a93d4f7faf1c,"[0.3883, 0.1676, 0.2538, 0.0351]",click,link,covered_modal,dismiss_modal>click_target,blocked
guicase_e3b3256669dcb3dc,"[0.0266, 0.2134, 0.0244, 0.0256]",select,button,none,select_target,ready
guicase_242695fb6a43c3a6,"[0.7611, 0.6309, 0.0128, 0.0338]",click,widget,none,click_target,ready
guicase_9305b23ba9ae83b6,"[0.1812, 0.0087, 0.1063, 0.0405]",click,tab,none,click_target,ready
guicase_b3be7be9ff58b7d2,"[0.0, 0.0, 0.0, 0.0]",click,tab,wrong_page,navigate_back>click_target,needs_navigation
guicase_4a78c91ed6762b83,"[0.5092, 0.0087, 0.1712, 0.0405]",type,tab,ambiguous,inspect_duplicates>type_target,ambiguous
guicase_bdd2b796501f4f18,"[0.3355, 0.3477, 0.0656, 0.0355]",type,text_field,disabled,enable_control>type_target,blocked
guicase_4303ce1662792230,"[0.5007, 0.0087, 0.1604, 0.0405]",click,tab,none,click_target,ready
guicase_5aae58a534a160e7,"[0.4734, 0.6935, 0.0571, 0.028]",type,text_field,disabled,enable_control>type_target,blocked
guicase_6742a8d9548405cc,"[0.0, 0.0, 0.0, 0.0]",select,button,wrong_page,navigate_back>select_target,needs_navigation
guicase_12b8edc0da275699,"[0.5425, 0.0087, 0.05, 0.0405]",select,tab,ambiguous,inspect_duplicates>select_target,ambiguous
guicase_96ec43a39ccb1268,"[0.0, 0.0, 0.0, 0.0]",click,widget,wrong_page,navigate_back>click_target,needs_navigation
guicase_03634dc623ad2d36,"[0.1824, 0.0, 0.2086, 0.0502]",click,link,covered_modal,dismiss_modal>click_target,blocked
guicase_e502c55a08ef9213,"[0.923, 0.9297, 0.072, 0.0687]",click,link,covered_modal,dismiss_modal>click_target,blocked
guicase_014d758f66b36bdd,"[0.0, 0.0, 0.0, 0.0]",click,tab,wrong_page,navigate_back>click_target,needs_navigation
guicase_e630512251b7fbd0,"[0.4331, 0.2929, 0.0228, 0.0224]",click,button,covered_modal,dismiss_modal>click_target,blocked
guicase_5e324b8b18013c0f,"[0.3697, 0.4012, 0.1161, 0.0308]",type,text_field,disabled,enable_control>type_target,blocked
guicase_1a0440355f8f3b7c,"[0.0, 0.0, 0.0, 0.0]",click,button,wrong_page,navigate_back>click_target,needs_navigation
guicase_6655653983df100b,"[0.3697, 0.4012, 0.1161, 0.0308]",type,text_field,covered_modal,dismiss_modal>type_target,blocked
guicase_3ee4da4a83c07c9d,"[0.0, 0.0, 0.0, 0.0]",click,link,wrong_page,navigate_back>click_target,needs_navigation
guicase_7023af47e983aa07,"[0.0, 0.0, 0.0, 0.0]",click,widget,wrong_page,navigate_back>click_target,needs_navigation
guicase_d57f7ee5a4f6938c,"[0.0, 0.0, 0.0, 0.0]",type,text_field,disabled,enable_control>type_target,blocked
guicase_04bd38c31c86e3db,"[0.0722, 0.363, 0.0198, 0.0356]",select,button,none,select_target,ready
guicase_726d6bdda00863be,"[0.3446, 0.5009, 0.3483, 0.0822]",type,text_field,ambiguous,inspect_duplicates>type_target,ambiguous
guicase_8f759b96fc254785,"[0.0, 0.0, 0.0, 0.0]",select,tab,wrong_page,navigate_back>select_target,needs_navigation
guicase_cbfc9c5ca8ec0286,"[0.0, 0.0, 0.0, 0.0]",click,tab,disabled,enable_control>click_target,blocked
guicase_3173f7a875412559,"[0.0, 0.0, 0.0, 0.0]",click,link,wrong_page,navigate_back>click_target,needs_navigation
guicase_8d2d9d59d6dd2413,"[0.0232, 0.1621, 0.0122, 0.0165]",click,widget,covered_modal,dismiss_modal>click_target,blocked
guicase_78c5e08baea70213,"[0.0, 0.0, 0.0, 0.0]",click,tab,wrong_page,navigate_back>click_target,needs_navigation
guicase_6179ab1cc1322199,"[0.0, 0.0, 0.0, 0.0]",click,link,wrong_page,navigate_back>click_target,needs_navigation
guicase_9e662975b79b6da8,"[0.3207, 0.4317, 0.0846, 0.0528]",click,link,covered_modal,dismiss_modal>click_target,blocked
guicase_3cea475fbc38c491,"[0.0, 0.0, 0.0, 0.0]",click,link,wrong_page,navigate_back>click_target,needs_navigation
guicase_252d2e892125f254,"[0.0, 0.0, 0.0, 0.0]",select,button,wrong_page,navigate_back>select_target,needs_navigation
guicase_7f25018db57dd111,"[0.3875, 0.2219, 0.1915, 0.0579]",type,text_field,covered_modal,dismiss_modal>type_target,blocked
guicase_e82a0c21c0615a66,"[0.0, 0.0, 0.0, 0.0]",select,button,wrong_page,navigate_back>select_target,needs_navigation
guicase_f267c3f3231682d3,"[0.4504, 0.3134, 0.0405, 0.0203]",click,widget,covered_modal,dismiss_modal>click_target,blocked
guicase_9e77003f5f4084fe,"[0.0, 0.0, 0.0, 0.0]",type,text_field,wrong_page,navigate_back>type_target,needs_navigation
guicase_e2c3902f3abac8c3,"[0.0536, 0.6653, 0.0537, 0.0409]",click,link,ambiguous,inspect_duplicates>click_target,ambiguous
guicase_e7a56d7551a7e46e,"[0.1425, 0.5319, 0.0077, 0.0456]",select,button,none,select_target,ready
guicase_47e239e06af111c0,"[0.0, 0.0, 0.0, 0.0]",click,tab,wrong_page,navigate_back>click_target,needs_navigation
guicase_2c455a69c32e910e,"[0.3649, 0.5425, 0.0799, 0.0262]",type,text_field,none,type_target,ready
guicase_1f160b944323b9a1,"[0.0, 0.0, 0.0, 0.0]",type,text_field,wrong_page,navigate_back>type_target,needs_navigation
guicase_0d14bfb675562e2f,"[0.0, 0.0, 0.0, 0.0]",click,tab,covered_modal,dismiss_modal>click_target,blocked
guicase_b38f75585bc50830,"[0.0, 0.0, 0.0, 0.0]",click,button,wrong_page,navigate_back>click_target,needs_navigation
guicase_3e046a9201959f05,"[0.4413, 0.8729, 0.1836, 0.0411]",type,text_field,covered_modal,dismiss_modal>type_target,blocked
guicase_d4f2cb24832faf54,"[0.5295, 0.0087, 0.0611, 0.0405]",click,tab,none,click_target,ready
guicase_a24e7fad277e9f31,"[0.0, 0.0, 0.0, 0.0]",click,link,wrong_page,navigate_back>click_target,needs_navigation
guicase_557e0091bedb9e22,"[0.0, 0.0, 0.0, 0.0]",type,text_field,wrong_page,navigate_back>type_target,needs_navigation
guicase_76eac2ad24792a2b,"[0.0, 0.0, 0.0, 0.0]",type,text_field,wrong_page,navigate_back>type_target,needs_navigation
guicase_d8ef848b6d1b866f,"[0.0, 0.0, 0.0, 0.0]",click,tab,wrong_page,navigate_back>click_target,needs_navigation
guicase_837a86a59b6422ea,"[0.0784, 0.5075, 0.0232, 0.0427]",select,button,ambiguous,inspect_duplicates>select_target,ambiguous
guicase_45a8fdaa11afc837,"[0.0232, 0.1616, 0.0122, 0.0175]",click,widget,none,click_target,ready
guicase_f57219e26a3486ae,"[0.0, 0.0, 0.0, 0.0]",click,link,wrong_page,navigate_back>click_target,needs_navigation
guicase_ecfd7a092b1db5f2,"[0.4322, 0.1314, 0.0449, 0.0195]",click,tab,disabled,enable_control>click_target,blocked
guicase_b22fd383189a6333,"[0.6824, 0.2323, 0.0451, 0.0419]",click,button,covered_modal,dismiss_modal>click_target,blocked
guicase_420a36d6b43bcadb,"[0.2882, 0.4026, 0.0135, 0.0199]",click,widget,covered_modal,dismiss_modal>click_target,blocked
guicase_326f282236205ee5,"[0.3014, 0.4865, 0.0258, 0.0299]",select,button,covered_modal,dismiss_modal>select_target,blocked
guicase_71f69c690f6a74b8,"[0.0, 0.0, 0.0, 0.0]",type,text_field,disabled,enable_control>type_target,blocked
guicase_19e0a95370d380cb,"[0.0, 0.0, 0.0, 0.0]",type,text_field,wrong_page,navigate_back>type_target,needs_navigation
guicase_721c540b9358b48d,"[0.0, 0.0, 0.0, 0.0]",select,button,wrong_page,navigate_back>select_target,needs_navigation
guicase_8c77579849e8bbee,"[0.0, 0.0, 0.0, 0.0]",type,text_field,wrong_page,navigate_back>type_target,needs_navigation
guicase_0f88a9fe57ad0088,"[0.0, 0.0, 0.0, 0.0]",type,text_field,wrong_page,navigate_back>type_target,needs_navigation
guicase_6f42dcb08148b569,"[0.5492, 0.1869, 0.0582, 0.0243]",type,text_field,disabled,enable_control>type_target,blocked
guicase_d2cabe42d4e38d37,"[0.7011, 0.0966, 0.0695, 0.0312]",click,link,ambiguous,inspect_duplicates>click_target,ambiguous
guicase_48eac904ffe71455,"[0.0, 0.0, 0.0, 0.0]",click,widget,wrong_page,navigate_back>click_target,needs_navigation
guicase_bc53854cc3363fb1,"[0.5899, 0.107, 0.0079, 0.0154]",click,widget,ambiguous,inspect_duplicates>click_target,ambiguous
guicase_27447fe33b237ddd,"[0.0, 0.0, 0.0, 0.0]",click,widget,wrong_page,navigate_back>click_target,needs_navigation
guicase_1291876f87b2439d,"[0.3999, 0.0087, 0.0939, 0.0405]",click,tab,covered_modal,dismiss_modal>click_target,blocked
guicase_367cc46db16ebb1e,"[0.0, 0.0, 0.0, 0.0]",click,tab,wrong_page,navigate_back>click_target,needs_navigation
guicase_d6645f9ed31d8c4d,"[0.0, 0.0, 0.0, 0.0]",type,text_field,wrong_page,navigate_back>type_target,needs_navigation
guicase_07b4af70e6205997,"[0.2882, 0.4026, 0.0135, 0.0199]",select,widget,covered_modal,dismiss_modal>select_target,blocked
guicase_b0f59e56f9af18a9,"[0.6783, 0.0087, 0.1553, 0.0405]",click,tab,none,click_target,ready
guicase_6387b8a316732b50,"[0.4331, 0.2929, 0.0228, 0.0224]",click,button,covered_modal,dismiss_modal>click_target,blocked
guicase_6e7083ada4bbe68f,"[0.0, 0.0, 0.0, 0.0]",click,tab,wrong_page,navigate_back>click_target,needs_navigation
guicase_0ac8719b8c787435,"[0.6692, 0.0134, 0.0311, 0.0312]",click,link,ambiguous,inspect_duplicates>click_target,ambiguous
guicase_8f5c76d54f747a17,"[0.6833, 0.0087, 0.1457, 0.0405]",click,tab,none,click_target,ready
guicase_6d4b114c6ad48fcd,"[0.1822, 0.7896, 0.0854, 0.039]",click,link,disabled,enable_control>click_target,blocked
guicase_4b0ffea76bc06793,"[0.29, 0.2581, 0.0405, 0.0414]",select,widget,ambiguous,inspect_duplicates>select_target,ambiguous
guicase_8d23d968d42ad4fd,"[0.3371, 0.8811, 0.0434, 0.028]",type,text_field,none,type_target,ready
guicase_cdf029eb54eb068f,"[0.0, 0.0, 0.0, 0.0]",click,tab,wrong_page,navigate_back>click_target,needs_navigation
guicase_aa379ff804a1b0da,"[0.0784, 0.52, 0.0232, 0.0242]",select,button,ambiguous,inspect_duplicates>select_target,ambiguous
guicase_e0291baed348b530,"[0.3697, 0.4012, 0.1161, 0.0308]",type,text_field,covered_modal,dismiss_modal>type_target,blocked
guicase_5c9cac2bcaeb3d33,"[0.3697, 0.4012, 0.1161, 0.0308]",type,text_field,covered_modal,dismiss_modal>type_target,blocked
guicase_01189353db8a3666,"[0.077, 0.3672, 0.0214, 0.0256]",select,button,ambiguous,inspect_duplicates>select_target,ambiguous
guicase_fa3b3816ba9c37ca,"[0.0, 0.0, 0.0, 0.0]",click,tab,ambiguous,inspect_duplicates>click_target,ambiguous
guicase_d46273ce019fb97c,"[0.0, 0.0, 0.0, 0.0]",click,tab,wrong_page,navigate_back>click_target,needs_navigation
guicase_1dad40767c2439d4,"[0.3025, 0.5566, 0.0077, 0.0299]",click,button,covered_modal,dismiss_modal>click_target,blocked
guicase_35bf1270e3dc4164,"[0.3512, 0.0087, 0.1954, 0.0405]",click,tab,none,click_target,ready
guicase_6b8ec888f854ac30,"[0.1657, 0.2701, 0.0131, 0.0256]",select,button,covered_modal,dismiss_modal>select_target,blocked
guicase_07e3fd9404fe5c83,"[0.0, 0.0, 0.0, 0.0]",click,tab,wrong_page,navigate_back>click_target,needs_navigation
guicase_c00fcc45104e664c,"[0.0, 0.0, 0.0, 0.0]",click,tab,wrong_page,navigate_back>click_target,needs_navigation
guicase_2dc1490c255d7fa0,"[0.3291, 0.5893, 0.3483, 0.0804]",type,text_field,covered_modal,dismiss_modal>type_target,blocked
guicase_871f1ff145a01f2b,"[0.0, 0.0, 0.0, 0.0]",type,text_field,disabled,enable_control>type_target,blocked
guicase_4c8b0d3485fbfca6,"[0.3999, 0.0087, 0.0939, 0.0405]",click,tab,covered_modal,dismiss_modal>click_target,blocked
guicase_ffb9a61986b77b12,"[0.0, 0.0, 0.0, 0.0]",type,text_field,wrong_page,navigate_back>type_target,needs_navigation
guicase_d5b053b1286cdc27,"[0.6565, 0.0087, 0.1553, 0.0405]",click,tab,none,click_target,ready
guicase_b6ec49e59283a6cc,"[0.8191, 0.041, 0.1281, 0.0507]",click,link,covered_modal,dismiss_modal>click_target,blocked
guicase_e11ea4269a550501,"[0.4695, 0.6935, 0.0348, 0.028]",type,text_field,disabled,enable_control>type_target,blocked
guicase_4dbdcb1958f86f8e,"[0.0, 0.0, 0.0, 0.0]",click,button,wrong_page,navigate_back>click_target,needs_navigation
guicase_d45d54169ecff9a7,"[0.0, 0.0, 0.0, 0.0]",click,tab,wrong_page,navigate_back>click_target,needs_navigation
guicase_529b25986a47eb82,"[0.3763, 0.0087, 0.1375, 0.0405]",click,tab,covered_modal,dismiss_modal>click_target,blocked
guicase_d66faf963ae74948,"[0.3697, 0.4012, 0.1161, 0.0308]",type,text_field,covered_modal,dismiss_modal>type_target,blocked
guicase_7d9edaabda6fc27e,"[0.5058, 0.0087, 0.1947, 0.0405]",click,tab,none,click_target,ready
guicase_db1be7c3ed031f0e,"[0.0051, 0.1423, 0.0106, 0.0156]",click,widget,none,click_target,ready
guicase_eff2386bb8b8828b,"[0.0, 0.0, 0.0, 0.0]",type,text_field,ambiguous,inspect_duplicates>type_target,ambiguous
guicase_da21813734d4bd97,"[0.2133, 0.199, 0.0284, 0.0399]",select,button,ambiguous,inspect_duplicates>select_target,ambiguous
guicase_9d1f41f87a208a8f,"[0.0, 0.0, 0.0, 0.0]",click,tab,wrong_page,navigate_back>click_target,needs_navigation
guicase_455c3766823df0df,"[0.2033, 0.3076, 0.0225, 0.0427]",select,button,covered_modal,dismiss_modal>select_target,blocked
guicase_495dd296702a3b31,"[0.0, 0.0, 0.0, 0.0]",click,button,wrong_page,navigate_back>click_target,needs_navigation
guicase_1d9d55d490eb2418,"[0.0, 0.0, 0.0, 0.0]",click,widget,wrong_page,navigate_back>click_target,needs_navigation
guicase_1fc835b3f0f850f2,"[0.7749, 0.0071, 0.0256, 0.0855]",click,link,none,click_target,ready
guicase_78a98dc2b46e8984,"[0.4069, 0.3694, 0.2582, 0.0617]",type,text_field,none,type_target,ready
guicase_8a553a99da03002b,"[0.4937, 0.0087, 0.0821, 0.0405]",click,tab,ambiguous,inspect_duplicates>click_target,ambiguous
guicase_d72a5424c98f9ffa,"[0.0, 0.0, 0.0, 0.0]",click,tab,wrong_page,navigate_back>click_target,needs_navigation
guicase_2a13918bd6edbfbf,"[0.0, 0.0, 0.0, 0.0]",click,tab,wrong_page,navigate_back>click_target,needs_navigation
guicase_af96d924576fdab2,"[0.7523, 0.2573, 0.1275, 0.0663]",click,link,covered_modal,dismiss_modal>click_target,blocked
guicase_11b35a1d3d3d5198,"[0.0, 0.0, 0.0, 0.0]",click,button,wrong_page,navigate_back>click_target,needs_navigation
guicase_e0580d84327524d4,"[0.3697, 0.4012, 0.1161, 0.0308]",type,text_field,covered_modal,dismiss_modal>type_target,blocked
guicase_cd93e328004df05b,"[0.7691, 0.5997, 0.015, 0.0164]",click,widget,covered_modal,dismiss_modal>click_target,blocked
guicase_2f6e26cd3b6a26ec,"[0.3487, 0.7155, 0.0702, 0.0279]",click,link,covered_modal,dismiss_modal>click_target,blocked
guicase_1dec81ecaed9a14c,"[0.0, 0.0, 0.0, 0.0]",click,widget,covered_modal,dismiss_modal>click_target,blocked
guicase_70a0bd2b3a691352,"[0.0, 0.0, 0.0, 0.0]",click,tab,wrong_page,navigate_back>click_target,needs_navigation
guicase_d65e9b042d17a897,"[0.4012, 0.509, 0.2538, 0.0604]",click,link,none,click_target,ready
guicase_ea59f270ca01c028,"[0.0, 0.0, 0.0, 0.0]",type,text_field,wrong_page,navigate_back>type_target,needs_navigation
guicase_6942da18942fb36a,"[0.3697, 0.4012, 0.1161, 0.0308]",type,text_field,covered_modal,dismiss_modal>type_target,blocked
guicase_c934f5b93d50ba3e,"[0.0677, 0.0533, 0.1253, 0.033]",click,tab,none,click_target,ready
guicase_538602ae0aa4cc2d,"[0.0, 0.0, 0.0, 0.0]",select,button,wrong_page,navigate_back>select_target,needs_navigation
guicase_5ada26d9db5e3c46,"[0.3207, 0.4317, 0.0846, 0.0528]",click,link,covered_modal,dismiss_modal>click_target,blocked
guicase_69ef80ef4dcab648,"[0.576, 0.7271, 0.0253, 0.0356]",click,button,covered_modal,dismiss_modal>click_target,blocked
guicase_fab80465e0507512,"[0.0765, 0.4404, 0.0207, 0.0313]",select,button,ambiguous,inspect_duplicates>select_target,ambiguous
guicase_2fadfcbdaf8cc213,"[0.4777, 0.188, 0.0614, 0.0285]",click,tab,none,click_target,ready
guicase_84ab46ba478ee401,"[0.3014, 0.4865, 0.0258, 0.0299]",select,button,covered_modal,dismiss_modal>select_target,blocked
guicase_73d4f400a1ca081d,"[0.0, 0.0, 0.0, 0.0]",click,button,disabled,enable_control>click_target,blocked
guicase_d0d93e6daa6867e0,"[0.0, 0.0, 0.0, 0.0]",click,link,wrong_page,navigate_back>click_target,needs_navigation
guicase_d03a9cdc8f351aa8,"[0.0778, 0.21, 0.0103, 0.034]",click,widget,none,click_target,ready
guicase_a7725259c36aebd3,"[0.0, 0.0, 0.0, 0.0]",click,link,wrong_page,navigate_back>click_target,needs_navigation
guicase_ab8808e36321e477,"[0.5252, 0.0087, 0.091, 0.0405]",click,tab,none,click_target,ready
guicase_fdae6621736c6732,"[0.0, 0.0, 0.0, 0.0]",select,tab,none,select_target,ready
guicase_6eee0959d3728288,"[0.0, 0.0, 0.0, 0.0]",type,text_field,wrong_page,navigate_back>type_target,needs_navigation
guicase_b8abd00523043909,"[0.3014, 0.4865, 0.0258, 0.0299]",select,button,covered_modal,dismiss_modal>select_target,blocked
guicase_d9855dd629f9256e,"[0.0232, 0.1616, 0.0122, 0.0175]",click,widget,none,click_target,ready
guicase_fc82d38a2ad8ad6c,"[0.0, 0.0, 0.0, 0.0]",click,button,wrong_page,navigate_back>click_target,needs_navigation
guicase_0b902af0ba94529a,"[0.0, 0.0, 0.0, 0.0]",click,button,wrong_page,navigate_back>click_target,needs_navigation
guicase_af66eb931a07f9ec,"[0.1436, 0.9429, 0.0092, 0.0456]",select,button,none,select_target,ready
guicase_04fc2219033c088b,"[0.0, 0.0, 0.0, 0.0]",click,tab,disabled,enable_control>click_target,blocked
guicase_68d7f6a33ff1baed,"[0.0, 0.0, 0.0, 0.0]",click,widget,wrong_page,navigate_back>click_target,needs_navigation
guicase_879c3cd27b3f6213,"[0.7547, 0.0966, 0.0665, 0.0312]",click,link,none,click_target,ready
guicase_c0f34828c3e0104d,"[0.0, 0.0, 0.0, 0.0]",select,tab,wrong_page,navigate_back>select_target,needs_navigation
guicase_7c1a4be5caa6651f,"[0.0, 0.0, 0.0, 0.0]",select,button,wrong_page,navigate_back>select_target,needs_navigation
guicase_f9b06e67f3c68376,"[0.0, 0.0, 0.0, 0.0]",click,link,wrong_page,navigate_back>click_target,needs_navigation
guicase_f82a3a6a1d584a77,"[0.0, 0.0, 0.0, 0.0]",click,tab,wrong_page,navigate_back>click_target,needs_navigation
guicase_4a7c884b44c3ea83,"[0.3445, 0.8759, 0.0614, 0.033]",click,tab,none,click_target,ready
guicase_a47812da908b3064,"[0.0088, 0.4675, 0.0769, 0.0312]",click,link,none,click_target,ready
guicase_6320cbc7d9c48a20,"[0.0, 0.0, 0.0, 0.0]",type,text_field,ambiguous,inspect_duplicates>type_target,ambiguous
guicase_9b1fcaba29cf5c82,"[0.4188, 0.191, 0.0595, 0.0225]",click,tab,none,click_target,ready
guicase_2244c337f9f89eae,"[0.0, 0.0, 0.0, 0.0]",click,tab,disabled,enable_control>click_target,blocked
guicase_ac5360bf49ece3d7,"[0.0238, 0.2309, 0.0125, 0.0294]",click,widget,none,click_target,ready
guicase_66b6e2084bc91985,"[0.2661, 0.1581, 0.0445, 0.039]",click,link,none,click_target,ready
guicase_17189e9485c215b9,"[0.0408, 0.3932, 0.0161, 0.0203]",click,widget,ambiguous,inspect_duplicates>click_target,ambiguous
guicase_8a86c413bab24b58,"[0.0, 0.0, 0.0, 0.0]",click,tab,disabled,enable_control>click_target,blocked
guicase_6f4a992e23d1982f,"[0.3999, 0.0087, 0.0939, 0.0405]",type,tab,covered_modal,dismiss_modal>type_target,blocked
guicase_c98e59d92b855c83,"[0.0232, 0.1616, 0.0122, 0.0175]",click,widget,none,click_target,ready
guicase_72573f8086630776,"[0.0, 0.0, 0.0, 0.0]",click,tab,wrong_page,navigate_back>click_target,needs_navigation
guicase_77f5ce7bb17efbb4,"[0.0, 0.0, 0.0, 0.0]",type,text_field,wrong_page,navigate_back>type_target,needs_navigation
guicase_4a5575c4e2dcfc91,"[0.0, 0.0, 0.0, 0.0]",type,text_field,disabled,enable_control>type_target,blocked
guicase_c90782394199f050,"[0.0, 0.0, 0.0, 0.0]",click,button,wrong_page,navigate_back>click_target,needs_navigation
guicase_20e634a7b80e79ee,"[0.0, 0.0, 0.0, 0.0]",type,text_field,wrong_page,navigate_back>type_target,needs_navigation
guicase_6294cd857dddc564,"[0.2433, 0.2263, 0.0249, 0.0597]",select,widget,ambiguous,inspect_duplicates>select_target,ambiguous
guicase_50261c9302f25e6b,"[0.0, 0.0, 0.0, 0.0]",click,button,wrong_page,navigate_back>click_target,needs_navigation
guicase_3dd5794c713a8e36,"[0.0, 0.0, 0.0, 0.0]",click,tab,wrong_page,navigate_back>click_target,needs_navigation
guicase_ac8d9a2cae2cb999,"[0.0, 0.0, 0.0, 0.0]",click,tab,ambiguous,inspect_duplicates>click_target,ambiguous
guicase_1efd25586e3452c0,"[0.3014, 0.4865, 0.0258, 0.0299]",click,button,covered_modal,dismiss_modal>click_target,blocked
guicase_735191c4e3497ce7,"[0.0, 0.0, 0.0, 0.0]",click,button,wrong_page,navigate_back>click_target,needs_navigation
guicase_35251a2a60b2a177,"[0.0, 0.0, 0.0, 0.0]",click,button,wrong_page,navigate_back>click_target,needs_navigation
guicase_9ed8ccf4b42d73f6,"[0.7324, 0.3775, 0.0106, 0.0125]",click,widget,covered_modal,dismiss_modal>click_target,blocked
guicase_a3f21ef87001c1f9,"[0.0238, 0.5561, 0.0125, 0.0165]",click,widget,none,click_target,ready
guicase_70cf08a1240b4548,"[0.0, 0.0, 0.0, 0.0]",select,widget,wrong_page,navigate_back>select_target,needs_navigation
guicase_b34673591140c4dc,"[0.3237, 0.4243, 0.1174, 0.0486]",type,text_field,disabled,enable_control>type_target,blocked
guicase_30ff52187b6d9d59,"[0.3697, 0.4012, 0.1161, 0.0308]",type,text_field,covered_modal,dismiss_modal>type_target,blocked
guicase_9fd039fcd2c932ab,"[0.0, 0.0, 0.0, 0.0]",type,tab,ambiguous,inspect_duplicates>type_target,ambiguous
guicase_7ef03214afa85759,"[0.1877, 0.2225, 0.0348, 0.0448]",type,text_field,ambiguous,inspect_duplicates>type_target,ambiguous
guicase_3ab7ed909e1d434e,"[0.0, 0.0, 0.0, 0.0]",click,tab,wrong_page,navigate_back>click_target,needs_navigation
guicase_32245f3b14c3fdfd,"[0.3014, 0.4865, 0.0258, 0.0299]",click,button,covered_modal,dismiss_modal>click_target,blocked
guicase_42ebf2acacbfd6cf,"[0.0, 0.0, 0.0, 0.0]",click,tab,none,click_target,ready
guicase_35215ad9173dcbd4,"[0.0, 0.0, 0.0, 0.0]",click,link,wrong_page,navigate_back>click_target,needs_navigation
guicase_95624b4292af50e4,"[0.7434, 0.0428, 0.0952, 0.0392]",type,text_field,covered_modal,dismiss_modal>type_target,blocked
guicase_72a1cc56e19184a7,"[0.3999, 0.0087, 0.0939, 0.0405]",click,tab,covered_modal,dismiss_modal>click_target,blocked
guicase_6a20b9cc864b9439,"[0.0, 0.0, 0.0, 0.0]",click,button,wrong_page,navigate_back>click_target,needs_navigation
guicase_86d92cf3364523dc,"[0.0, 0.0, 0.0, 0.0]",click,link,wrong_page,navigate_back>click_target,needs_navigation
guicase_7530731695689f4e,"[0.3999, 0.0087, 0.0939, 0.0405]",click,tab,covered_modal,dismiss_modal>click_target,blocked
guicase_91445a9b1b7bc920,"[0.7453, 0.8045, 0.1897, 0.0585]",click,link,none,click_target,ready
guicase_ff713fa8d1214957,"[0.8692, 0.9217, 0.0488, 0.0312]",click,link,none,click_target,ready
guicase_384f3768d1beb000,"[0.0, 0.0, 0.0, 0.0]",click,link,wrong_page,navigate_back>click_target,needs_navigation
guicase_ddd3f867cea1af91,"[0.4069, 0.3694, 0.2582, 0.0617]",type,text_field,ambiguous,inspect_duplicates>type_target,ambiguous
guicase_a88e1ddf3f496ee0,"[0.0, 0.0, 0.0, 0.0]",type,text_field,wrong_page,navigate_back>type_target,needs_navigation
guicase_a20f596d1a8a9663,"[0.0, 0.0, 0.0, 0.0]",click,link,wrong_page,navigate_back>click_target,needs_navigation
guicase_c0fb26b03c76a356,"[0.2882, 0.4026, 0.0135, 0.0199]",type,widget,covered_modal,dismiss_modal>type_target,blocked
guicase_22e5e1d52075119b,"[0.0, 0.0, 0.0, 0.0]",click,tab,disabled,enable_control>click_target,blocked
guicase_b89f8014ab1d290d,"[0.4331, 0.2929, 0.0228, 0.0224]",click,button,covered_modal,dismiss_modal>click_target,blocked
guicase_e86b971c4316ebb7,"[0.2797, 0.3393, 0.0106, 0.0125]",click,widget,disabled,enable_control>click_target,blocked
guicase_f498a855a119d87e,"[0.5956, 0.7292, 0.0142, 0.0313]",click,button,none,click_target,ready
guicase_812843a8fb9ae98e,"[0.0, 0.0, 0.0, 0.0]",click,widget,wrong_page,navigate_back>click_target,needs_navigation
guicase_1294c2234cff2516,"[0.0, 0.0, 0.0, 0.0]",type,text_field,wrong_page,navigate_back>type_target,needs_navigation
guicase_ada5bd127fe8f2b1,"[0.0, 0.0, 0.0, 0.0]",click,link,wrong_page,navigate_back>click_target,needs_navigation
guicase_e851dd95dbedf31c,"[0.1499, 0.0087, 0.0706, 0.0405]",click,tab,ambiguous,inspect_duplicates>click_target,ambiguous
guicase_5b99402f03a106c7,"[0.0, 0.0, 0.0, 0.0]",click,button,wrong_page,navigate_back>click_target,needs_navigation
guicase_85bbdda3f8f06476,"[0.0, 0.0, 0.0, 0.0]",click,link,disabled,enable_control>click_target,blocked
guicase_0b44a3fea281b673,"[0.0, 0.0, 0.0, 0.0]",click,tab,wrong_page,navigate_back>click_target,needs_navigation
guicase_b385ba2026bd9396,"[0.0, 0.0, 0.0, 0.0]",click,link,wrong_page,navigate_back>click_target,needs_navigation
guicase_921edca675d66d19,"[0.3999, 0.0087, 0.0939, 0.0405]",click,tab,none,click_target,ready
guicase_cb598760c0e3b97b,"[0.0, 0.0, 0.0, 0.0]",select,button,wrong_page,navigate_back>select_target,needs_navigation
guicase_3e9a0680ca322173,"[0.1686, 0.0087, 0.05, 0.0405]",click,tab,covered_modal,dismiss_modal>click_target,blocked
guicase_700b4d755813aff9,"[0.4145, 0.3495, 0.1031, 0.0585]",click,link,covered_modal,dismiss_modal>click_target,blocked
guicase_88a4e3962201e9e2,"[0.0, 0.0, 0.0, 0.0]",type,text_field,wrong_page,navigate_back>type_target,needs_navigation
guicase_0a0b11ba9048f16f,"[0.0, 0.0, 0.0, 0.0]",click,tab,wrong_page,navigate_back>click_target,needs_navigation
guicase_0c7ca9ffad4489aa,"[0.0, 0.0, 0.0, 0.0]",click,tab,none,click_target,ready
guicase_eb23a367b83c6c63,"[0.0, 0.0, 0.0, 0.0]",type,text_field,wrong_page,navigate_back>type_target,needs_navigation
guicase_75aed17d39b61e2a,"[0.0, 0.0, 0.0, 0.0]",click,link,wrong_page,navigate_back>click_target,needs_navigation
guicase_6b2ea7b8feba114f,"[0.3697, 0.4012, 0.1161, 0.0308]",type,text_field,none,type_target,ready
guicase_cd7abe5b11ce144b,"[0.0, 0.0, 0.0, 0.0]",click,button,wrong_page,navigate_back>click_target,needs_navigation
guicase_e14a94218357dc8b,"[0.5444, 0.0054, 0.0276, 0.0318]",click,widget,ambiguous,inspect_duplicates>click_target,ambiguous
guicase_dedd5e0b72e17ce6,"[0.0, 0.0, 0.0, 0.0]",click,link,wrong_page,navigate_back>click_target,needs_navigation
guicase_9b9d90aa2f42d015,"[0.0, 0.0, 0.0, 0.0]",click,link,disabled,enable_control>click_target,blocked
guicase_8b4befc2f15a8326,"[0.0, 0.0, 0.0, 0.0]",click,tab,wrong_page,navigate_back>click_target,needs_navigation
guicase_8a4cb78ad4b5914a,"[0.4158, 0.6566, 0.097, 0.0351]",click,link,covered_modal,dismiss_modal>click_target,blocked
guicase_04199d9a04f44a1a,"[0.6667, 0.1005, 0.0323, 0.0234]",click,link,none,click_target,ready
guicase_4f663968dc69852f,"[0.0, 0.0, 0.0, 0.0]",click,link,wrong_page,navigate_back>click_target,needs_navigation
guicase_9761bdab4c8efedc,"[0.3902, 0.1076, 0.0299, 0.0312]",click,link,covered_modal,dismiss_modal>click_target,blocked
guicase_c2f2785ebf3e7c92,"[0.0, 0.0, 0.0, 0.0]",click,tab,wrong_page,navigate_back>click_target,needs_navigation
guicase_de75d898249086b2,"[0.3999, 0.0087, 0.0939, 0.0405]",click,tab,covered_modal,dismiss_modal>click_target,blocked
guicase_5d5cc798a6a2e6d6,"[0.03, 0.2774, 0.0494, 0.0312]",click,link,none,click_target,ready
guicase_9d03d47a528a3a19,"[0.3681, 0.2074, 0.1646, 0.039]",click,tab,covered_modal,dismiss_modal>click_target,blocked
guicase_6921dbd920999972,"[0.0, 0.0, 0.0, 0.0]",click,button,wrong_page,navigate_back>click_target,needs_navigation
guicase_b8b7896834f420f3,"[0.3291, 0.5874, 0.3483, 0.0841]",type,text_field,disabled,enable_control>type_target,blocked
guicase_1daff537353c2ca4,"[0.0778, 0.2123, 0.0103, 0.0294]",click,widget,none,click_target,ready
guicase_e8cc91ff89dc49f6,"[0.0, 0.0, 0.0, 0.0]",click,tab,wrong_page,navigate_back>click_target,needs_navigation
guicase_0ba100afeff2c2dd,"[0.3999, 0.0087, 0.0939, 0.0405]",click,tab,covered_modal,dismiss_modal>click_target,blocked
guicase_ac038c26964eab6c,"[0.0, 0.0, 0.0, 0.0]",click,button,wrong_page,navigate_back>click_target,needs_navigation
guicase_4a3f200ffca4345d,"[0.0433, 0.2645, 0.0243, 0.0271]",select,button,none,select_target,ready
guicase_cc6715a7ae93c0b6,"[0.3697, 0.4012, 0.1161, 0.0308]",type,text_field,covered_modal,dismiss_modal>type_target,blocked
guicase_fae3ae7ad497ca63,"[0.0, 0.0, 0.0, 0.0]",type,text_field,covered_modal,dismiss_modal>type_target,blocked
guicase_92d3988b2e1bb497,"[0.3999, 0.0087, 0.0939, 0.0405]",click,tab,covered_modal,dismiss_modal>click_target,blocked
guicase_317a4cdce929050d,"[0.0, 0.0, 0.0, 0.0]",click,tab,ambiguous,inspect_duplicates>click_target,ambiguous
guicase_eb52297cb1080de9,"[0.2727, 0.3071, 0.0069, 0.0125]",click,widget,none,click_target,ready
guicase_a31c0fbf4d86c025,"[0.0232, 0.1621, 0.0122, 0.0165]",click,widget,covered_modal,dismiss_modal>click_target,blocked
guicase_c5e7b7eafadd98d7,"[0.0, 0.0, 0.0, 0.0]",click,button,wrong_page,navigate_back>click_target,needs_navigation
guicase_249e372d1e27795e,"[0.3697, 0.4012, 0.1161, 0.0308]",type,text_field,covered_modal,dismiss_modal>type_target,blocked
guicase_46d30000c9aeb47e,"[0.3717, 0.2592, 0.2251, 0.052]",click,link,disabled,enable_control>click_target,blocked
guicase_621fa52f7618e3f5,"[0.0, 0.0, 0.0, 0.0]",click,link,wrong_page,navigate_back>click_target,needs_navigation
guicase_995bbe8a562698ce,"[0.0, 0.0, 0.0, 0.0]",click,link,wrong_page,navigate_back>click_target,needs_navigation
guicase_eca7216ca06039c0,"[0.0, 0.0, 0.0, 0.0]",click,link,wrong_page,navigate_back>click_target,needs_navigation
guicase_9ace0f89ec9e7bc1,"[0.0, 0.0, 0.0, 0.0]",click,widget,wrong_page,navigate_back>click_target,needs_navigation
guicase_49486ae960e3c3ee,"[0.0, 0.0, 0.0, 0.0]",click,tab,wrong_page,navigate_back>click_target,needs_navigation
guicase_170071d90e54dedb,"[0.0, 0.0, 0.0, 0.0]",select,button,wrong_page,navigate_back>select_target,needs_navigation
guicase_8eff1065a32bc31a,"[0.7116, 0.6875, 0.155, 0.0292]",click,link,none,click_target,ready
guicase_b22cd4601071851b,"[0.0, 0.0, 0.0, 0.0]",type,text_field,wrong_page,navigate_back>type_target,needs_navigation
guicase_81ac177031b82fa0,"[0.0523, 0.4216, 0.0348, 0.018]",click,tab,ambiguous,inspect_duplicates>click_target,ambiguous
guicase_cec3e7bf0c14b913,"[0.0, 0.0, 0.0, 0.0]",click,tab,wrong_page,navigate_back>click_target,needs_navigation
guicase_f35c86fe4a52c7d0,"[0.7872, 0.4866, 0.0279, 0.0338]",click,widget,none,click_target,ready
guicase_e84553795a10d063,"[0.0, 0.0, 0.0, 0.0]",type,text_field,wrong_page,navigate_back>type_target,needs_navigation
guicase_3ae9deeb3fca995c,"[0.4806, 0.1427, 0.1354, 0.0448]",type,text_field,covered_modal,dismiss_modal>type_target,blocked
guicase_8f5cf19767336434,"[0.3376, 0.6283, 0.018, 0.0224]",click,button,ambiguous,inspect_duplicates>click_target,ambiguous
guicase_7eedd44414866026,"[0.0345, 0.1204, 0.1804, 0.033]",click,tab,covered_modal,dismiss_modal>click_target,blocked
guicase_ec47d370ad28dfa4,"[0.5121, 0.0087, 0.1476, 0.0405]",click,tab,ambiguous,inspect_duplicates>click_target,ambiguous
guicase_575e05ae624dd98c,"[0.0, 0.0, 0.0, 0.0]",click,tab,wrong_page,navigate_back>click_target,needs_navigation
guicase_3b50b8a71a50b7ab,"[0.0, 0.0, 0.0, 0.0]",select,tab,wrong_page,navigate_back>select_target,needs_navigation
guicase_8a43090be8e2b564,"[0.0, 0.0, 0.0, 0.0]",click,button,wrong_page,navigate_back>click_target,needs_navigation
guicase_bec9444ebb23d8c3,"[0.3291, 0.5874, 0.3483, 0.0841]",type,text_field,disabled,enable_control>type_target,blocked
guicase_41cde60e15d00f31,"[0.0, 0.0, 0.0, 0.0]",click,tab,none,click_target,ready
guicase_d2255332a9e73b91,"[0.1016, 0.0, 0.004, 0.0469]",click,widget,covered_modal,dismiss_modal>click_target,blocked
guicase_46143f71ae2d6ef7,"[0.8875, 0.1135, 0.0381, 0.0299]",click,button,covered_modal,dismiss_modal>click_target,blocked
guicase_152726f5246f0563,"[0.5403, 0.1896, 0.0462, 0.027]",click,tab,ambiguous,inspect_duplicates>click_target,ambiguous
guicase_f5d9e9444c797ac4,"[0.0759, 0.851, 0.02, 0.0256]",select,button,ambiguous,inspect_duplicates>select_target,ambiguous
guicase_9e89b0314897f59d,"[0.6598, 0.0087, 0.1954, 0.0405]",click,tab,none,click_target,ready
guicase_0f5978dcd3516892,"[0.3207, 0.4317, 0.0846, 0.0528]",click,link,covered_modal,dismiss_modal>click_target,blocked
guicase_f776a3a1a2a7be02,"[0.0, 0.0, 0.0, 0.0]",click,tab,wrong_page,navigate_back>click_target,needs_navigation
guicase_daaaf840ca7edf1d,"[0.0, 0.0, 0.0, 0.0]",type,text_field,wrong_page,navigate_back>type_target,needs_navigation
guicase_0d4230b65ad1828e,"[0.0, 0.0, 0.0, 0.0]",select,button,wrong_page,navigate_back>select_target,needs_navigation
guicase_89e2754d98035471,"[0.3999, 0.0087, 0.0939, 0.0405]",click,tab,covered_modal,dismiss_modal>click_target,blocked
