id,event_id,participant_roles_json,regulation,abstain,confidence
T0054bffb9520bff,E11,"[[""N09"",""output""],[""N15"",""input""],[""N22"",""output""]]",neutral,0,0.8598257056078213
T005c21477e80ef3,E07,"[[""N10"",""input""],[""N10"",""output""],[""N18"",""catalyst""],[""N23"",""input""],[""N23"",""output""]]",neutral,0,0.48937399151019545
T006702a3eee0e88,E01,"[[""N03"",""output""],[""N06"",""output""],[""N09"",""output""],[""N11"",""output""],[""N13"",""output""],[""N16"",""input""],[""N20"",""output""],[""N22"",""catalyst""]]",neutral,0,0.39535836648873035
T010910e5ce7780a,E04,"[[""N16"",""input""],[""N19"",""input""],[""N25"",""output""],[""N27"",""input""]]",neutral,0,0.9967046155858142
T01c925b40eb7506,E08,"[[""N02"",""input""],[""N18"",""input""],[""N23"",""input""],[""N25"",""output""]]",neutral,0,0.800332679797336
T01e2118422ffc32,ABSTAIN,[],neutral,1,0.6473002487357781
T01ec20f7d7559b2,E07,"[[""N06"",""activator""],[""N27"",""output""],[""N28"",""input""]]",activation,0,0.9611827960720105
T032390308b2059a,E06,"[[""N03"",""input""],[""N03"",""output""],[""N09"",""output""],[""N27"",""input""],[""N27"",""output""],[""N38"",""output""],[""N39"",""catalyst""]]",neutral,0,0.5026134508730962
T04cada3dd0cd2d3,E10,"[[""N08"",""output""],[""N13"",""input""],[""N13"",""output""],[""N14"",""input""],[""N14"",""catalyst""],[""N19"",""input""],[""N19"",""output""],[""N25"",""catalyst""],[""N34"",""output""]]",neutral,0,0.4310370500278329
T059d7cd48e7c990,E06,"[[""N09"",""output""],[""N29"",""input""]]",neutral,0,0.9735794954574828
T063961bccc065d7,E04,"[[""N05"",""output""],[""N14"",""input""],[""N14"",""output""],[""N16"",""input""],[""N19"",""input""],[""N19"",""output""],[""N23"",""output""]]",neutral,0,0.45249141181241936
T064d3c599189f7b,E13,"[[""N20"",""output""],[""N37"",""input""]]",neutral,0,0.8700406181423145
T069bdb99a64b2c8,E05,"[[""N05"",""catalyst""],[""N07"",""output""],[""N16"",""output""],[""N27"",""input""],[""N27"",""output""],[""N28"",""output""],[""N31"",""catalyst""]]",neutral,0,0.4102526913957223
T06a12bd6e75fdff,E03,"[[""N07"",""output""],[""N12"",""input""],[""N17"",""input""]]",neutral,0,0.4827204165549509
T06c9a65b203c9fa,E06,"[[""N06"",""input""],[""N06"",""output""],[""N12"",""input""],[""N12"",""catalyst""],[""N14"",""catalyst""],[""N29"",""input""],[""N29"",""output""],[""N30"",""output""]]",neutral,0,0.505150793196874
T071fdd6e152a5bb,E07,"[[""N04"",""input""],[""N04"",""output""],[""N09"",""input""],[""N10"",""output""],[""N20"",""input""],[""N20"",""output""]]",neutral,0,0.7039386378487402
T0768b90539b893e,E11,"[[""N10"",""input""],[""N27"",""input""],[""N27"",""output""],[""N30"",""input""]]",neutral,0,0.7156006592603623
T07acf1235003e1c,ABSTAIN,[],neutral,1,0.9988087282772503
T07cdc5376824658,E05,"[[""N05"",""input""],[""N06"",""input""],[""N31"",""output""]]",neutral,0,0.9907367106931155
T081d2d453f4ddc3,E02,"[[""N09"",""input""],[""N13"",""output""],[""N26"",""input""]]",neutral,0,1.0
T08a388692d656d9,E06,"[[""N02"",""input""],[""N06"",""input""],[""N11"",""output""]]",neutral,0,0.5266189614623357
T090eb18741e23d3,E09,"[[""N07"",""activator""],[""N11"",""input""],[""N11"",""output""],[""N17"",""output""]]",activation,0,0.5261342308465589
T0965ecd8947c1f7,E11,"[[""N03"",""catalyst""],[""N04"",""output""],[""N11"",""input""],[""N14"",""output""],[""N15"",""input""],[""N20"",""output""],[""N24"",""input""]]",inhibition,0,0.5975304304553752
T0a397619cb5f10f,E02,"[[""N13"",""input""],[""N13"",""output""],[""N15"",""input""],[""N15"",""output""],[""N17"",""catalyst""],[""N23"",""input""],[""N23"",""output""],[""N25"",""input""],[""N25"",""output""]]",neutral,0,0.43649192706887535
T0a42a7fe9190cc3,E08,"[[""N02"",""input""],[""N02"",""output""],[""N06"",""input""],[""N06"",""output""],[""N24"",""output""]]",neutral,0,0.7616767010144658
T0abf099b55833c1,E08,"[[""N15"",""input""],[""N15"",""output""],[""N20"",""output""],[""N34"",""input""],[""N34"",""output""]]",neutral,0,0.4626746444778416
T0c3b39bed448c2d,E10,"[[""N04"",""catalyst""],[""N15"",""catalyst""],[""N20"",""input""],[""N20"",""output""],[""N21"",""input""],[""N21"",""output""],[""N25"",""catalyst""]]",neutral,0,0.39323643640900485
T0c3b810bf5e8b6c,ABSTAIN,[],neutral,1,1.0
T0c8208d82a7fed9,E01,"[[""N05"",""input""],[""N08"",""output""],[""N17"",""input""],[""N17"",""output""],[""N23"",""output""]]",neutral,0,0.7212321560853789
T0cc4695bbdf2958,E04,"[[""N10"",""input""],[""N21"",""input""],[""N24"",""output""]]",neutral,0,0.46900988946206873
T0cdb67278111bd9,E01,"[[""N03"",""output""],[""N10"",""input""],[""N24"",""input""],[""N24"",""output""]]",neutral,0,0.6508589053167169
T0e086cf260a6838,ABSTAIN,[],neutral,1,0.45879384344350815
T0e2909285cae949,E04,"[[""N01"",""input""],[""N22"",""output""],[""N26"",""input""]]",neutral,0,0.5898665117744186
T0e4ada9f8412510,E01,"[[""N08"",""output""],[""N09"",""output""],[""N29"",""output""],[""N35"",""output""]]",neutral,0,0.4497143995605323
T0e516626b5fc454,E09,"[[""N04"",""input""],[""N22"",""input""],[""N24"",""input""],[""N26"",""output""]]",neutral,0,0.8423971479949542
T0e92f6ad46524a8,E05,"[[""N11"",""output""],[""N22"",""input""],[""N27"",""input""]]",neutral,0,0.9153603456817023
T0e95440a6ba4f31,E12,"[[""N16"",""input""],[""N17"",""input""],[""N17"",""output""]]",neutral,0,0.43445384086538463
T0f0e3d7b20f9808,E08,"[[""N06"",""input""],[""N10"",""output""],[""N29"",""activator""]]",activation,0,0.45253550242613383
T0f1cb7d0c96046c,E09,"[[""N10"",""output""],[""N20"",""output""]]",neutral,0,0.7134366333231942
T0f6f38a209407dd,E08,"[[""N04"",""input""],[""N04"",""output""],[""N13"",""input""],[""N19"",""input""]]",neutral,0,0.4958180972520139
T0f84a11f3de3be6,E04,"[[""N11"",""input""],[""N21"",""output""],[""N22"",""input""]]",activation,0,0.6938471342677369
T0fb83afb2516dde,E02,"[[""N04"",""input""],[""N04"",""output""],[""N05"",""output""],[""N17"",""input""]]",neutral,0,0.6151100538972161
T10610c36c2fde76,E14,"[[""N04"",""input""],[""N30"",""input""],[""N33"",""output""],[""N43"",""input""]]",neutral,0,0.6589006134508791
T10c0f7b8c297bc7,E09,"[[""N02"",""input""],[""N02"",""output""],[""N04"",""input""],[""N04"",""output""],[""N07"",""catalyst""],[""N19"",""input""],[""N19"",""output""],[""N20"",""input""],[""N20"",""output""]]",neutral,0,0.45319191558005456
T1142e8982559919,E08,"[[""N11"",""input""],[""N13"",""output""],[""N34"",""input""]]",neutral,0,1.0
T11bcd8362a64b9f,E04,"[[""N03"",""output""],[""N08"",""output""],[""N13"",""output""],[""N18"",""input""],[""N27"",""catalyst""]]",neutral,0,0.7242023181073329
T1235888aaf69183,E10,"[[""N04"",""input""],[""N24"",""activator""],[""N26"",""output""]]",activation,0,0.99147350887731
T125d1eb7ad255bd,E02,"[[""N23"",""output""],[""N24"",""output""],[""N28"",""input""]]",neutral,0,0.4681487424661862
T139ec8b8bd795e1,E13,"[[""N01"",""input""],[""N14"",""output""],[""N15"",""input""]]",neutral,0,0.5065800343344424
T142ca5e065c0b35,E01,"[[""N06"",""input""],[""N12"",""activator""],[""N19"",""output""]]",activation,0,0.9961710495864151
T14453c524d91f3a,E01,"[[""N01"",""activator""],[""N06"",""output""],[""N09"",""input""]]",activation,0,0.9991139598940573
T159faa13103f5b0,E12,"[[""N04"",""input""],[""N08"",""input""],[""N08"",""output""],[""N16"",""input""],[""N29"",""output""],[""N34"",""input""],[""N34"",""output""]]",neutral,0,0.42596730245257186
T15eb5fd95c4da18,E05,"[[""N07"",""input""],[""N23"",""activator""],[""N24"",""output""]]",activation,0,1.0
T16118f8ea76c7de,E07,"[[""N08"",""input""],[""N15"",""input""],[""N18"",""output""]]",neutral,0,0.9895959264224384
T16280f176e7adc7,ABSTAIN,[],neutral,1,0.6109790359559728
T166bed2fe46343a,ABSTAIN,[],neutral,1,0.6276092142141484
T1673a8ef8cc8295,E01,"[[""N02"",""input""],[""N15"",""output""],[""N17"",""input""]]",neutral,0,0.7909308033440415
T1714bb62cefaae4,E10,"[[""N02"",""output""],[""N13"",""input""],[""N19"",""input""],[""N24"",""input""]]",neutral,0,0.8473506169921863
T174325a959f8c4c,E01,"[[""N03"",""output""],[""N10"",""output""],[""N11"",""output""],[""N13"",""catalyst""],[""N30"",""output""]]",neutral,0,0.6886470945906302
T176698d19bfb355,E02,"[[""N13"",""input""],[""N16"",""output""],[""N18"",""input""]]",neutral,0,0.6083077081777915
T18084be72442bc1,E01,"[[""N06"",""input""],[""N19"",""input""],[""N20"",""output""],[""N25"",""input""]]",neutral,0,0.9405277748163436
T1895281863053f0,E01,"[[""N12"",""input""],[""N15"",""input""],[""N22"",""input""],[""N22"",""output""],[""N24"",""input""],[""N26"",""input""],[""N26"",""output""],[""N32"",""input""],[""N32"",""output""]]",neutral,0,0.37125974633582065
T18e76afe6d463b3,E03,"[[""N02"",""input""],[""N17"",""output""],[""N29"",""input""]]",neutral,0,0.8539174816996857
T19220949bf78acd,E01,"[[""N02"",""output""],[""N07"",""output""],[""N12"",""output""],[""N13"",""output""],[""N14"",""input""],[""N21"",""output""],[""N27"",""catalyst""]]",neutral,0,0.43261949552576157
T1992dd936a7869d,E09,"[[""N18"",""output""],[""N22"",""input""],[""N24"",""input""],[""N28"",""input""]]",neutral,0,0.9195404984361193
T1b4b731645d4767,E06,"[[""N06"",""input""],[""N06"",""output""],[""N20"",""input""],[""N20"",""output""],[""N22"",""catalyst""]]",neutral,0,0.7932345807540281
T1b95039872f21fe,E08,"[[""N04"",""input""],[""N04"",""output""],[""N08"",""input""]]",neutral,0,0.3939085109703386
T1bc3e385e33fb4e,E07,"[[""N13"",""output""],[""N23"",""output""],[""N24"",""output""],[""N26"",""output""],[""N27"",""output""],[""N32"",""input""]]",neutral,0,0.4349219593903277
T1bed544159902d3,E04,"[[""N07"",""input""],[""N22"",""input""],[""N29"",""input""],[""N29"",""output""],[""N32"",""input""],[""N36"",""input""],[""N36"",""output""]]",neutral,0,0.41823868672524067
T1c02f5766b060a9,E10,"[[""N04"",""output""],[""N05"",""input""],[""N05"",""output""],[""N08"",""catalyst""],[""N23"",""catalyst""],[""N27"",""input""],[""N27"",""output""]]",neutral,0,0.4061805838539078
T1d0170795497199,ABSTAIN,[],neutral,1,1.0
T1d0343dbfd3219d,E04,"[[""N03"",""output""],[""N10"",""input""],[""N12"",""input""]]",neutral,0,1.0
T1d0c4669db0f7ae,E02,"[[""N05"",""input""],[""N11"",""input""],[""N28"",""output""]]",neutral,0,0.9885416704039307
T1e796573591c1ba,E04,"[[""N16"",""catalyst""],[""N22"",""output""],[""N24"",""input""]]",neutral,0,0.417900460347139
T1f34bda4600a528,E04,"[[""N04"",""output""],[""N06"",""input""],[""N09"",""input""],[""N11"",""input""],[""N21"",""input""]]",neutral,0,0.9876236866414245
T1fcad6913f30e21,E06,"[[""N04"",""input""],[""N10"",""output""],[""N16"",""input""]]",neutral,0,0.4677151151739193
T1fd8d136a48b3e8,E07,"[[""N11"",""input""],[""N13"",""input""],[""N17"",""input""],[""N27"",""input""],[""N30"",""input""],[""N33"",""input""],[""N34"",""output""]]",neutral,0,0.7182145020952384
T20c81f2e8182ec5,E06,"[[""N15"",""input""],[""N16"",""output""],[""N24"",""activator""]]",activation,0,0.4295711171037693
T20f96646186c912,E04,"[[""N02"",""output""],[""N17"",""input""],[""N20"",""output""],[""N27"",""output""],[""N30"",""input""],[""N31"",""output""],[""N32"",""output""],[""N40"",""output""]]",activation,0,0.7344770247038199
T21375e487b627a9,E03,"[[""N05"",""input""],[""N06"",""input""],[""N09"",""output""]]",neutral,0,0.5934965638411867
T218af6b3c71b56f,ABSTAIN,[],neutral,1,0.5559112185919086
T219b6e74e12da80,E07,"[[""N18"",""output""],[""N19"",""input""],[""N19"",""output""],[""N23"",""input""],[""N23"",""output""],[""N30"",""input""],[""N30"",""output""],[""N38"",""catalyst""]]",neutral,0,0.49763749512378297
T226a3c5ed46095c,E07,"[[""N05"",""output""],[""N24"",""input""]]",neutral,0,1.0
T23cff9a2f826335,E04,"[[""N01"",""input""],[""N14"",""input""],[""N18"",""output""]]",neutral,0,0.8805180918856136
T23f719d0f8b0242,E02,"[[""N05"",""activator""],[""N06"",""output""],[""N25"",""input""]]",activation,0,0.987704948305882
T24732af30371acf,E03,"[[""N04"",""input""],[""N06"",""activator""],[""N18"",""output""]]",activation,0,0.6411797230851535
T247d87f6c58a277,E06,"[[""N11"",""input""],[""N11"",""output""],[""N17"",""input""],[""N17"",""output""]]",neutral,0,0.626414831029934
T24ffe17fce141c4,E03,"[[""N10"",""output""],[""N13"",""output""],[""N22"",""input""]]",neutral,0,0.7600191365013943
T257c46b816d9f93,E04,"[[""N05"",""input""],[""N05"",""output""],[""N08"",""input""],[""N17"",""output""]]",neutral,0,0.8376188762362093
T2589425c58933c4,E03,"[[""N11"",""input""],[""N17"",""input""],[""N25"",""output""],[""N44"",""input""],[""N45"",""input""]]",neutral,0,0.6445873309157748
T260801c09172380,E12,"[[""N01"",""input""],[""N15"",""output""],[""N35"",""input""]]",neutral,0,0.9526138628037361
T260d2f374c17e52,E04,"[[""N04"",""input""],[""N15"",""output""],[""N25"",""input""]]",neutral,0,0.9911141677056506
T265d98e673cb0d0,E10,"[[""N02"",""input""],[""N02"",""output""],[""N03"",""catalyst""],[""N05"",""input""],[""N05"",""catalyst""],[""N12"",""input""],[""N12"",""output""],[""N19"",""output""]]",neutral,0,0.6676772418103875
T26ac793145e8af3,E11,"[[""N10"",""input""],[""N10"",""output""],[""N20"",""input""],[""N22"",""input""],[""N22"",""output""]]",neutral,0,0.37459526669165466
T26b2139da9ed553,ABSTAIN,[],neutral,1,0.38160862548464936
T26cbbc46b6c5e41,E01,"[[""N03"",""input""],[""N12"",""input""],[""N12"",""output""],[""N19"",""input""],[""N29"",""input""],[""N33"",""input""]]",neutral,0,0.39727070608039716
T26e1757c1019948,E08,"[[""N03"",""input""],[""N03"",""output""],[""N04"",""input""],[""N04"",""output""],[""N14"",""input""],[""N14"",""output""],[""N15"",""catalyst""],[""N26"",""input""]]",neutral,0,0.3697120615853763
T26f6f3729008d8c,E01,"[[""N12"",""output""],[""N14"",""input""],[""N25"",""input""]]",neutral,0,0.46874907990079556
T272fec4cb7da9f9,E01,"[[""N11"",""input""],[""N11"",""output""],[""N20"",""input""]]",neutral,0,0.4770480332205225
T2772f3a02cef450,E07,"[[""N06"",""input""],[""N08"",""output""],[""N13"",""input""],[""N17"",""input""]]",neutral,0,0.9259174910162142
T27f2769d69d0f61,E04,"[[""N01"",""input""],[""N05"",""input""],[""N06"",""input""],[""N06"",""output""],[""N08"",""input""],[""N08"",""output""],[""N13"",""input""],[""N13"",""output""],[""N15"",""input""],[""N24"",""output""]]",neutral,0,0.3402612559827489
T28379ddcf66e17d,E04,"[[""N08"",""input""],[""N12"",""output""],[""N17"",""input""]]",neutral,0,0.8500289212557982
T294d4e5dc67273a,ABSTAIN,[],neutral,1,1.0
T2972c1dadf9b601,E02,"[[""N02"",""activator""],[""N03"",""output""],[""N10"",""input""]]",activation,0,0.3895973119004976
T29e91bf6c297e6e,E10,"[[""N01"",""input""],[""N01"",""output""],[""N07"",""output""],[""N16"",""input""],[""N16"",""catalyst""],[""N23"",""output""],[""N27"",""input""],[""N27"",""output""]]",neutral,0,0.5319536650726819
T2a2ff5b969af5b1,ABSTAIN,[],neutral,1,0.34963519121478537
T2a652258f63e597,E02,"[[""N02"",""catalyst""],[""N19"",""input""],[""N19"",""output""],[""N23"",""input""],[""N23"",""output""],[""N37"",""input""],[""N37"",""output""],[""N38"",""input""],[""N38"",""output""]]",neutral,0,0.4126155012669507
T2adf5ce897dd614,E12,"[[""N12"",""output""],[""N14"",""catalyst""],[""N17"",""output""],[""N22"",""output""],[""N27"",""output""]]",neutral,0,0.39999560240554427
T2b4467d40e81471,E03,"[[""N02"",""input""],[""N16"",""input""],[""N26"",""output""]]",neutral,0,0.9291526497638563
T2bcc0807e1f22e4,E02,"[[""N14"",""input""],[""N16"",""input""],[""N16"",""output""],[""N26"",""catalyst""]]",neutral,0,0.7962793455196279
T2cb72afae4bdd0c,ABSTAIN,[],neutral,1,0.44711909514675113
T2cbd66ddb6ade3f,E05,"[[""N07"",""output""],[""N25"",""input""]]",neutral,0,0.6770328904985631
T2d105d645126462,E07,"[[""N05"",""activator""],[""N15"",""input""],[""N19"",""output""]]",activation,0,0.9486638807745327
T2d49799e3386403,E05,"[[""N06"",""input""],[""N13"",""output""],[""N18"",""input""]]",neutral,0,1.0
T2e55dac6449ca3c,E05,"[[""N25"",""input""],[""N26"",""input""],[""N33"",""input""]]",neutral,0,0.7109075492692468
T2e7378f60d6928d,E06,"[[""N05"",""input""],[""N05"",""output""],[""N09"",""input""],[""N09"",""output""],[""N17"",""input""]]",neutral,0,0.4957870393395519
T2ee8076039afcba,E14,"[[""N10"",""activator""],[""N15"",""output""],[""N26"",""input""]]",activation,0,0.4243456044088077
T2ee9840951721bb,E01,"[[""N09"",""input""],[""N12"",""output""]]",neutral,0,0.7147552811905818
T2efe630415da283,E06,"[[""N02"",""input""],[""N02"",""output""],[""N13"",""input""],[""N13"",""output""],[""N15"",""output""]]",neutral,0,0.65351311609037
T2f0d7e877e9f926,E05,"[[""N12"",""input""],[""N18"",""output""],[""N27"",""input""]]",neutral,0,0.8780198462894405
T2f1e6f0a6ceb13f,E05,"[[""N06"",""input""],[""N12"",""input""],[""N20"",""input""],[""N24"",""output""]]",neutral,0,0.5463289010069261
T2f97e8492e0f3ae,E12,"[[""N01"",""input""],[""N01"",""output""],[""N10"",""catalyst""],[""N20"",""output""],[""N22"",""input""],[""N22"",""output""],[""N25"",""input""],[""N28"",""input""],[""N28"",""output""],[""N35"",""catalyst""],[""N37"",""input""],[""N37"",""output""]]",neutral,0,0.7264056243110701
T2f996752ba4ab4a,E02,"[[""N07"",""output""],[""N08"",""catalyst""],[""N13"",""input""],[""N13"",""output""],[""N20"",""output""],[""N23"",""input""],[""N23"",""output""]]",neutral,0,0.5112079948464304
T30713715f4f69f3,E05,"[[""N06"",""activator""],[""N10"",""output""],[""N13"",""output""]]",activation,0,0.7380369930523303
T30d44d4e8d43a36,E08,"[[""N13"",""input""],[""N18"",""output""]]",neutral,0,0.7275637466367164
T3120062b1ee83c2,ABSTAIN,[],neutral,1,0.991914252005124
T3179968cb4c2bc0,E05,"[[""N05"",""input""],[""N28"",""output""]]",neutral,0,0.9545277373599568
T31d91fa9b9b78e2,ABSTAIN,[],neutral,1,0.3785189827829859
T31efdc12e8700c4,E10,"[[""N07"",""output""],[""N10"",""output""],[""N12"",""input""],[""N12"",""output""],[""N23"",""input""],[""N23"",""output""]]",neutral,0,0.40029582024764954
T321958e1fefd238,ABSTAIN,[],neutral,1,0.9737075737265265
T32277a5faeeacd7,E11,"[[""N01"",""input""],[""N01"",""output""],[""N13"",""input""],[""N25"",""input""],[""N25"",""output""]]",neutral,0,0.7640452323315061
T32512b1eb83b9e4,E10,"[[""N05"",""input""],[""N15"",""output""],[""N16"",""input""]]",neutral,0,0.44668717438574174
T333305a15b9df9b,E10,"[[""N05"",""input""],[""N14"",""output""]]",neutral,0,0.992193993091721
T3401d4f665c165d,E06,"[[""N07"",""output""],[""N19"",""input""],[""N21"",""input""]]",neutral,0,0.658102180956154
T3472ac131e06de8,ABSTAIN,[],neutral,1,0.45664029581380494
T34a8ef3c2f22ea9,E11,"[[""N04"",""output""],[""N17"",""output""],[""N18"",""input""],[""N24"",""input""]]",neutral,0,0.6042002151056177
T361e8435ae703ba,E04,"[[""N05"",""input""],[""N09"",""output""],[""N16"",""activator""]]",activation,0,0.41169613935823
T36ea7495fafe17d,E10,"[[""N09"",""input""],[""N09"",""output""],[""N16"",""input""],[""N16"",""output""],[""N19"",""output""],[""N27"",""catalyst""],[""N28"",""input""]]",neutral,0,0.827251535025249
T385cd40f09f2488,E01,"[[""N08"",""input""],[""N23"",""input""],[""N34"",""input""]]",neutral,0,0.5701808020047652
T38d153c991217cc,E07,"[[""N07"",""input""],[""N11"",""output""],[""N22"",""input""]]",neutral,0,0.994328297350535
T3928f773b90f8c7,E03,"[[""N09"",""input""],[""N13"",""input""],[""N19"",""catalyst""]]",neutral,0,0.49567022823946466
T3aeee9461659d24,E07,"[[""N11"",""input""],[""N11"",""output""],[""N19"",""input""],[""N22"",""input""],[""N22"",""output""]]",neutral,0,0.8691212038327591
T3b19b688737655e,E05,"[[""N01"",""output""],[""N03"",""output""],[""N10"",""output""],[""N15"",""output""],[""N18"",""input""],[""N18"",""catalyst""],[""N19"",""output""],[""N19"",""catalyst""]]",neutral,0,0.5872531941355229
T3b1d95f9c838f44,E06,"[[""N03"",""catalyst""],[""N05"",""input""],[""N12"",""input""],[""N17"",""input""],[""N17"",""output""],[""N23"",""input""],[""N23"",""output""],[""N27"",""input""],[""N27"",""output""]]",neutral,0,0.37913176473675686
T3b3312e907ca174,E03,"[[""N10"",""input""],[""N21"",""output""],[""N32"",""input""]]",neutral,0,0.545357109398481
T3b7925c5b376f9a,E07,"[[""N08"",""output""],[""N27"",""input""],[""N29"",""input""]]",neutral,0,0.41016257902317166
T3bb704aab5ab87e,E13,"[[""N21"",""input""],[""N21"",""output""],[""N33"",""input""],[""N33"",""output""],[""N34"",""input""]]",neutral,0,0.45150581549265045
T3c0b67727b25c46,E14,"[[""N12"",""output""],[""N24"",""input""]]",neutral,0,1.0
T3c81649b3a3a947,E05,"[[""N04"",""output""],[""N17"",""input""],[""N17"",""output""]]",neutral,0,0.8032444417693012
T3de393d193cbc28,E03,"[[""N02"",""output""],[""N06"",""input""],[""N08"",""input""],[""N25"",""input""]]",neutral,0,0.980417523427638
T3e6b524d711e5df,E12,"[[""N01"",""input""],[""N08"",""input""],[""N21"",""input""],[""N27"",""output""]]",neutral,0,0.8177679273380154
T3e83a19fe95fc6f,ABSTAIN,[],neutral,1,0.9813207844542563
T405b692ff2a1acc,ABSTAIN,[],neutral,1,1.0
T40ba0beda10988e,E02,"[[""N03"",""output""],[""N04"",""input""],[""N07"",""output""],[""N10"",""output""],[""N19"",""activator""]]",activation,0,0.8178641758715136
T40f3451a1177467,E10,"[[""N03"",""input""],[""N18"",""input""],[""N20"",""output""]]",neutral,0,1.0
T421ab25bb7097cf,ABSTAIN,[],neutral,1,0.9913761553895706
T42b4d7b2759a2e4,E10,"[[""N05"",""output""],[""N13"",""input""]]",neutral,0,0.6817058493038423
T43720149c524fbe,E04,"[[""N01"",""output""],[""N08"",""output""],[""N10"",""output""],[""N14"",""output""],[""N18"",""output""],[""N29"",""catalyst""]]",neutral,0,0.8160770007122469
T43eba06264c2195,E05,"[[""N01"",""input""],[""N22"",""output""],[""N27"",""input""]]",neutral,0,1.0
T45218e972205e09,E04,"[[""N07"",""output""],[""N13"",""output""],[""N18"",""input""],[""N18"",""output""],[""N29"",""output""]]",neutral,0,0.8668192783695721
T45631e9d29b8987,E11,"[[""N14"",""input""],[""N25"",""input""],[""N26"",""input""],[""N31"",""output""]]",neutral,0,0.8537019671188281
T45c97451729a6dc,E11,"[[""N07"",""output""],[""N20"",""output""],[""N27"",""output""]]",neutral,0,0.7403306635074278
T460d401057c949c,E08,"[[""N01"",""output""],[""N08"",""input""],[""N09"",""input""]]",neutral,0,0.6732244714500487
T4631943267285e7,E03,"[[""N10"",""output""],[""N19"",""input""],[""N20"",""input""]]",neutral,0,0.5385148671003472
T46704eb13e66336,E09,"[[""N06"",""input""],[""N09"",""input""],[""N13"",""output""],[""N14"",""input""],[""N16"",""input""]]",neutral,0,0.9784894330011493
T46a100bde1f07e1,E09,"[[""N14"",""output""],[""N16"",""input""]]",neutral,0,1.0
T4703ae4873a4c58,E01,"[[""N02"",""input""],[""N02"",""output""],[""N07"",""input""],[""N07"",""output""],[""N08"",""input""],[""N08"",""output""],[""N10"",""input""],[""N10"",""output""],[""N21"",""catalyst""]]",neutral,0,0.45977987869641135
T4732069a6ef3156,E05,"[[""N05"",""input""],[""N18"",""output""],[""N21"",""input""],[""N23"",""input""]]",neutral,0,0.9187975476331678
T47ea9395a4b462a,E03,"[[""N05"",""input""],[""N17"",""output""],[""N21"",""input""]]",neutral,0,0.9941450155698279
T499c432cbcb4eed,E10,"[[""N08"",""input""],[""N09"",""input""],[""N12"",""output""]]",neutral,0,0.9694246165045716
T4a379a9090d8988,E11,"[[""N02"",""input""],[""N22"",""output""]]",neutral,0,0.9406055981655383
T4a7a5cc3ff075d4,E06,"[[""N10"",""input""],[""N18"",""output""],[""N22"",""input""]]",neutral,0,0.8923999939769481
T4a89d3dba1e8ae4,E09,"[[""N03"",""output""],[""N05"",""output""],[""N19"",""output""],[""N22"",""input""],[""N22"",""output""]]",neutral,0,0.859742712818417
T4a9dcece862cdc4,E04,"[[""N10"",""input""],[""N10"",""output""],[""N11"",""output""],[""N16"",""input""],[""N16"",""catalyst""],[""N21"",""input""],[""N21"",""output""]]",neutral,0,0.7747736264643342
T4b1e17f5b760783,E03,"[[""N07"",""input""],[""N14"",""input""],[""N14"",""output""],[""N29"",""input""]]",neutral,0,0.4085368729977887
T4b293e36d3748e3,E07,"[[""N01"",""input""],[""N17"",""output""],[""N30"",""input""]]",neutral,0,0.5580395841776715
T4b693250d1c6510,E10,"[[""N03"",""input""],[""N17"",""output""],[""N25"",""input""]]",neutral,0,1.0
T4bc975e9cdab434,E12,"[[""N10"",""output""],[""N13"",""output""],[""N27"",""input""],[""N28"",""output""],[""N32"",""output""]]",neutral,0,0.41527083945488585
T4c56dbdca3ee8b7,E02,"[[""N04"",""output""],[""N13"",""output""],[""N22"",""output""],[""N25"",""input""],[""N31"",""output""],[""N33"",""output""],[""N34"",""catalyst""]]",neutral,0,0.40299500021248613
T4c60edb9c87c669,E05,"[[""N02"",""catalyst""],[""N05"",""input""],[""N05"",""output""],[""N07"",""input""],[""N07"",""output""],[""N12"",""input""],[""N12"",""output""],[""N18"",""input""],[""N18"",""output""]]",neutral,0,0.5838055985093001
T4d82f4abebc34cf,E03,"[[""N02"",""output""],[""N04"",""input""],[""N04"",""output""],[""N13"",""input""],[""N26"",""input""],[""N26"",""output""],[""N28"",""output""]]",neutral,0,0.5850724864043602
T4e08356ae754548,E02,"[[""N03"",""output""],[""N09"",""output""],[""N11"",""output""],[""N18"",""output""],[""N28"",""input""]]",neutral,0,0.5145641146753798
T4e524ecf848efc8,E10,"[[""N19"",""input""],[""N27"",""input""],[""N27"",""output""],[""N31"",""input""],[""N31"",""output""]]",neutral,0,0.6545715435404673
T4e530d3faface67,E10,"[[""N06"",""input""],[""N06"",""output""],[""N14"",""output""],[""N15"",""input""],[""N18"",""input""],[""N24"",""input""],[""N25"",""input""]]",neutral,0,0.5036187063434167
T4e5bd955ad5ddb4,E06,"[[""N01"",""activator""],[""N07"",""input""],[""N18"",""output""]]",activation,0,0.47214835008549905
T4e830d0fdf5866c,E11,"[[""N03"",""output""],[""N08"",""output""],[""N20"",""input""]]",neutral,0,0.8633081619506464
T4ee6d142848b6e5,E11,"[[""N01"",""output""],[""N02"",""output""],[""N11"",""input""],[""N20"",""activator""]]",activation,0,0.4236214925128039
T4f5451554706881,E05,"[[""N01"",""catalyst""],[""N07"",""input""],[""N07"",""output""],[""N18"",""input""],[""N18"",""output""],[""N19"",""input""],[""N19"",""output""],[""N22"",""input""],[""N22"",""output""]]",neutral,0,0.4765489903700756
T4f826f0ed46f1a5,E08,"[[""N11"",""input""],[""N13"",""output""],[""N21"",""catalyst""],[""N26"",""input""],[""N27"",""catalyst""],[""N33"",""output""]]",neutral,0,0.34804868816346135
T4f8c068360f3277,E07,"[[""N05"",""output""],[""N12"",""output""],[""N25"",""output""],[""N37"",""output""]]",neutral,0,0.423759157812606
T5062590aa7e792b,E07,"[[""N03"",""output""],[""N04"",""input""],[""N04"",""output""],[""N09"",""input""],[""N09"",""output""],[""N17"",""output""]]",neutral,0,0.3883914925368139
T50850cee24acec9,E03,"[[""N06"",""input""],[""N11"",""input""],[""N24"",""output""]]",neutral,0,1.0
T50d4a24fdd751a4,ABSTAIN,[],neutral,1,1.0
T513549f07766b4b,E13,"[[""N11"",""input""],[""N19"",""input""],[""N22"",""input""]]",neutral,0,0.5486852697193187
T5162a1c2ecfbdd3,E03,"[[""N07"",""input""],[""N12"",""output""],[""N23"",""input""]]",neutral,0,0.9478771379622639
T521e502d5e79d96,E08,"[[""N01"",""input""],[""N06"",""output""],[""N25"",""input""]]",activation,0,0.5093387335220095
T5237265b4feadf9,E11,"[[""N14"",""input""],[""N21"",""input""],[""N21"",""output""],[""N27"",""input""],[""N27"",""output""],[""N29"",""output""],[""N36"",""output""],[""N41"",""output""],[""N42"",""output""]]",neutral,0,0.34935211152495005
T52556b144803df8,E09,"[[""N05"",""output""],[""N08"",""input""],[""N23"",""input""]]",neutral,0,0.6072133293687588
T527a6bec3f2cdc0,E02,"[[""N06"",""input""],[""N09"",""output""],[""N20"",""output""]]",neutral,0,0.8518403401385393
T52f0c5a32e78b76,E01,"[[""N01"",""input""],[""N01"",""output""],[""N04"",""output""],[""N11"",""input""],[""N11"",""output""],[""N13"",""input""],[""N13"",""output""],[""N14"",""input""],[""N14"",""output""],[""N19"",""input""],[""N19"",""output""],[""N31"",""catalyst""],[""N33"",""catalyst""]]",neutral,0,0.45616093973732885
T52fc2051860c22c,E10,"[[""N08"",""input""],[""N08"",""output""],[""N12"",""input""],[""N12"",""output""],[""N14"",""output""],[""N22"",""input""]]",neutral,0,0.6751370588580632
T53af656e245151e,E10,"[[""N02"",""output""],[""N19"",""catalyst""],[""N22"",""input""],[""N25"",""input""],[""N26"",""input""],[""N26"",""output""]]",neutral,0,0.3812594904160768
T5415e7cc76cef56,E01,"[[""N02"",""output""],[""N11"",""input""],[""N11"",""output""],[""N16"",""input""],[""N16"",""output""],[""N20"",""input""]]",neutral,0,0.8391651371099627
T54e2551ba82acdd,E05,"[[""N09"",""catalyst""],[""N12"",""input""],[""N19"",""input""],[""N19"",""output""],[""N20"",""catalyst""]]",neutral,0,0.383937695173332
T55cde121ea5fe06,ABSTAIN,[],neutral,1,0.804837772569017
T55fc095a2ae892d,E11,"[[""N01"",""activator""],[""N04"",""input""],[""N06"",""output""]]",activation,0,0.9888095166162836
T5679f3d343e8d88,E11,"[[""N03"",""input""],[""N19"",""output""]]",neutral,0,1.0
T577959e4e8152f3,E04,"[[""N02"",""output""],[""N23"",""input""],[""N26"",""input""]]",neutral,0,0.656547903781781
T578fde62021883b,E09,"[[""N10"",""input""],[""N10"",""output""],[""N11"",""catalyst""],[""N22"",""input""],[""N22"",""output""]]",neutral,0,0.3809886260685886
T5796ad04af9493a,E07,"[[""N05"",""output""],[""N09"",""input""],[""N23"",""input""]]",neutral,0,0.49450928696507723
T5801e22f90e5819,ABSTAIN,[],neutral,1,0.43520833926520114
T58a149516b4d4ee,E08,"[[""N03"",""input""],[""N15"",""output""],[""N25"",""input""]]",neutral,0,0.9688824355328981
T58a4afcc065e575,E04,"[[""N03"",""output""],[""N13"",""activator""],[""N18"",""input""]]",activation,0,1.0
T58c0735a081993d,ABSTAIN,[],neutral,1,0.4614194703203556
T58d2af1a562bbe5,E02,"[[""N02"",""input""],[""N02"",""output""],[""N13"",""input""],[""N13"",""output""],[""N41"",""input""],[""N41"",""output""],[""N43"",""input""],[""N43"",""output""]]",neutral,0,0.7905738379137803
T592b05bca10bef9,E04,"[[""N04"",""input""],[""N06"",""input""],[""N08"",""output""],[""N18"",""input""]]",neutral,0,0.9340225551427184
T5a19847afe95568,E03,"[[""N23"",""input""],[""N29"",""input""],[""N33"",""output""],[""N39"",""input""],[""N44"",""output""]]",neutral,0,0.6226623366875448
T5a5b3ad95a45a66,E06,"[[""N01"",""input""],[""N16"",""output""]]",neutral,0,0.66752557460366
T5aa955d60a67af0,E03,"[[""N03"",""input""],[""N07"",""activator""],[""N11"",""output""]]",activation,0,0.49171678012038356
T5b436e4f533c875,E01,"[[""N06"",""input""],[""N06"",""output""],[""N12"",""input""],[""N12"",""output""],[""N14"",""input""],[""N14"",""output""],[""N19"",""output""]]",neutral,0,0.847135208199487
T5bc9ae20b81e651,E07,"[[""N01"",""output""],[""N03"",""catalyst""],[""N14"",""output""],[""N19"",""input""],[""N20"",""input""]]",neutral,0,0.41275513700305855
T5caad8f7de5b186,E01,"[[""N05"",""output""],[""N06"",""input""],[""N13"",""input""]]",neutral,0,0.5393796362598311
T5d770def02eb605,E02,"[[""N19"",""input""],[""N21"",""output""],[""N27"",""output""]]",neutral,0,0.5706649620786577
T5def2d1f93cfe92,E08,"[[""N06"",""output""],[""N12"",""input""],[""N14"",""input""],[""N24"",""input""],[""N26"",""input""],[""N29"",""input""]]",neutral,0,0.5171835754839783
T5dff0ad76508934,E08,"[[""N01"",""input""],[""N01"",""catalyst""],[""N06"",""input""],[""N06"",""output""],[""N07"",""output""],[""N12"",""input""],[""N12"",""catalyst""]]",neutral,0,0.7717606049092243
T5e005bae533221a,E06,"[[""N01"",""input""],[""N14"",""catalyst""],[""N15"",""output""],[""N16"",""output""],[""N19"",""output""],[""N24"",""output""]]",neutral,0,0.3954536313444433
T5e0cad90baff7fd,E06,"[[""N10"",""output""],[""N15"",""input""],[""N25"",""input""],[""N28"",""input""],[""N28"",""catalyst""]]",neutral,0,0.4025239012841918
T5e2924ff9b26252,ABSTAIN,[],neutral,1,0.5115632929000706
T5e426187ab75626,ABSTAIN,[],neutral,1,0.543478755926517
T5e530722fe9b205,E01,"[[""N01"",""input""],[""N01"",""output""],[""N05"",""input""],[""N05"",""output""],[""N06"",""catalyst""],[""N09"",""input""],[""N09"",""output""],[""N23"",""catalyst""]]",neutral,0,0.3525407570793515
T5e7446fa4cb1e25,ABSTAIN,[],neutral,1,0.9967358186231559
T5f6f35f5840898a,E04,"[[""N06"",""input""],[""N06"",""output""],[""N10"",""input""],[""N10"",""output""],[""N20"",""input""],[""N20"",""catalyst""],[""N32"",""output""]]",neutral,0,0.5080977123781245
T5fc1f7910994d9a,E01,"[[""N04"",""input""],[""N10"",""input""],[""N10"",""output""],[""N11"",""input""],[""N11"",""output""],[""N19"",""input""],[""N19"",""output""],[""N20"",""catalyst""]]",neutral,0,0.3690206441371269
T609784c3d63c419,E13,"[[""N04"",""input""],[""N04"",""output""],[""N10"",""output""],[""N17"",""input""],[""N18"",""input""],[""N18"",""catalyst""],[""N27"",""output""]]",neutral,0,0.7611599530098686
T617484bdd9f255b,ABSTAIN,[],neutral,1,1.0
T62027ae50e08398,E06,"[[""N08"",""input""],[""N08"",""output""],[""N09"",""input""],[""N09"",""output""],[""N15"",""output""],[""N18"",""input""],[""N18"",""catalyst""]]",neutral,0,0.5892175333217451
T622f135e23204d0,E02,"[[""N05"",""output""],[""N12"",""output""],[""N18"",""output""],[""N20"",""output""],[""N23"",""input""]]",neutral,0,0.4840445838557816
T6268e38766010d1,ABSTAIN,[],neutral,1,0.4088848636866189
T6281ccfe4630db7,E06,"[[""N13"",""input""],[""N13"",""output""],[""N15"",""input""]]",neutral,0,0.8607284686055601
T6380d102ee89eda,E09,"[[""N08"",""output""],[""N18"",""input""]]",neutral,0,0.5751246956945384
T6489c3632697300,E10,"[[""N16"",""input""],[""N16"",""output""],[""N21"",""input""],[""N24"",""input""],[""N24"",""output""]]",neutral,0,0.8669331449611326
T6500fddbf9f621f,E08,"[[""N03"",""output""],[""N14"",""input""],[""N19"",""catalyst""],[""N22"",""input""],[""N22"",""output""],[""N29"",""input""],[""N29"",""output""]]",neutral,0,0.8273348304688269
T65858de75706eb1,ABSTAIN,[],neutral,1,0.6676890311459485
T66b97a9a4ed144a,ABSTAIN,[],neutral,1,0.9918617305101274
T679417b324d79c9,E08,"[[""N04"",""output""],[""N06"",""input""],[""N15"",""input""]]",neutral,0,1.0
T681ec2cf5c86a76,E05,"[[""N16"",""output""],[""N17"",""input""],[""N19"",""input""],[""N21"",""input""]]",neutral,0,0.4211842411879232
T6968394b5babdc8,E11,"[[""N07"",""input""],[""N10"",""output""],[""N16"",""output""]]",neutral,0,0.6503931881898103
T69747defa0dcb44,E02,"[[""N02"",""input""],[""N02"",""output""],[""N19"",""input""],[""N19"",""output""],[""N26"",""catalyst""]]",neutral,0,0.42880177285758214
T69db573ba93b5e4,E02,"[[""N01"",""input""],[""N01"",""output""],[""N18"",""input""],[""N18"",""output""],[""N24"",""input""],[""N24"",""output""]]",neutral,0,0.5214790804725915
T6ade68e4a30f06d,E03,"[[""N24"",""output""],[""N46"",""input""],[""N49"",""input""],[""N51"",""input""]]",neutral,0,0.6599179606989761
T6bdd3aff16567e5,E01,"[[""N01"",""input""],[""N04"",""input""],[""N04"",""output""],[""N12"",""input""],[""N12"",""output""],[""N18"",""output""],[""N27"",""catalyst""],[""N30"",""input""]]",neutral,0,0.6453179681681049
T6c7d97220fae0b2,E09,"[[""N03"",""output""],[""N22"",""activator""],[""N24"",""input""]]",activation,0,0.9901681447890992
T6d13606f565a288,E08,"[[""N14"",""input""],[""N15"",""input""],[""N15"",""output""],[""N22"",""input""],[""N22"",""output""]]",activation,0,0.7214759308143002
T6d452a57d00281e,E10,"[[""N08"",""input""],[""N08"",""output""],[""N15"",""output""],[""N20"",""input""],[""N20"",""output""],[""N25"",""output""]]",neutral,0,0.5710706092192391
T6eab385894a2d1a,E10,"[[""N04"",""output""],[""N07"",""catalyst""],[""N11"",""input""],[""N11"",""output""],[""N16"",""input""],[""N16"",""output""],[""N17"",""input""],[""N21"",""input""]]",neutral,0,0.4237239702444312
T6edfc0c446ede61,E08,"[[""N01"",""input""],[""N01"",""output""],[""N06"",""input""],[""N06"",""output""],[""N24"",""input""],[""N24"",""output""],[""N32"",""input""],[""N32"",""output""],[""N34"",""output""]]",neutral,0,0.7324207328511451
T6f24fe2b4dd15b6,E03,"[[""N06"",""output""],[""N09"",""input""],[""N09"",""output""],[""N12"",""catalyst""],[""N24"",""input""],[""N24"",""output""],[""N28"",""input""],[""N28"",""output""]]",neutral,0,0.7760180539786022
T6f38131b5bdfb96,E11,"[[""N01"",""input""],[""N10"",""input""],[""N25"",""input""],[""N35"",""input""],[""N35"",""output""]]",neutral,0,0.5591436849113862
T703b79b5ede9e33,E06,"[[""N04"",""output""],[""N07"",""output""],[""N16"",""input""]]",neutral,0,0.9305885147036974
T713e68b98cf4955,E05,"[[""N03"",""input""],[""N03"",""output""],[""N07"",""input""],[""N07"",""output""],[""N16"",""input""],[""N32"",""input""]]",neutral,0,0.6032422635283284
T71b3bd0ca085814,E06,"[[""N06"",""output""],[""N10"",""input""],[""N18"",""activator""]]",activation,0,0.4582847544909734
T71e177cb8f7af6b,E10,"[[""N03"",""activator""],[""N09"",""input""],[""N15"",""output""]]",activation,0,0.9961710495864151
T7295721bf46902f,E03,"[[""N05"",""input""],[""N14"",""output""],[""N24"",""input""]]",neutral,0,0.5738480405251696
T72f51c588b71359,E11,"[[""N17"",""input""],[""N31"",""input""],[""N32"",""input""]]",neutral,0,0.5039792502498267
T733a1b6cba5c049,E05,"[[""N08"",""input""],[""N15"",""catalyst""],[""N19"",""input""],[""N19"",""output""],[""N26"",""input""],[""N38"",""input""]]",neutral,0,0.49193168146142696
T73788f9cb5bfa1c,E08,"[[""N05"",""input""],[""N07"",""input""],[""N23"",""output""]]",neutral,0,0.869810718971555
T738d534bc2149a5,E10,"[[""N04"",""activator""],[""N21"",""output""],[""N23"",""input""]]",activation,0,0.9589161514735833
T73e38fb32c00f62,E08,"[[""N03"",""input""],[""N03"",""output""],[""N11"",""catalyst""],[""N19"",""input""],[""N19"",""output""]]",neutral,0,0.7387243910918204
T74696b2f0156a57,E06,"[[""N02"",""input""],[""N04"",""input""],[""N12"",""input""],[""N14"",""output""],[""N22"",""input""]]",neutral,0,0.5452211761362254
T74cf07b2d484116,ABSTAIN,[],neutral,1,1.0
T753656dc6a24044,E07,"[[""N07"",""input""],[""N07"",""output""],[""N32"",""output""],[""N33"",""catalyst""],[""N34"",""input""],[""N34"",""output""],[""N35"",""input""]]",neutral,0,0.7117820548041611
T76160d394eea200,E10,"[[""N15"",""input""],[""N27"",""input""],[""N28"",""input""],[""N31"",""input""],[""N33"",""input""],[""N35"",""input""],[""N37"",""input""],[""N40"",""input""]]",neutral,0,0.48281857505035747
T77135d07895ca69,E14,"[[""N12"",""input""],[""N12"",""activator""],[""N16"",""output""],[""N26"",""activator""],[""N29"",""activator""]]",activation,0,0.4524304847396124
T77f216c0e89bc24,E07,"[[""N03"",""output""],[""N09"",""output""],[""N19"",""input""],[""N24"",""output""]]",neutral,0,0.8571691608438375
T7806f4cf7505c49,ABSTAIN,[],neutral,1,0.47859707765072623
T78577652808d277,ABSTAIN,[],neutral,1,0.36538363112533806
T785e13fe82a8ac7,E10,"[[""N16"",""input""],[""N16"",""output""],[""N28"",""input""],[""N28"",""output""],[""N30"",""catalyst""]]",neutral,0,0.6308264069237767
T78f05810ac8cca1,ABSTAIN,[],neutral,1,0.991025605059639
T792f8001354a442,E08,"[[""N14"",""input""],[""N14"",""output""],[""N20"",""input""],[""N20"",""output""],[""N23"",""input""],[""N23"",""output""]]",neutral,0,0.38766475627469854
T7a63eae514f240f,E10,"[[""N04"",""input""],[""N05"",""input""],[""N08"",""input""],[""N14"",""input""],[""N19"",""input""],[""N36"",""output""]]",neutral,0,0.702205253339149
T7b66fa647e7f4a4,E01,"[[""N16"",""catalyst""],[""N26"",""output""],[""N27"",""output""]]",neutral,0,0.4428893618153149
T7bbd78ca66215c8,E05,"[[""N03"",""input""],[""N10"",""input""],[""N10"",""output""],[""N16"",""output""],[""N39"",""output""]]",neutral,0,0.7455060393040207
T7be49ec06107206,E08,"[[""N05"",""input""],[""N10"",""input""],[""N14"",""input""],[""N18"",""input""],[""N29"",""input""]]",neutral,0,0.4619982003791171
T7cdda48c0013c39,E05,"[[""N10"",""output""],[""N17"",""input""],[""N23"",""output""]]",neutral,0,0.9164416164962712
T7ceaaabb85b4d90,E07,"[[""N03"",""input""],[""N07"",""input""],[""N24"",""output""]]",neutral,0,1.0
T7cf98483acb2e06,E09,"[[""N08"",""output""],[""N16"",""input""],[""N19"",""activator""]]",activation,0,1.0
T7d114b062c2b7e5,E08,"[[""N11"",""input""],[""N12"",""output""],[""N14"",""input""]]",neutral,0,1.0
T7d242751488f57e,E03,"[[""N06"",""output""],[""N23"",""input""],[""N24"",""input""]]",neutral,0,0.7712197504820344
T7d7b1848ac3d9ba,E09,"[[""N10"",""input""],[""N12"",""output""],[""N14"",""input""]]",neutral,0,1.0
T7e04161990238ec,E10,"[[""N08"",""catalyst""],[""N10"",""output""],[""N13"",""input""],[""N18"",""output""],[""N20"",""output""],[""N21"",""output""]]",neutral,0,0.3338289087877987
T7e09575dfe36759,ABSTAIN,[],neutral,1,1.0
T7e46c18cd5c5fb8,E02,"[[""N14"",""output""],[""N18"",""input""],[""N19"",""input""]]",neutral,0,0.5753427154814547
T7f65b129ae1942a,E05,"[[""N04"",""input""],[""N08"",""input""],[""N17"",""output""]]",neutral,0,0.9427735126259366
T8004d67d1836a29,ABSTAIN,[],neutral,1,0.4344625993351381
T80c31b95140e138,E10,"[[""N11"",""output""],[""N18"",""input""],[""N25"",""input""]]",neutral,0,0.9006458082968523
T810860c8eef34ce,E07,"[[""N03"",""catalyst""],[""N23"",""input""],[""N23"",""output""],[""N28"",""input""],[""N28"",""output""],[""N30"",""input""],[""N30"",""output""],[""N33"",""catalyst""],[""N36"",""input""],[""N36"",""output""]]",neutral,0,0.3886549403281461
T81baba73257f4b3,E04,"[[""N13"",""output""],[""N22"",""input""],[""N22"",""output""],[""N24"",""activator""]]",activation,0,0.6835307839121498
T82421e13932122c,E01,"[[""N01"",""output""],[""N13"",""output""],[""N17"",""input""],[""N33"",""input""]]",neutral,0,0.4083104402548776
T82d61d93541c66f,E02,"[[""N05"",""input""],[""N05"",""output""],[""N17"",""input""],[""N17"",""output""],[""N18"",""input""],[""N18"",""output""]]",neutral,0,0.28387102807888054
T848baf5f19b4565,E01,"[[""N15"",""input""],[""N18"",""output""],[""N25"",""activator""]]",activation,0,0.4325006703858906
T84b4ffe38d35199,E05,"[[""N16"",""input""],[""N30"",""input""],[""N30"",""output""],[""N33"",""input""]]",neutral,0,0.9522313822191707
T85671c15779bf71,E08,"[[""N01"",""input""],[""N01"",""output""],[""N11"",""output""],[""N13"",""input""],[""N13"",""output""],[""N17"",""output""],[""N33"",""output""]]",neutral,0,0.7316775451856514
T85858e96b009f1a,E10,"[[""N12"",""output""],[""N15"",""output""],[""N21"",""input""]]",neutral,0,0.7647722672263696
T8665ee7e9713ac4,E07,"[[""N19"",""output""],[""N19"",""catalyst""],[""N27"",""input""],[""N31"",""input""],[""N31"",""output""]]",neutral,0,0.4604248246907937
T86667fa9483b90f,E04,"[[""N01"",""input""],[""N08"",""input""],[""N08"",""output""],[""N27"",""catalyst""],[""N30"",""input""],[""N31"",""input""]]",neutral,0,0.489249103149174
T8692aa917e974eb,E13,"[[""N10"",""output""],[""N19"",""output""],[""N24"",""catalyst""],[""N29"",""output""],[""N33"",""output""]]",neutral,0,0.6174453009727183
T879e96c4043b880,E07,"[[""N08"",""input""],[""N15"",""output""]]",neutral,0,0.7389054689972353
T87ba521b843cfe5,E02,"[[""N06"",""output""],[""N07"",""input""],[""N17"",""input""]]",neutral,0,0.8449369694851403
T87cf6175ab38a9a,E03,"[[""N06"",""input""],[""N17"",""input""],[""N23"",""output""]]",neutral,0,0.9735718807643027
T8856ca14ba4397f,E07,"[[""N06"",""input""],[""N17"",""input""],[""N19"",""output""]]",neutral,0,0.487089489927792
T8a0b49002d26d13,E04,"[[""N05"",""output""],[""N21"",""input""],[""N28"",""activator""]]",activation,0,0.9903434027690871
T8ace07da27e9658,E10,"[[""N03"",""output""],[""N23"",""input""],[""N23"",""catalyst""],[""N26"",""output""]]",neutral,0,0.4348419254989765
T8ae2686972074f6,E10,"[[""N07"",""output""],[""N12"",""input""],[""N12"",""catalyst""],[""N15"",""input""],[""N15"",""output""],[""N19"",""input""],[""N19"",""output""]]",neutral,0,0.7892815671624903
T8b12190d8605be3,E04,"[[""N01"",""input""],[""N05"",""input""],[""N26"",""output""]]",neutral,0,0.9930704138752201
T8b3ad6cd1f591c5,E02,"[[""N02"",""input""],[""N10"",""activator""],[""N22"",""output""]]",activation,0,0.9807533283904687
T8b645914a9398b7,E04,"[[""N02"",""input""],[""N04"",""input""],[""N04"",""output""],[""N31"",""input""],[""N31"",""output""]]",neutral,0,0.351824201809049
T8ba5a7e88cf137d,E10,"[[""N03"",""output""],[""N19"",""input""],[""N21"",""input""],[""N21"",""output""]]",neutral,0,0.835150038337882
T8bb63bfe5c143ce,E03,"[[""N14"",""input""],[""N19"",""input""],[""N19"",""output""],[""N20"",""input""]]",neutral,0,0.9703082297420673
T8cff4325a7be623,E03,"[[""N03"",""input""],[""N03"",""output""],[""N10"",""input""],[""N10"",""output""],[""N19"",""input""],[""N23"",""output""]]",neutral,0,0.640491272329534
T8d3cf260f07326e,E01,"[[""N01"",""catalyst""],[""N06"",""input""],[""N06"",""output""],[""N16"",""input""],[""N16"",""output""]]",neutral,0,0.8267647690504814
T8d69561862f16bb,E04,"[[""N04"",""activator""],[""N15"",""output""],[""N22"",""input""],[""N22"",""output""]]",activation,0,0.4944897671666833
T8da7838030ed392,E05,"[[""N02"",""input""],[""N02"",""output""],[""N09"",""input""],[""N09"",""output""],[""N12"",""catalyst""],[""N18"",""catalyst""],[""N28"",""catalyst""]]",neutral,0,0.4008122319436027
T8daab8070db809f,E10,"[[""N18"",""input""],[""N20"",""output""],[""N31"",""input""]]",neutral,0,0.8397089752328074
T8dc6b9df8c10efb,ABSTAIN,[],neutral,1,0.3396420265421649
T8edf68fb7d16729,E06,"[[""N04"",""input""],[""N04"",""output""],[""N08"",""output""],[""N14"",""input""],[""N14"",""output""],[""N22"",""output""],[""N23"",""output""]]",neutral,0,0.44770387204304773
T8f1c3934c28b1fc,E01,"[[""N05"",""output""],[""N09"",""input""],[""N14"",""input""]]",neutral,0,0.7748977846102201
T91206829a12ff8c,ABSTAIN,[],neutral,1,1.0
T91f8baa5ec2dd63,E13,"[[""N05"",""input""],[""N05"",""output""],[""N13"",""input""],[""N13"",""output""],[""N15"",""input""],[""N19"",""output""]]",neutral,0,0.7463670566560007
T92677f20c262f2c,E05,"[[""N01"",""output""],[""N09"",""input""]]",neutral,0,0.9815776762290525
T92e7f4c46b61761,E02,"[[""N11"",""input""],[""N18"",""input""],[""N27"",""input""],[""N28"",""input""],[""N29"",""input""]]",neutral,0,0.41196271411600305
T93681c8fcce5a46,ABSTAIN,[],neutral,1,0.9947326880140369
T9382914f8674bdc,E06,"[[""N12"",""input""],[""N12"",""output""],[""N13"",""input""],[""N25"",""input""]]",neutral,0,0.51131221050562
T93f4ba89f331f18,ABSTAIN,[],neutral,1,0.700072746640804
T93fc23fa2bbe5ba,E06,"[[""N03"",""input""],[""N19"",""output""],[""N22"",""output""]]",neutral,0,0.49973877196205685
T95af31b77d7ebf7,E05,"[[""N01"",""input""],[""N09"",""input""],[""N14"",""output""]]",neutral,0,0.8819138907033053
T961e04518777c1c,E09,"[[""N03"",""input""],[""N04"",""output""],[""N09"",""input""],[""N13"",""input""]]",neutral,0,0.850863767081039
T96db88925aaf550,E08,"[[""N16"",""input""],[""N19"",""input""],[""N34"",""input""],[""N37"",""input""],[""N38"",""output""]]",neutral,0,0.5912669691615491
T96e2e342106d095,E05,"[[""N03"",""input""],[""N05"",""output""],[""N11"",""output""],[""N22"",""output""],[""N32"",""output""]]",neutral,0,0.48788615059244556
T9721941d5058a7a,E07,"[[""N01"",""input""],[""N08"",""input""],[""N13"",""input""]]",neutral,0,0.43005071949948676
T97a145b3c105509,E06,"[[""N01"",""input""],[""N01"",""output""],[""N11"",""input""],[""N23"",""input""],[""N23"",""output""]]",neutral,0,0.6695182546018414
T985ceb1abb276cf,E02,"[[""N08"",""output""],[""N09"",""input""],[""N31"",""input""]]",neutral,0,0.44997782465857994
T98cad7d516d68a8,E09,"[[""N02"",""input""],[""N18"",""input""],[""N22"",""input""]]",neutral,0,0.762951368098546
T9936fca3589ace8,E08,"[[""N12"",""input""],[""N12"",""output""],[""N21"",""input""],[""N21"",""output""],[""N24"",""input""],[""N24"",""catalyst""],[""N29"",""output""]]",neutral,0,0.39649923640796847
T997d43e0da815d1,E11,"[[""N04"",""output""],[""N10"",""input""],[""N10"",""output""],[""N19"",""input""]]",neutral,0,0.912782837210004
T99bae1905a531ce,E09,"[[""N11"",""input""],[""N16"",""output""],[""N19"",""activator""]]",activation,0,0.9961710495864151
T9b14126357084cc,E08,"[[""N11"",""input""],[""N25"",""output""],[""N28"",""output""]]",neutral,0,0.7295295540546933
T9b20c15eec586a1,E11,"[[""N09"",""input""],[""N09"",""output""],[""N12"",""catalyst""],[""N21"",""input""],[""N21"",""output""],[""N22"",""input""],[""N22"",""output""],[""N26"",""catalyst""]]",neutral,0,0.40595670926937866
T9c02b145c2f2179,E03,"[[""N06"",""activator""],[""N17"",""output""],[""N19"",""input""]]",activation,0,0.6083710966863232
T9cc943aa038e038,E08,"[[""N01"",""output""],[""N09"",""input""],[""N19"",""input""]]",neutral,0,0.963042111610135
T9d208d2e80c62b1,E11,"[[""N05"",""input""],[""N06"",""input""],[""N24"",""input""],[""N24"",""output""]]",neutral,0,0.8396093301586867
T9d6976a2b622e08,E03,"[[""N03"",""input""],[""N03"",""output""],[""N14"",""input""],[""N28"",""input""],[""N28"",""output""]]",neutral,0,0.7452303091468224
T9db9883a83956db,E03,"[[""N06"",""output""],[""N18"",""activator""],[""N21"",""input""]]",activation,0,0.9981212588972628
T9e62cd0ec9c3cad,E03,"[[""N01"",""output""],[""N15"",""output""],[""N23"",""output""],[""N26"",""output""],[""N29"",""output""],[""N31"",""output""]]",neutral,0,0.5623481213894258
T9f32fd79b4f26f9,E07,"[[""N09"",""input""],[""N12"",""output""],[""N14"",""output""],[""N25"",""input""]]",neutral,0,0.4182207297937109
T9fedcc0fd3e6d60,E11,"[[""N04"",""input""],[""N04"",""output""],[""N09"",""input""],[""N29"",""input""],[""N29"",""output""]]",neutral,0,0.7046357382496821
T9feea2c84a921e0,E04,"[[""N11"",""output""],[""N19"",""input""]]",neutral,0,0.9307634687538158
Ta0b7ee565e0a3ae,E09,"[[""N08"",""input""],[""N22"",""input""],[""N23"",""output""]]",neutral,0,0.6582259365690104
Ta17a252324d0f04,E11,"[[""N02"",""output""],[""N15"",""input""],[""N15"",""output""],[""N21"",""input""],[""N21"",""output""],[""N21"",""catalyst""],[""N24"",""input""],[""N24"",""output""]]",neutral,0,0.8082775713318326
Ta1e2a930268e38a,E09,"[[""N09"",""input""],[""N09"",""output""],[""N16"",""input""],[""N16"",""output""],[""N21"",""input""],[""N21"",""catalyst""],[""N22"",""output""]]",neutral,0,0.5488534215158314
Ta22623a81f2b2d0,E05,"[[""N11"",""output""],[""N16"",""input""],[""N24"",""input""]]",neutral,0,0.7936799537577718
Ta23ff0ca04f8cac,E01,"[[""N08"",""input""],[""N08"",""output""],[""N24"",""output""],[""N32"",""input""],[""N32"",""output""],[""N33"",""output""],[""N40"",""output""]]",neutral,0,0.5588249469743249
Ta2c84640e623f76,E08,"[[""N05"",""input""],[""N07"",""input""],[""N11"",""input""],[""N16"",""output""],[""N20"",""output""]]",neutral,0,0.4024869485380859
Ta3394a7b56217a3,E10,"[[""N03"",""input""],[""N03"",""catalyst""],[""N10"",""input""],[""N10"",""output""],[""N23"",""output""]]",neutral,0,0.7851841654682981
Ta34863b60c41007,E06,"[[""N03"",""input""],[""N10"",""input""],[""N23"",""output""]]",neutral,0,0.9093140011575606
Ta38fbf379bbdb5b,ABSTAIN,[],neutral,1,0.6496544519475007
Ta3a51bb4d24f4ac,E07,"[[""N06"",""input""],[""N06"",""output""],[""N15"",""input""],[""N15"",""output""],[""N22"",""output""],[""N24"",""input""],[""N24"",""catalyst""]]",neutral,0,0.7239194288355799
Ta4a605223a1adb9,E06,"[[""N08"",""input""],[""N09"",""input""],[""N26"",""output""]]",neutral,0,0.7049262254239113
Ta58c6ef77a464e3,E01,"[[""N02"",""input""],[""N12"",""input""],[""N14"",""input""],[""N19"",""input""],[""N26"",""input""],[""N29"",""input""],[""N32"",""input""]]",activation,0,0.5720824481042649
Ta59454bcb3ae591,E07,"[[""N04"",""input""],[""N09"",""input""],[""N10"",""output""]]",neutral,0,0.6845036024324449
Ta5be2eabf300ea0,E04,"[[""N04"",""input""],[""N10"",""input""],[""N26"",""output""]]",neutral,0,0.6279018163150984
Ta65545d466dd1e2,E09,"[[""N06"",""output""],[""N16"",""input""],[""N25"",""input""]]",neutral,0,0.4882110406920907
Ta7014240c4fb0bf,E11,"[[""N16"",""output""],[""N19"",""output""],[""N21"",""output""]]",neutral,0,0.6023569355758768
Ta743d95a7fe3597,E04,"[[""N01"",""input""],[""N09"",""output""],[""N23"",""input""]]",neutral,0,0.45635112358418845
Ta79fc04437a9b75,ABSTAIN,[],neutral,1,0.5414687130046545
Ta7f63632132def0,E01,"[[""N05"",""input""],[""N10"",""input""],[""N18"",""output""]]",neutral,0,0.916738424666563
Ta88860aa94f8549,E08,"[[""N07"",""input""],[""N12"",""output""]]",neutral,0,0.921182918207704
Ta8cf9592860cea4,E01,"[[""N05"",""input""],[""N19"",""output""],[""N30"",""input""]]",neutral,0,0.9979740831658813
Ta91003f977a53e8,ABSTAIN,[],neutral,1,1.0
Ta9ee8194d368ca6,E05,"[[""N09"",""input""],[""N15"",""output""],[""N16"",""input""]]",neutral,0,0.941639577646479
Taa28dfd92eb4999,E04,"[[""N02"",""activator""],[""N05"",""output""],[""N23"",""input""]]",activation,0,0.5402195266944009
Taa5168c7c3e32e1,E11,"[[""N04"",""input""],[""N04"",""output""],[""N17"",""input""],[""N17"",""output""],[""N18"",""catalyst""]]",neutral,0,0.6026571968175054
Taa8d0a9c1d184bd,E01,"[[""N02"",""output""],[""N16"",""output""],[""N21"",""input""],[""N24"",""input""],[""N34"",""input""]]",neutral,0,0.4257625344548462
Tab7c409db8a385f,E02,"[[""N03"",""input""],[""N15"",""output""],[""N21"",""input""]]",neutral,0,0.7568138642162543
Tadef603db642d5b,E08,"[[""N11"",""output""],[""N21"",""input""]]",neutral,0,0.9898015220811927
Tae95f3a2e90b4f1,ABSTAIN,[],neutral,1,0.40497352999352554
Taeac5812f822af8,E04,"[[""N09"",""input""],[""N12"",""input""],[""N15"",""output""]]",neutral,0,0.5435132514067349
Taed1337f65dff7b,E08,"[[""N07"",""input""],[""N10"",""input""],[""N21"",""output""],[""N22"",""input""]]",neutral,0,1.0
Taee0aa00c175b40,E13,"[[""N06"",""input""],[""N11"",""input""],[""N30"",""output""]]",neutral,0,0.9761044428320016
Taf0b433344edeb6,E02,"[[""N04"",""input""],[""N04"",""output""],[""N09"",""input""],[""N09"",""output""],[""N10"",""output""],[""N14"",""input""],[""N14"",""output""],[""N16"",""catalyst""],[""N18"",""input""],[""N18"",""output""],[""N23"",""output""],[""N29"",""input""],[""N29"",""output""]]",neutral,0,0.42853049564208573
Taf34dd6b36cd2a6,E06,"[[""N02"",""catalyst""],[""N08"",""output""],[""N14"",""output""],[""N16"",""output""],[""N18"",""output""]]",neutral,0,0.4472740886604987
Taf364ad7587981b,E09,"[[""N02"",""input""],[""N02"",""output""],[""N03"",""input""],[""N03"",""output""],[""N05"",""input""],[""N05"",""output""],[""N10"",""input""],[""N10"",""output""],[""N22"",""catalyst""]]",neutral,0,0.391206229257004
Tb0278ad9923aae2,E06,"[[""N02"",""output""],[""N05"",""input""],[""N10"",""input""]]",neutral,0,0.9977257812161455
Tb0346181a3c426a,E01,"[[""N02"",""output""],[""N09"",""catalyst""],[""N11"",""output""],[""N16"",""input""],[""N16"",""output""],[""N26"",""input""],[""N26"",""output""]]",neutral,0,0.5617001795888448
Tb13db02d4d8f71d,E03,"[[""N01"",""output""],[""N11"",""input""],[""N13"",""input""]]",neutral,0,0.5986221781996884
Tb1ce258c31efab0,ABSTAIN,[],neutral,1,0.9935531051886957
Tb245968ae4f5112,ABSTAIN,[],neutral,1,0.8872398220695942
Tb43301d35a2dbaa,ABSTAIN,[],neutral,1,0.2826312495176668
Tb4ed356cf39af25,E04,"[[""N16"",""output""],[""N21"",""input""],[""N22"",""input""],[""N24"",""input""]]",neutral,0,1.0
Tb515f8cee5c3b56,E10,"[[""N11"",""output""],[""N13"",""output""],[""N21"",""input""],[""N22"",""input""],[""N22"",""catalyst""]]",neutral,0,0.45991952134221864
Tb55c54f52ffd76b,E06,"[[""N02"",""input""],[""N02"",""output""],[""N11"",""input""],[""N31"",""input""],[""N31"",""output""]]",neutral,0,0.7665299411894272
Tb5840e0d20223aa,E07,"[[""N08"",""output""],[""N10"",""input""],[""N12"",""activator""]]",activation,0,0.9748232855162369
Tb5ab9dcf9dfb934,E03,"[[""N03"",""output""],[""N16"",""input""],[""N19"",""input""]]",neutral,0,0.6897094150915216
Tb668b6377031803,E01,"[[""N06"",""activator""],[""N25"",""output""],[""N33"",""input""]]",activation,0,0.5403893238381925
Tb7e275da545407d,E03,"[[""N22"",""input""],[""N23"",""input""],[""N25"",""output""]]",neutral,0,0.45188123950439696
Tb7e391dc641bc76,E05,"[[""N06"",""input""],[""N10"",""input""],[""N14"",""input""],[""N17"",""output""]]",neutral,0,0.8568434578553347
Tb885546fde144f6,E10,"[[""N06"",""output""],[""N13"",""input""],[""N14"",""output""],[""N15"",""input""],[""N15"",""catalyst""],[""N32"",""output""]]",neutral,0,0.4334460232388344
Tb8aa1e628187193,E10,"[[""N16"",""input""],[""N16"",""output""],[""N18"",""input""],[""N18"",""output""],[""N23"",""input""],[""N23"",""output""],[""N42"",""input""],[""N42"",""output""]]",neutral,0,0.4360346735188101
Tb90bb9a9c28052d,ABSTAIN,[],neutral,1,1.0
Tb90eee5bbb41250,E07,"[[""N16"",""output""],[""N18"",""input""],[""N23"",""input""]]",neutral,0,1.0
Tb9f6854166fd78d,E11,"[[""N16"",""catalyst""],[""N17"",""input""],[""N17"",""output""],[""N22"",""input""],[""N22"",""output""],[""N26"",""input""],[""N26"",""output""],[""N28"",""input""],[""N28"",""output""],[""N31"",""catalyst""]]",neutral,0,0.4398220212310195
Tba5a9130ef9039b,E11,"[[""N14"",""input""],[""N20"",""output""]]",neutral,0,1.0
Tba62bf33574dee4,E07,"[[""N07"",""output""],[""N12"",""output""],[""N14"",""output""],[""N15"",""output""]]",neutral,0,0.48572631021109625
Tbb19522b39d142d,E11,"[[""N03"",""input""],[""N07"",""output""],[""N18"",""input""]]",neutral,0,0.9256337341485332
Tbb567bb7b80ac8d,E05,"[[""N05"",""input""],[""N05"",""catalyst""],[""N06"",""input""],[""N06"",""output""],[""N07"",""output""],[""N27"",""input""],[""N27"",""output""]]",neutral,0,0.6986100345275094
Tbbed5438a0b5627,E06,"[[""N02"",""output""],[""N06"",""input""],[""N17"",""input""],[""N21"",""input""]]",neutral,0,0.9822130248273324
Tbc2671a1ce68300,E11,"[[""N11"",""output""],[""N13"",""output""],[""N17"",""output""],[""N19"",""input""],[""N19"",""output""],[""N22"",""catalyst""]]",neutral,0,0.4128858221429129
Tbd56c575f648e96,E02,"[[""N08"",""output""],[""N14"",""input""],[""N14"",""output""],[""N15"",""input""],[""N15"",""output""],[""N20"",""input""],[""N20"",""output""]]",neutral,0,0.4180555674922561
Tbd721bbf77e44ad,E08,"[[""N03"",""output""],[""N04"",""input""],[""N09"",""activator""]]",activation,0,1.0
Tbe1585ff00bbd12,E09,"[[""N04"",""input""],[""N05"",""output""],[""N15"",""input""],[""N18"",""output""],[""N32"",""input""],[""N37"",""input""],[""N39"",""input""]]",neutral,0,0.8056306469302715
Tbe38d48af3d06e9,E09,"[[""N09"",""input""],[""N16"",""output""],[""N25"",""input""]]",neutral,0,1.0
Tbe8a3782902b1b4,E01,"[[""N06"",""input""],[""N09"",""catalyst""],[""N21"",""input""],[""N21"",""output""],[""N23"",""output""],[""N31"",""input""]]",neutral,0,0.38459070443422017
Tbf003afc40ca6bc,E07,"[[""N02"",""output""],[""N05"",""input""]]",neutral,0,0.9444679716498301
Tc0362efbe766f5b,E08,"[[""N02"",""catalyst""],[""N04"",""output""],[""N11"",""output""],[""N17"",""input""]]",neutral,0,0.4309561554359953
Tc056cc7c8c9f60b,E04,"[[""N10"",""output""],[""N27"",""input""]]",neutral,0,0.644965205261454
Tc11a4113491cc92,E03,"[[""N21"",""input""],[""N22"",""output""],[""N24"",""input""]]",neutral,0,0.9014255504548558
Tc1364e32c6eba6a,E08,"[[""N01"",""catalyst""],[""N13"",""input""],[""N13"",""output""],[""N14"",""input""],[""N14"",""output""],[""N17"",""input""],[""N17"",""output""],[""N24"",""input""],[""N24"",""output""],[""N32"",""input""],[""N32"",""output""]]",neutral,0,0.4049320183452207
Tc200746f8daa137,E05,"[[""N09"",""input""],[""N11"",""output""],[""N23"",""input""]]",neutral,0,0.46690919762912075
Tc2a51ea3b35f145,E06,"[[""N02"",""input""],[""N06"",""input""],[""N19"",""output""]]",neutral,0,0.9267933104197976
Tc35fb53ac678216,E07,"[[""N05"",""input""],[""N08"",""output""],[""N14"",""output""]]",neutral,0,0.5554015876913065
Tc390fd7ad60bbc5,E09,"[[""N04"",""input""],[""N05"",""input""],[""N07"",""input""],[""N16"",""output""],[""N34"",""input""]]",neutral,0,0.4599875513631428
Tc39d719bb9acec4,ABSTAIN,[],neutral,1,0.44081336929089443
Tc58e629f4e27568,E13,"[[""N18"",""input""],[""N29"",""output""],[""N30"",""input""]]",neutral,0,0.9406016070366401
Tc74c5c7cd611796,ABSTAIN,[],neutral,1,0.9495346548954167
Tc7866b717f086ef,E05,"[[""N17"",""activator""],[""N20"",""input""],[""N22"",""output""]]",activation,0,0.4132287063323103
Tc83115a43d14e01,E02,"[[""N07"",""output""],[""N08"",""input""],[""N17"",""input""],[""N22"",""input""]]",neutral,0,0.9066196528284072
Tc863e09426eefc1,ABSTAIN,[],neutral,1,0.9913656217255657
Tc91e62f6a66a4ad,ABSTAIN,[],neutral,1,0.3659912950096088
Tc964ea102b47ab7,E08,"[[""N12"",""input""],[""N13"",""input""],[""N22"",""catalyst""],[""N23"",""output""]]",neutral,0,0.6863328007200251
Tc9cd8fb5a344fbe,E05,"[[""N01"",""output""],[""N04"",""input""],[""N06"",""catalyst""],[""N07"",""input""],[""N07"",""output""],[""N23"",""input""],[""N23"",""output""]]",neutral,0,0.5128732691852762
Tc9fbc77b1f36d48,E07,"[[""N17"",""output""],[""N22"",""input""]]",neutral,0,0.8924462952922938
Tca2bf84a5a2b5b1,E09,"[[""N04"",""input""],[""N29"",""output""]]",neutral,0,0.8518820703534806
Tca79c046c5c44af,E05,"[[""N15"",""input""],[""N16"",""input""],[""N24"",""output""]]",neutral,0,0.5976785912536687
Tca94b89f3df4875,E04,"[[""N08"",""input""],[""N08"",""output""],[""N09"",""input""],[""N09"",""output""],[""N18"",""catalyst""],[""N21"",""output""]]",neutral,0,0.39756475201281133
Tcade537d4c6f2b9,E02,"[[""N02"",""input""],[""N02"",""catalyst""],[""N13"",""output""],[""N20"",""input""],[""N20"",""output""],[""N24"",""input""],[""N24"",""output""]]",neutral,0,0.5989376504289965
Tcb559984a92d076,E06,"[[""N01"",""output""],[""N13"",""input""],[""N35"",""output""],[""N36"",""output""]]",neutral,0,0.5091214332217984
Tcb7c9ebca95bff1,E06,"[[""N08"",""input""],[""N08"",""output""],[""N09"",""input""],[""N09"",""output""],[""N12"",""input""],[""N12"",""output""],[""N14"",""input""],[""N14"",""output""],[""N20"",""catalyst""],[""N24"",""input""],[""N24"",""output""],[""N25"",""input""],[""N25"",""output""],[""N26"",""output""]]",neutral,0,0.538981256857445
Tcb99b7b6c9d1573,E01,"[[""N08"",""input""],[""N11"",""input""],[""N23"",""output""]]",neutral,0,0.8337504034981184
Tcbab33d16f7a99d,E11,"[[""N03"",""output""],[""N09"",""output""],[""N10"",""input""],[""N10"",""catalyst""],[""N12"",""input""],[""N12"",""output""],[""N23"",""output""],[""N25"",""input""],[""N25"",""output""],[""N28"",""output""]]",neutral,0,0.7739451314517172
Tcbb7b361fcb2f9c,E13,"[[""N08"",""input""],[""N16"",""output""],[""N33"",""input""]]",neutral,0,0.6326137511199024
Tcc34d75592c3a17,E08,"[[""N12"",""input""],[""N15"",""output""],[""N19"",""input""],[""N21"",""input""]]",neutral,0,0.748455166430138
Tcc51ea00f877432,E06,"[[""N01"",""input""],[""N19"",""output""],[""N20"",""input""]]",neutral,0,0.7474996978992268
Tcc8f1edd6902ced,ABSTAIN,[],neutral,1,0.6556978004531677
Tcce6619bacad3d9,E09,"[[""N08"",""input""],[""N14"",""input""],[""N15"",""input""]]",neutral,0,0.4225093800066453
Tcd459b31567d6db,E09,"[[""N05"",""input""],[""N09"",""input""],[""N23"",""catalyst""],[""N26"",""input""],[""N29"",""input""]]",neutral,0,0.36732864400274473
Tcdb8f2cf651d9bc,E07,"[[""N16"",""input""],[""N18"",""output""]]",neutral,0,0.9660402838900616
Tcf3934c841ad6ae,E06,"[[""N02"",""output""],[""N09"",""input""],[""N14"",""output""],[""N18"",""output""],[""N21"",""output""]]",neutral,0,0.41524168327422206
Tcf80a5cf2f6978f,E02,"[[""N07"",""output""],[""N17"",""input""],[""N17"",""output""],[""N26"",""input""],[""N26"",""output""],[""N27"",""input""]]",neutral,0,0.5350501025533028
Tcfa01c2b5ae5e3c,ABSTAIN,[],neutral,1,0.5804198853041866
Tcfa6588fc22e0dc,E03,"[[""N01"",""output""],[""N07"",""input""],[""N22"",""output""]]",neutral,0,0.9168844100485816
Tcfbc585b619fb75,ABSTAIN,[],neutral,1,0.4806301882906028
Tcfc6611b479671b,E08,"[[""N10"",""input""],[""N10"",""output""],[""N15"",""input""],[""N18"",""input""],[""N18"",""output""]]",neutral,0,0.3880310671660553
Td07a23f73ad032d,E10,"[[""N10"",""output""],[""N17"",""input""],[""N20"",""input""]]",neutral,0,0.9815125435393703
Td13d3406a038ed6,E02,"[[""N09"",""input""],[""N09"",""output""],[""N13"",""output""],[""N16"",""output""],[""N18"",""output""],[""N19"",""input""],[""N19"",""output""],[""N24"",""catalyst""],[""N29"",""output""]]",neutral,0,0.43536612991667833
Td1b4f628f158cfd,E05,"[[""N02"",""input""],[""N02"",""output""],[""N06"",""input""],[""N08"",""input""],[""N08"",""output""],[""N18"",""input""]]",neutral,0,0.8068215675069973
Td1e6115fe22a053,E07,"[[""N01"",""input""],[""N07"",""output""]]",neutral,0,0.6246465751524755
Td233f8bbdb04cc3,E01,"[[""N03"",""input""],[""N03"",""output""],[""N04"",""output""],[""N08"",""input""],[""N08"",""output""],[""N21"",""input""],[""N21"",""catalyst""]]",neutral,0,0.6161409735643018
Td2565be6cee3733,E06,"[[""N04"",""activator""],[""N09"",""input""],[""N14"",""output""]]",activation,0,0.9956782330589051
Td2a11ba328b630a,E10,"[[""N02"",""output""],[""N06"",""input""],[""N19"",""input""]]",neutral,0,1.0
Td2c8c96e4732405,E08,"[[""N07"",""input""],[""N10"",""output""],[""N22"",""activator""]]",activation,0,0.5476655345891478
Td300b00b169ec2d,E07,"[[""N05"",""activator""],[""N06"",""output""],[""N09"",""input""]]",activation,0,0.9947109110582961
Td39b7b506889ed3,E01,"[[""N10"",""input""],[""N10"",""output""],[""N18"",""input""]]",neutral,0,0.4008455960505113
Td41c1df0580d406,ABSTAIN,[],neutral,1,1.0
Td4219ea569e70ab,E03,"[[""N03"",""input""],[""N03"",""output""],[""N27"",""catalyst""],[""N29"",""input""],[""N29"",""output""],[""N32"",""input""],[""N32"",""output""],[""N34"",""input""],[""N34"",""output""]]",neutral,0,0.7084471369334799
Td45e25848d8eb08,E10,"[[""N15"",""output""],[""N17"",""output""],[""N25"",""input""]]",neutral,0,0.9482217544264825
Td4642d6c346579a,ABSTAIN,[],neutral,1,1.0
Td4688182d27deea,E09,"[[""N04"",""input""],[""N05"",""output""],[""N26"",""input""],[""N26"",""output""]]",neutral,0,0.7169384650344419
Td46c5e6c2d37d5c,ABSTAIN,[],neutral,1,0.37838227421805687
Td4a7dc87cfd2d88,E03,"[[""N03"",""input""],[""N04"",""input""],[""N14"",""input""],[""N23"",""output""],[""N24"",""catalyst""]]",neutral,0,0.7531530621265481
Td4be9951473ce17,ABSTAIN,[],neutral,1,0.5771445940527813
Td57b6ff86fb9249,E05,"[[""N02"",""input""],[""N10"",""input""],[""N12"",""input""],[""N19"",""input""],[""N22"",""output""]]",neutral,0,0.414139763034047
Td5a7c5869b4695f,E07,"[[""N01"",""input""],[""N03"",""output""],[""N15"",""input""]]",neutral,0,0.7673888949717436
Td6113d1bb389ab7,E07,"[[""N05"",""output""],[""N16"",""output""],[""N17"",""input""]]",neutral,0,0.7644386008786933
Td634fa8fcdfc634,ABSTAIN,[],neutral,1,1.0
Td6534bb7bec167e,E04,"[[""N26"",""input""],[""N30"",""input""],[""N30"",""output""],[""N32"",""input""]]",neutral,0,0.8320951468703008
Td68ab60b0bde870,ABSTAIN,[],neutral,1,1.0
Td6e523bb4e289d1,ABSTAIN,[],neutral,1,0.6290377250819383
Td701d2e4b9a3a1a,E05,"[[""N08"",""output""],[""N12"",""output""],[""N19"",""output""],[""N20"",""output""],[""N21"",""output""],[""N26"",""input""],[""N26"",""output""]]",neutral,0,0.8760086241346206
Td70c3f81e334471,E03,"[[""N01"",""input""],[""N12"",""input""],[""N12"",""output""],[""N14"",""input""],[""N14"",""output""],[""N19"",""input""],[""N19"",""output""]]",neutral,0,0.36947323847688596
Td78441875fa8460,ABSTAIN,[],neutral,1,0.991968468832948
Td7884860b6eb479,E02,"[[""N08"",""input""],[""N30"",""output""],[""N38"",""input""],[""N38"",""output""]]",neutral,0,0.3580932890262943
Td7b80f83d93c828,E11,"[[""N13"",""input""],[""N24"",""input""],[""N25"",""output""]]",neutral,0,0.8897694027967524
Td7d0c506680ada4,E08,"[[""N10"",""catalyst""],[""N14"",""output""],[""N18"",""input""],[""N18"",""output""],[""N23"",""input""],[""N23"",""output""]]",neutral,0,0.3783414971102242
Td8aa1e3eb7cab74,E05,"[[""N03"",""input""],[""N03"",""output""],[""N16"",""catalyst""],[""N23"",""input""],[""N23"",""output""]]",neutral,0,0.4094629188648372
Td8e980c220c6aa3,E12,"[[""N01"",""input""],[""N02"",""output""],[""N14"",""input""]]",neutral,0,0.791024180575705
Td92e6b43d17de79,E12,"[[""N08"",""catalyst""],[""N23"",""input""],[""N26"",""output""],[""N28"",""output""],[""N32"",""output""]]",neutral,0,0.6229104193466184
Tda0bf2c9deff011,E12,"[[""N04"",""output""],[""N06"",""input""],[""N15"",""input""],[""N36"",""output""]]",neutral,0,0.8178929024805186
Tda36b46377edd1d,E03,"[[""N10"",""output""],[""N12"",""output""],[""N13"",""input""]]",neutral,0,0.8255960914519326
Tda69103c926056d,ABSTAIN,[],neutral,1,1.0
Tda784d888f02d69,E02,"[[""N01"",""input""],[""N01"",""output""],[""N10"",""input""],[""N10"",""output""],[""N18"",""catalyst""],[""N27"",""input""],[""N27"",""output""],[""N31"",""input""],[""N31"",""output""]]",neutral,0,0.39976734277684056
Tdb4411d36d81d3b,E09,"[[""N01"",""output""],[""N09"",""input""]]",neutral,0,0.6075200646791223
Tdd01f6135d493e6,E14,"[[""N09"",""input""],[""N09"",""output""],[""N11"",""output""],[""N22"",""output""],[""N23"",""output""]]",neutral,0,0.7114342893938069
Tdd0c6e15ef020eb,ABSTAIN,[],neutral,1,1.0
Tdd698b2ba1ba7d5,E02,"[[""N11"",""input""],[""N14"",""input""],[""N30"",""input""]]",neutral,0,0.9439325043120346
Tde2e43142cd7418,E12,"[[""N03"",""input""],[""N04"",""input""],[""N08"",""output""]]",neutral,0,1.0
Tde9357c175930bf,E02,"[[""N01"",""output""],[""N05"",""input""],[""N10"",""input""]]",neutral,0,0.5223074910156437
Tdeabbdc5eb92fd2,E10,"[[""N01"",""input""],[""N13"",""output""],[""N25"",""output""]]",neutral,0,0.7400623912582076
Tdf7ac99abed27ca,E05,"[[""N02"",""catalyst""],[""N06"",""input""],[""N09"",""output""],[""N21"",""output""],[""N27"",""output""],[""N29"",""output""],[""N33"",""output""]]",neutral,0,0.40299500021248613
Tdf993a23363155d,E09,"[[""N10"",""input""],[""N12"",""input""],[""N22"",""input""],[""N23"",""input""],[""N26"",""input""],[""N31"",""output""]]",neutral,0,0.8445287251195183
Te08db3da7c32268,E08,"[[""N11"",""output""],[""N19"",""input""],[""N30"",""input""]]",neutral,0,0.8032294848144385
Te10142e4383ec59,ABSTAIN,[],neutral,1,0.39064083571822283
Te1c3fa33d8a8c67,E01,"[[""N26"",""input""],[""N31"",""output""]]",neutral,0,1.0
Te216a52a098c577,E10,"[[""N02"",""input""],[""N15"",""output""],[""N25"",""input""],[""N31"",""input""]]",neutral,0,0.9906010993534317
Te22644f98e78f45,E04,"[[""N18"",""input""],[""N28"",""input""],[""N33"",""input""],[""N33"",""output""]]",neutral,0,0.41513530031458284
Te251c9d673f80df,E08,"[[""N05"",""output""],[""N06"",""input""],[""N06"",""output""],[""N15"",""output""],[""N23"",""input""],[""N23"",""output""]]",neutral,0,0.6789369147424003
Te2549bf62ebbe04,E11,"[[""N04"",""input""],[""N20"",""input""],[""N30"",""output""]]",neutral,0,0.9800171416691622
Te2e2b6e64ed512a,E06,"[[""N04"",""input""],[""N08"",""input""],[""N08"",""output""],[""N31"",""input""]]",neutral,0,0.5449163451038903
Te337cc28674df9c,E08,"[[""N25"",""input""],[""N26"",""input""],[""N29"",""catalyst""],[""N36"",""input""],[""N40"",""input""]]",neutral,0,0.4392012389207643
Te34040595f1b83e,E07,"[[""N08"",""input""],[""N08"",""output""],[""N21"",""output""],[""N22"",""input""],[""N22"",""output""]]",neutral,0,0.7216527421124422
Te3fe44a7165934c,E06,"[[""N03"",""input""],[""N03"",""output""],[""N14"",""input""],[""N14"",""output""],[""N34"",""catalyst""]]",neutral,0,0.4059059897594199
Te4fc26f77c77334,E03,"[[""N02"",""input""],[""N02"",""output""],[""N04"",""output""],[""N17"",""input""],[""N17"",""output""],[""N23"",""input""],[""N23"",""output""],[""N24"",""catalyst""]]",neutral,0,0.36362604140373295
Te50c3c28664ea7d,E02,"[[""N08"",""input""],[""N21"",""input""],[""N24"",""input""],[""N27"",""catalyst""],[""N30"",""input""]]",neutral,0,0.43335785539243915
Te5ec9335f2d0e39,E06,"[[""N04"",""input""],[""N04"",""output""],[""N05"",""input""],[""N05"",""output""],[""N08"",""input""],[""N09"",""input""],[""N09"",""output""],[""N13"",""input""],[""N13"",""output""],[""N18"",""input""],[""N23"",""input""],[""N23"",""output""],[""N27"",""output""]]",neutral,0,0.4459576305760554
Te600ff73d638bd2,E07,"[[""N06"",""activator""],[""N09"",""output""],[""N24"",""input""]]",activation,0,0.9892265193646188
Te662a6c74bf940c,E07,"[[""N04"",""output""],[""N08"",""input""]]",neutral,0,0.906065856102549
Te68e931b2f13605,E05,"[[""N05"",""input""],[""N12"",""input""],[""N13"",""input""]]",neutral,0,0.360393180949056
Te6d27195b4650c9,E02,"[[""N10"",""input""],[""N15"",""input""],[""N26"",""output""]]",neutral,0,1.0
Te6eee9c999e0d09,E07,"[[""N05"",""input""],[""N15"",""input""],[""N15"",""output""],[""N18"",""output""],[""N24"",""output""]]",neutral,0,0.614159623526519
Te74b416a40337b5,E06,"[[""N02"",""input""],[""N10"",""input""],[""N19"",""output""]]",neutral,0,0.5637124349902753
Te77c56d8de7813b,E08,"[[""N16"",""output""],[""N17"",""input""],[""N21"",""input""]]",neutral,0,1.0
Te78ca65084a3efe,E14,"[[""N16"",""input""],[""N32"",""input""],[""N32"",""output""],[""N34"",""input""]]",neutral,0,0.6045332585362527
Te7923af50f92bb1,E14,"[[""N02"",""input""],[""N10"",""input""],[""N10"",""output""],[""N12"",""input""]]",neutral,0,0.39951018876322414
Te7995b47da6f71c,E08,"[[""N13"",""input""],[""N14"",""input""],[""N25"",""output""]]",neutral,0,0.5796507580914471
Te7bd97be18e3d88,ABSTAIN,[],neutral,1,0.6256839904853484
Te827e74c2b4d69e,E10,"[[""N01"",""input""],[""N01"",""output""],[""N03"",""output""],[""N18"",""output""],[""N19"",""input""],[""N19"",""output""]]",neutral,0,0.48826585364734393
Te83f6c2e9e7975a,E05,"[[""N02"",""input""],[""N07"",""output""],[""N14"",""input""]]",neutral,0,0.478125783755259
Te8527a79fa9b8c5,E01,"[[""N09"",""output""],[""N14"",""output""],[""N16"",""output""],[""N19"",""catalyst""],[""N24"",""output""],[""N25"",""output""],[""N29"",""catalyst""],[""N33"",""output""]]",neutral,0,0.4729306610977963
Te85cfa9b3efc1af,E02,"[[""N08"",""output""],[""N09"",""output""],[""N26"",""input""]]",neutral,0,0.7241240018819354
Te8aeb22b15145a9,E01,"[[""N01"",""input""],[""N05"",""input""],[""N09"",""output""]]",neutral,0,0.467333168389769
Te93ad3789423638,E08,"[[""N04"",""output""],[""N04"",""catalyst""],[""N09"",""output""],[""N11"",""output""],[""N23"",""input""],[""N23"",""catalyst""],[""N24"",""output""]]",neutral,0,0.8334566459942685
Te94895d2938cdc0,E07,"[[""N05"",""input""],[""N09"",""output""],[""N25"",""catalyst""]]",neutral,0,0.40780433697370566
Tea0755f52db0230,E09,"[[""N05"",""input""],[""N05"",""output""],[""N06"",""input""],[""N06"",""output""],[""N27"",""output""],[""N31"",""catalyst""]]",neutral,0,0.3830149260638813
Tea5dbe7e6800848,ABSTAIN,[],neutral,1,0.4895201584770885
Tea66afc9e949ccd,E10,"[[""N03"",""input""],[""N03"",""output""],[""N10"",""output""],[""N12"",""output""],[""N23"",""input""],[""N23"",""catalyst""],[""N28"",""input""]]",neutral,0,0.5358271828952199
Teaba4d47a718421,E03,"[[""N07"",""input""],[""N16"",""output""],[""N17"",""output""]]",neutral,0,0.5089509316329094
Teb1896dfd25fa7a,E01,"[[""N01"",""output""],[""N17"",""output""],[""N23"",""input""]]",neutral,0,0.9045838341317586
Teb232beec9dddd4,E02,"[[""N10"",""input""],[""N10"",""output""],[""N19"",""input""],[""N19"",""output""],[""N21"",""input""],[""N21"",""catalyst""],[""N28"",""output""],[""N30"",""catalyst""]]",neutral,0,0.5618560088702831
Teb8c83f6de93768,E07,"[[""N04"",""input""],[""N04"",""output""],[""N09"",""input""],[""N09"",""catalyst""],[""N10"",""output""],[""N20"",""input""],[""N32"",""input""],[""N32"",""output""]]",neutral,0,0.6328037603603055
Tebb587be4771101,E06,"[[""N12"",""input""],[""N12"",""output""],[""N18"",""output""],[""N27"",""input""]]",neutral,0,0.8336873470797377
Tec634ebf7470b43,E07,"[[""N15"",""input""],[""N17"",""input""],[""N33"",""output""]]",neutral,0,0.695569015057381
Teca6dcf2a153e0b,E06,"[[""N02"",""output""],[""N03"",""input""],[""N10"",""input""]]",neutral,0,0.8201958542641672
Tece98c186ff473e,E01,"[[""N13"",""input""],[""N16"",""input""],[""N26"",""output""]]",neutral,0,0.8014649912006147
Ted59144078abdf2,E10,"[[""N08"",""input""],[""N12"",""output""],[""N14"",""input""]]",neutral,0,0.6787333451209938
Ted706e28ab811ab,E07,"[[""N10"",""input""],[""N19"",""input""],[""N21"",""input""],[""N23"",""input""],[""N23"",""output""],[""N33"",""input""],[""N33"",""output""]]",neutral,0,0.39038062031680604
Ted7dcc33d8644b3,E01,"[[""N01"",""input""],[""N09"",""output""],[""N10"",""input""],[""N15"",""input""],[""N16"",""input""]]",neutral,0,0.9799356098240278
Tedfdb2adc1d68ce,E08,"[[""N12"",""output""],[""N17"",""input""]]",neutral,0,1.0
Tee0d8e4096b8270,E03,"[[""N03"",""input""],[""N09"",""input""],[""N17"",""output""]]",neutral,0,0.49014459574639185
Tee464c569e5d147,E01,"[[""N06"",""output""],[""N09"",""input""],[""N10"",""input""]]",neutral,0,1.0
Tee93c102d388165,E02,"[[""N03"",""input""],[""N11"",""input""],[""N12"",""output""]]",neutral,0,0.5059867099256283
Teed89a1be7ede88,ABSTAIN,[],neutral,1,0.39252878138663994
Tef37cb0cdecdd4d,E05,"[[""N07"",""input""],[""N15"",""input""],[""N17"",""output""]]",neutral,0,0.7832405930966242
Tf070e8e3edcbdd5,E02,"[[""N09"",""output""],[""N12"",""input""],[""N15"",""output""]]",neutral,0,0.8158314513203604
Tf13ee26965aa786,ABSTAIN,[],neutral,1,0.5305097923466855
Tf186ce8534951a6,E07,"[[""N15"",""output""],[""N20"",""input""],[""N20"",""output""],[""N22"",""output""]]",neutral,0,0.8290257358136024
Tf1b2bfdb2155956,E08,"[[""N19"",""input""],[""N22"",""output""],[""N31"",""output""]]",neutral,0,0.8664038297063945
Tf211261a764e880,E07,"[[""N03"",""input""],[""N03"",""output""],[""N12"",""input""],[""N12"",""output""],[""N15"",""output""]]",neutral,0,0.3642980024971212
Tf276dd197da835c,E06,"[[""N01"",""output""],[""N01"",""catalyst""],[""N02"",""input""],[""N10"",""catalyst""],[""N14"",""input""],[""N14"",""output""],[""N19"",""input""],[""N20"",""input""],[""N20"",""output""]]",neutral,0,0.4550348782376681
Tf2c2ddf4fe0ebe4,E06,"[[""N01"",""output""],[""N04"",""input""],[""N09"",""input""]]",neutral,0,0.9981494566898874
Tf4025e5cfc4c5bb,E04,"[[""N02"",""output""],[""N03"",""input""],[""N03"",""output""],[""N08"",""output""]]",neutral,0,0.6351748411356172
Tf41d82cf4167de5,E08,"[[""N02"",""input""],[""N06"",""output""],[""N09"",""input""],[""N18"",""input""],[""N29"",""input""]]",neutral,0,1.0
Tf431c9e5a033c86,E10,"[[""N08"",""input""],[""N08"",""output""],[""N17"",""input""],[""N17"",""output""],[""N23"",""input""]]",neutral,0,0.8188202929474532
Tf49694479b4ad56,E06,"[[""N07"",""input""],[""N17"",""output""]]",neutral,0,0.9509416384364398
Tf4f65d1fd33ad39,E03,"[[""N01"",""output""],[""N02"",""input""],[""N09"",""input""],[""N16"",""input""],[""N17"",""input""]]",neutral,0,0.7950710038885104
Tf4fbdcf2b3955cf,E01,"[[""N05"",""output""],[""N11"",""input""],[""N11"",""output""],[""N12"",""input""],[""N12"",""output""],[""N14"",""input""],[""N14"",""output""],[""N15"",""input""],[""N15"",""output""],[""N26"",""output""],[""N27"",""catalyst""],[""N30"",""input""],[""N30"",""output""]]",neutral,0,0.4802423245599874
Tf6135bae990ade5,E01,"[[""N09"",""input""],[""N30"",""output""]]",neutral,0,0.9880943225596694
Tf62338779c034ca,E06,"[[""N06"",""input""],[""N25"",""input""],[""N25"",""output""],[""N32"",""input""]]",neutral,0,0.6372112149076553
Tf638693d034ed3a,E10,"[[""N06"",""input""],[""N13"",""output""],[""N21"",""input""]]",neutral,0,0.7732738032372707
Tf66d96c637e9c56,E01,"[[""N07"",""output""],[""N13"",""input""],[""N22"",""input""],[""N22"",""output""],[""N23"",""input""],[""N32"",""output""]]",neutral,0,0.41796434074024236
Tf68853a71fca4aa,E03,"[[""N01"",""input""],[""N01"",""output""],[""N03"",""input""],[""N09"",""input""],[""N09"",""output""],[""N14"",""output""],[""N20"",""input""],[""N20"",""output""],[""N26"",""input""],[""N26"",""output""],[""N27"",""output""],[""N28"",""input""],[""N28"",""output""]]",neutral,0,0.53051767960477
Tf6ca36c264d3c18,E09,"[[""N02"",""input""],[""N17"",""catalyst""],[""N20"",""input""],[""N20"",""output""],[""N23"",""output""],[""N35"",""input""]]",neutral,0,0.3915183088112117
Tf70bbf4a41f7e3f,E08,"[[""N01"",""output""],[""N10"",""input""],[""N10"",""output""],[""N14"",""input""],[""N34"",""output""],[""N35"",""input""],[""N35"",""output""]]",neutral,0,0.36554794635489185
Tf7157e4295824ac,E07,"[[""N04"",""output""],[""N14"",""output""],[""N22"",""input""]]",neutral,0,0.9265940886866277
Tf72d2897782d24a,E05,"[[""N03"",""input""],[""N16"",""activator""],[""N21"",""output""]]",activation,0,0.4582847544909734
Tf737072b37bc365,E06,"[[""N02"",""input""],[""N11"",""input""],[""N12"",""catalyst""],[""N23"",""input""],[""N23"",""output""],[""N27"",""input""]]",neutral,0,0.6890545425614418
Tf73c982505822e1,E07,"[[""N11"",""output""],[""N13"",""input""],[""N14"",""output""],[""N23"",""output""],[""N32"",""output""]]",neutral,0,0.47628097022253
Tf77608710ede567,E06,"[[""N04"",""output""],[""N06"",""output""],[""N10"",""output""],[""N15"",""output""],[""N17"",""input""]]",neutral,0,0.41869809360906673
Tf7ee2ba6b9b3049,E10,"[[""N21"",""input""],[""N23"",""output""],[""N28"",""input""]]",neutral,0,0.9295605229372901
Tf82d866afb9cacc,E03,"[[""N01"",""output""],[""N04"",""input""]]",neutral,0,0.7186104795294337
Tfaca7dc76a5862c,E07,"[[""N11"",""input""],[""N14"",""output""],[""N24"",""input""]]",neutral,0,0.5647462398236515
Tfb8f3182b68d2c7,E03,"[[""N04"",""input""],[""N12"",""input""],[""N13"",""output""]]",neutral,0,0.7483096128160072
Tfc0fe8a0c962adf,E01,"[[""N19"",""input""],[""N22"",""input""],[""N26"",""input""]]",neutral,0,0.5644763342934779
Tfcd89b32c815146,E06,"[[""N03"",""output""],[""N19"",""input""]]",neutral,0,0.440954210718926
Tfd757cceb1e1ca2,E02,"[[""N03"",""output""],[""N04"",""input""],[""N18"",""input""]]",neutral,0,0.9570024042585346
Tfddfcb7963f35db,E01,"[[""N04"",""input""],[""N07"",""input""],[""N16"",""output""]]",neutral,0,0.6196556969190339
Tfe10f62f6d79191,E01,"[[""N07"",""input""],[""N13"",""input""],[""N21"",""output""]]",neutral,0,0.3852432305774489
Tfe886af9b9cbabc,E04,"[[""N05"",""output""],[""N07"",""output""],[""N11"",""input""]]",neutral,0,0.5524696221008507
Tfe8d69b09ce450a,E05,"[[""N09"",""input""],[""N10"",""output""]]",neutral,0,0.6321614872003318
Tfecb6994f72ac10,E02,"[[""N01"",""input""],[""N01"",""output""],[""N04"",""input""],[""N04"",""output""],[""N20"",""output""]]",neutral,0,0.4693011247495983
Tff71098a1996352,E08,"[[""N11"",""input""],[""N15"",""output""],[""N22"",""input""]]",neutral,0,1.0
Tff85e9e3523549c,E10,"[[""N15"",""input""],[""N17"",""output""]]",neutral,0,0.9648464781479855
Tffa699ba5feef6f,E03,"[[""N11"",""input""],[""N22"",""output""]]",neutral,0,0.9898221095233972
