case_id,polling_mask,recovery_collision_set,clearance_order
rb_00a2224dd7159e6dada30e,KK.K....KKK.,S01~S10|S01~S11|S04~S10|S05~S11,S03>S06>S08>S12>S07>S09>S05>S02>S11>S01>S10>S04
rb_00a38d65d00f612c6f66ca,KK...KKK...K,S02~S07|S02~S10|S06~S08|S07~S10,S03>S04>S05>S11>S10>S09>S07>S02>S12>S01>S08>S06
rb_00d9726fe411fd371c1863,...KKK...KKK,S02~S08|S05~S11|S06~S07|S07~S10,S03>S09>S02>S08>S01>S06>S07>S12>S10>S05>S04>S11
rb_0150420eac09286fd7bd1f,KK.K..KKK...,S01~S02|S01~S08|S01~S11|S02~S11,S03>S12>S05>S10>S11>S01>S06>S08>S07>S02>S09>S04
rb_01fe8f4a95aa8217916d5c,KK..KKK..K..,S01~S02|S01~S07|S02~S04|S02~S07,S09>S11>S03>S12>S04>S08>S02>S01>S06>S07>S10>S05
rb_026717e1b04f54986e90fc,.K..K.KK.K.K,S01~S06|S04~S06|S05~S07|S06~S09,S04>S06>S11>S09>S01>S08>S03>S05>S12>S07>S02>S10
rb_02bdde26f55ce21f1c8273,.K.K...K.KKK,S01~S06|S01~S07|S01~S09|S06~S07,S05>S01>S06>S09>S07>S03>S02>S08>S10>S12>S04>S11
rb_02fae4902dd714cfda1b8c,.KK.K....KKK,S02~S03|S02~S05|S03~S05|S10~S11,S01>S07>S06>S08>S09>S04>S05>S12>S02>S03>S10>S11
rb_0395ba1f7c859e83093509,....KK.KKKK.,S01~S03|S05~S08|S08~S11|S08~S12,S01>S03>S07>S02>S04>S12>S08>S11>S05>S06>S10>S09
rb_04ab615a7bd2fa76b7f6c0,K..KK.KKK...,S01~S03|S04~S07|S04~S09|S07~S09,S06>S12>S02>S10>S11>S01>S03>S08>S05>S07>S04>S09
rb_04bfd0103b4989c0b3e777,.K....KKKK.K,S02~S06|S03~S05|S03~S06|S05~S06,S01>S05>S03>S06>S11>S04>S09>S02>S12>S08>S07>S10
rb_05a8420f7b06ba00845e52,K.KKK....K.K,S04~S10|S06~S07|S06~S08|S06~S11,S06>S11>S02>S08>S07>S09>S12>S03>S01>S04>S05>S10
rb_05d3571d199d5103a4dcaa,KKK....KK.K.,S04~S10|S04~S12|S05~S10|S07~S10,S07>S05>S10>S04>S06>S12>S08>S02>S09>S01>S03>S11
rb_05e829fb4745fc3b4053f0,K...K.K..KKK,S04~S09|S06~S10|S06~S11|S07~S10,S09>S02>S04>S08>S03>S11>S06>S01>S07>S10>S05>S12
rb_0627ccfa59541b92e55908,...KK..K.KKK,S03~S06|S03~S08|S06~S08|S07~S08,S02>S01>S06>S03>S07>S09>S04>S08>S11>S05>S12>S10
rb_0649427b36c1a90d2f9bc8,KK...KKKK...,S03~S05|S03~S12|S05~S12|S10~S12,S10>S12>S04>S05>S03>S11>S08>S09>S07>S02>S06>S01
rb_068b63b4b6fc5fcaebf69b,..K..KKKK..K,S02~S11|S05~S07|S06~S08|S10~S11,S02>S01>S11>S10>S04>S12>S07>S05>S09>S03>S06>S08
rb_077c71ee02a5da26f5a76c,.KK.K..K.KK.,S02~S03|S02~S05|S03~S08|S08~S10,S07>S09>S04>S01>S06>S12>S05>S02>S10>S11>S08>S03
rb_0838e82eb0812c4c8331c2,.K..KKKK...K,S01~S09|S01~S11|S09~S11|S10~S11,S01>S04>S09>S11>S10>S03>S07>S08>S12>S02>S05>S06
rb_08b00b473c78bb1cdc8027,.K..KKKK..K.,S01~S12|S02~S04|S02~S12|S04~S12,S01>S03>S04>S12>S09>S02>S10>S07>S11>S08>S05>S06
rb_08f4b1fcd3b62efa6272d5,KK.K.K...K.K,S01~S09|S03~S08|S03~S09|S08~S09,S07>S11>S08>S09>S03>S01>S05>S06>S10>S04>S02>S12
rb_091afc9df119efef976b1e,KK..KKK.K...,S02~S06|S02~S09|S06~S09|S08~S09,S11>S10>S12>S01>S08>S04>S03>S09>S07>S02>S06>S05
rb_0931332115502a0c824a3f,..KKKK...KK.,S01~S02|S01~S09|S01~S12|S09~S12,S01>S09>S02>S12>S08>S07>S10>S04>S11>S06>S03>S05
rb_09c38741f82d2724243155,..K.KKK.K..K,S01~S02|S01~S04|S02~S10|S10~S12,S01>S02>S04>S11>S08>S10>S09>S07>S03>S12>S05>S06
rb_0a2955ec21e76adf333ca1,...KKKK..KK.,S02~S08|S03~S09|S07~S10|S08~S12,S09>S03>S12>S08>S02>S01>S06>S04>S05>S11>S07>S10
rb_0a5bf893557c27f68ce07b,K....KK.KK.K,S01~S05|S02~S07|S02~S10|S05~S10,S11>S03>S04>S08>S05>S02>S09>S10>S01>S06>S07>S12
rb_0a858767cb99289cfd7e9f,K.K.K.KK...K,S03~S12|S06~S12|S09~S10|S10~S12,S04>S09>S10>S11>S02>S12>S06>S03>S08>S05>S01>S07
rb_0afadebeb1af2431e2e710,...KKKKK...K,S01~S03|S04~S08|S06~S08|S10~S11,S02>S09>S10>S11>S01>S03>S07>S12>S06>S08>S04>S05
rb_0b6a926a12f90e5d650566,...K.KK.K.KK,S02~S04|S02~S08|S04~S08|S04~S09,S01>S08>S10>S03>S02>S05>S04>S06>S11>S09>S12>S07
rb_0c98d249a224ec54cdc56f,..K.K.KKKK..,S04~S05|S05~S06|S05~S10|S06~S10,S11>S12>S01>S02>S06>S04>S10>S05>S07>S09>S03>S08
rb_0cad0a426db525a58cf468,..KK..KKKK..,S02~S06|S04~S10|S07~S08|S08~S09,S02>S06>S11>S01>S05>S12>S03>S07>S09>S08>S10>S04
rb_0d1319ad35d67e73cff978,.K...K.K.KKK,S02~S05|S02~S10|S05~S10|S09~S10,S03>S01>S07>S09>S04>S05>S10>S02>S12>S08>S06>S11
rb_0ddfcef0e9557358a09fcf,.KKKK..K...K,S02~S06|S02~S11|S06~S10|S06~S11,S09>S07>S11>S06>S01>S10>S02>S03>S05>S04>S12>S08
rb_0e226df5bda3e63ddb5e31,K.K..KK..KK.,S03~S04|S04~S07|S04~S12|S07~S12,S09>S08>S05>S04>S02>S12>S03>S07>S10>S11>S06>S01
rb_0e833e3905b27b3dc0db59,KKK.K.K....K,S02~S05|S02~S12|S04~S10|S08~S10,S09>S04>S11>S08>S10>S06>S01>S07>S05>S02>S12>S03
rb_0eaffd4b2dc1f88dfa74e7,.KK..KK.K.K.,S02~S03|S02~S04|S02~S09|S03~S09,S10>S05>S12>S01>S08>S04>S02>S03>S09>S07>S11>S06
rb_0f04dbf745a6a43cf2e272,K.K..K..K.KK,S01~S06|S01~S07|S06~S07|S06~S08,S05>S02>S10>S04>S08>S07>S01>S06>S12>S11>S03>S09
rb_0f0907d3498a447535d02f,.K..KK.K..KK,S01~S03|S02~S12|S03~S04|S03~S10,S01>S09>S03>S07>S04>S10>S12>S02>S05>S08>S11>S06
rb_0f1ed9d29eb23b2335a267,.KK..KKK...K,S02~S04|S02~S08|S02~S10|S04~S08,S09>S01>S11>S05>S04>S10>S02>S07>S08>S06>S03>S12
rb_0f3063c6114721d32e59ae,K.K.K..K.K.K,S01~S03|S03~S08|S04~S07|S07~S09,S09>S02>S11>S04>S07>S06>S12>S05>S03>S01>S08>S10
rb_0f5c2e7428a036b98be5e9,.KKK...K..KK,S05~S09|S06~S07|S06~S10|S07~S11,S10>S09>S05>S06>S01>S07>S11>S02>S03>S08>S12>S04
rb_1037d38a7c95cd114984df,KK..K.KK.K..,S03~S06|S03~S12|S06~S09|S06~S12,S04>S03>S12>S06>S09>S11>S02>S07>S05>S08>S01>S10
rb_103af1122d08e89d20bdc7,K...K.K.KK.K,S01~S09|S05~S09|S05~S10|S09~S12,S08>S02>S04>S03>S11>S06>S07>S01>S09>S12>S05>S10
rb_1041759295edc34db06cf8,K..KKKK...K.,S01~S02|S01~S12|S03~S10|S10~S12,S10>S03>S12>S08>S02>S09>S01>S07>S05>S06>S11>S04
rb_1095a1c976a169f62636a2,K.KK..K...KK,S01~S11|S04~S07|S06~S10|S11~S12,S08>S05>S06>S10>S09>S02>S04>S07>S01>S11>S12>S03
rb_10dd77d74d4bb49dc492d0,K.K....K.KKK,S01~S04|S01~S07|S01~S09|S04~S09,S05>S06>S04>S09>S02>S07>S01>S03>S08>S12>S10>S11
rb_10e02aef42a3195840f5d2,KK..K....KKK,S03~S04|S03~S09|S04~S09|S07~S09,S04>S03>S09>S07>S08>S06>S10>S12>S05>S01>S02>S11
rb_112e63473041cb9e867aae,K..KKK..KK..,S02~S03|S02~S12|S03~S12|S08~S11,S03>S12>S02>S08>S11>S07>S09>S06>S10>S05>S01>S04
rb_113c062f4baed57144a40d,KKK.....KK.K,S04~S05|S04~S08|S05~S08|S07~S08,S05>S04>S06>S11>S08>S07>S01>S03>S02>S09>S12>S10
rb_11beff6bc87cf05dde58b0,KK.KK..K.K..,S02~S04|S03~S09|S04~S05|S04~S10,S12>S09>S03>S11>S07>S01>S06>S08>S05>S10>S04>S02
rb_12a6ab7863188956a9651e,....K..KKKKK,S01~S02|S01~S03|S01~S09|S02~S03,S06>S07>S04>S03>S02>S01>S12>S09>S05>S10>S11>S08
rb_136a82206cb48069318a8b,.....KKKKK.K,S02~S04|S02~S06|S04~S09|S06~S10,S01>S03>S05>S11>S02>S04>S06>S07>S09>S10>S12>S08
rb_13913fb906189336478d3a,K...KKK.K.K.,S02~S04|S02~S08|S04~S08|S08~S11,S03>S10>S04>S08>S02>S12>S09>S11>S01>S06>S07>S05
rb_1406fbff9e93a2c6d823ad,..KK...KK.KK,S05~S09|S05~S12|S06~S09|S09~S12,S07>S06>S10>S02>S05>S01>S09>S12>S08>S11>S04>S03
rb_140785f32877cabef4fc6e,.KK...KK.K.K,S02~S11|S02~S12|S03~S11|S11~S12,S06>S01>S05>S09>S04>S11>S12>S03>S02>S10>S07>S08
rb_143ced9f70d1e3dab7acd4,.KK.....KKKK,S01~S07|S01~S08|S02~S09|S09~S12,S05>S01>S07>S04>S06>S08>S10>S02>S03>S12>S09>S11
rb_146b70955625f2ebf6c5d1,..KK..KK..KK,S01~S06|S02~S05|S04~S06|S04~S12,S02>S05>S09>S10>S01>S06>S04>S08>S03>S12>S11>S07
rb_1483de5bb6c9fd4e72b12f,K..K.KKK..K.,S02~S05|S02~S10|S03~S10|S05~S10,S03>S05>S10>S02>S12>S09>S06>S01>S08>S07>S04>S11
rb_14dac4831c4ff2426534ce,K.....KKK.KK,S01~S02|S01~S07|S01~S08|S07~S08,S05>S10>S06>S04>S02>S03>S01>S09>S12>S08>S07>S11
rb_16038d3dc18c30f22e1cdd,K.K..K..KK.K,S04~S07|S04~S08|S07~S08|S08~S10,S02>S11>S05>S07>S08>S04>S10>S03>S12>S01>S09>S06
rb_1665c0d1d59860ca75308b,KKK....KK..K,S05~S10|S06~S10|S07~S10|S10~S11,S06>S05>S10>S07>S11>S04>S01>S09>S12>S03>S02>S08
rb_16cea713b80f058a4be874,.K.K.KKK...K,S01~S02|S01~S08|S02~S08|S08~S11,S03>S05>S10>S09>S01>S11>S12>S07>S08>S04>S02>S06
rb_1720de7d07548b18866762,.KKK..KK..K.,S01~S06|S03~S06|S06~S09|S06~S10,S12>S01>S06>S09>S05>S10>S03>S07>S02>S04>S11>S08
rb_175704cc03c41f5c42ec4c,..K..K..KKKK,S01~S04|S01~S07|S01~S08|S04~S08,S01>S04>S08>S02>S07>S05>S10>S12>S03>S11>S09>S06
rb_177cc1cbee0648c87f1b4a,.KK...KKK.K.,S01~S05|S04~S12|S06~S12|S09~S11,S01>S05>S04>S10>S06>S12>S09>S11>S03>S02>S08>S07
rb_178ea76f041a249369f375,K..K...K.KKK,S04~S11|S07~S09|S07~S10|S09~S10,S06>S05>S03>S09>S02>S08>S07>S10>S12>S01>S04>S11
rb_1818d50866b059e71b76d5,K...KKK.KK..,S02~S11|S02~S12|S04~S12|S11~S12,S04>S12>S02>S11>S08>S03>S01>S10>S07>S05>S09>S06
rb_18256a237c0afe05161d80,K.K.K..K.KK.,S02~S04|S02~S12|S04~S09|S04~S12,S02>S04>S06>S12>S09>S07>S01>S11>S05>S08>S03>S10
rb_184ad3b10f96692b9be77d,KK..K.K..KK.,S03~S09|S03~S12|S08~S12|S09~S12,S08>S03>S09>S12>S06>S04>S05>S11>S02>S10>S07>S01
rb_184e1d5de3c3968e3cdb3c,...KKK.KK.K.,S05~S07|S05~S09|S07~S09|S07~S10,S02>S01>S07>S12>S03>S10>S05>S09>S04>S08>S06>S11
rb_18759cd8d83a7c99aea076,KK..KK..KK..,S02~S05|S02~S10|S06~S10|S10~S11,S03>S12>S08>S07>S11>S04>S09>S10>S06>S02>S05>S01
rb_18822710119b700ee27d7a,K.K.KK..KK..,S04~S12|S07~S11|S07~S12|S11~S12,S08>S04>S02>S12>S07>S11>S09>S10>S06>S05>S01>S03
rb_190948200ebaa00f2b7767,K..KK...K.KK,S02~S04|S02~S11|S04~S11|S11~S12,S07>S03>S06>S10>S08>S02>S09>S05>S04>S11>S12>S01
rb_191807642acbd8d95c00f3,..K.K...KKKK,S01~S06|S06~S07|S06~S08|S07~S08,S01>S04>S08>S02>S07>S06>S09>S05>S12>S10>S11>S03
rb_1a2fe740aedb475f965546,KK.KK..KK...,S06~S10|S07~S10|S10~S12|S11~S12,S07>S06>S10>S12>S11>S03>S08>S05>S09>S04>S01>S02
rb_1a96565e9967456228b6a6,K...KKKK.K..,S01~S07|S07~S08|S07~S10|S08~S10,S04>S02>S11>S03>S12>S09>S01>S06>S10>S07>S08>S05
rb_1aaba1fc52c0e27b0be5bd,KK....KK.K.K,S03~S05|S04~S06|S05~S06|S07~S12,S04>S09>S06>S03>S11>S05>S10>S07>S08>S02>S01>S12
rb_1aff92fcbb78d0b1a0454d,...KKK..KKK.,S03~S07|S05~S12|S08~S12|S09~S12,S02>S03>S07>S01>S08>S12>S05>S09>S10>S04>S06>S11
rb_1bacc0c7c0b874dc1ce329,..KK.K..KKK.,S02~S04|S02~S06|S02~S07|S02~S08,S05>S12>S01>S08>S07>S03>S02>S04>S06>S11>S09>S10
rb_1c3e21cf67b379bd65bf2f,....KK.KKKK.,S03~S11|S03~S12|S08~S12|S11~S12,S01>S07>S04>S03>S12>S11>S02>S08>S06>S05>S10>S09
rb_1d21f988aa5dee637275e7,..KK...KKKK.,S02~S06|S02~S12|S05~S06|S06~S12,S02>S06>S05>S12>S07>S01>S04>S11>S03>S08>S09>S10
rb_1d25a41eaa728dff86e78a,..K.KK...KKK,S03~S04|S04~S11|S10~S11|S11~S12,S07>S08>S01>S09>S02>S04>S12>S03>S05>S11>S10>S06
rb_1d26e82e9f544686205656,K...K..KK.KK,S01~S12|S03~S10|S05~S10|S09~S12,S06>S04>S03>S07>S02>S10>S05>S08>S11>S09>S12>S01
rb_1d48a336319d588274592b,.K.K..KKK..K,S01~S04|S04~S05|S04~S08|S05~S08,S11>S06>S10>S01>S03>S05>S12>S04>S08>S07>S09>S02
rb_1d8de54a6e5bf2d1e77193,KK.K.KK....K,S01~S02|S01~S06|S02~S06|S08~S10,S09>S10>S05>S03>S08>S11>S02>S01>S07>S06>S12>S04
rb_1e4fefca01960f219756dd,.K...K.KKKK.,S01~S03|S01~S04|S03~S04|S04~S12,S01>S04>S03>S12>S05>S07>S02>S10>S11>S09>S06>S08
rb_1e589ae4035aded84f3c65,KKK....K.KK.,S04~S06|S04~S07|S06~S07|S10~S11,S06>S07>S04>S09>S12>S05>S02>S03>S08>S01>S10>S11
rb_1e682dbd770e8c6bb9d9b3,....KKKK..KK,S01~S03|S03~S09|S03~S10|S05~S09,S02>S04>S03>S01>S10>S09>S06>S05>S07>S08>S11>S12
rb_1e88d19de25cc18c3c0a05,.K...KKKKK..,S03~S11|S07~S09|S07~S10|S09~S10,S12>S03>S04>S05>S11>S01>S06>S02>S10>S07>S09>S08
rb_1ebb2027e93d3a69685d0b,.KK.....KKKK,S06~S07|S06~S08|S07~S08|S08~S11,S07>S06>S08>S05>S04>S01>S11>S09>S10>S12>S03>S02
rb_1fe8261fff9bf708d5dfec,K.KK....KK.K,S04~S09|S04~S12|S09~S10|S09~S12,S05>S08>S02>S07>S06>S11>S10>S04>S01>S09>S12>S03
rb_1fe834f52312d1358cdea6,KK..K....KKK,S03~S07|S03~S08|S04~S06|S04~S09,S04>S09>S08>S06>S03>S07>S12>S11>S05>S02>S01>S10
rb_200337d35394fd4aaf5897,.KK.KK....KK,S02~S05|S02~S08|S02~S09|S05~S09,S01>S10>S07>S04>S08>S09>S03>S02>S12>S05>S06>S11
rb_2022124063b0fcc363391a,...KKKK.K.K.,S02~S03|S02~S08|S03~S08|S04~S06,S01>S12>S02>S10>S03>S08>S05>S09>S04>S06>S11>S07
rb_20e63f153c5e07514aefd6,.K.KK.K.K..K,S03~S08|S04~S07|S07~S11|S08~S10,S06>S10>S03>S08>S01>S11>S07>S04>S12>S09>S05>S02
rb_216349813d277307748a34,..KKK.K.K.K.,S01~S02|S01~S10|S02~S10|S09~S10,S02>S10>S01>S06>S08>S12>S09>S03>S04>S05>S07>S11
rb_21685d94b6ddcd517a4514,...K.KKKK.K.,S01~S12|S03~S06|S03~S10|S06~S10,S10>S02>S03>S12>S01>S05>S06>S08>S07>S04>S11>S09
rb_21c70cedc62a8c78295fed,..K..KK..KKK,S01~S02|S01~S05|S05~S11|S08~S11,S01>S02>S05>S09>S04>S08>S11>S12>S07>S03>S10>S06
rb_220456f658b782c4b02f33,..KK.K.KK..K,S04~S06|S04~S08|S04~S12|S06~S08,S05>S11>S02>S07>S01>S10>S03>S12>S04>S09>S08>S06
rb_22a040149fe8dd5c65bb4a,....KKK.KKK.,S02~S12|S06~S11|S06~S12|S11~S12,S04>S08>S02>S01>S12>S03>S06>S09>S11>S10>S05>S07
rb_2355c07e7c71986b51fbf8,KKK.....K.KK,S04~S07|S07~S08|S07~S09|S08~S09,S05>S07>S10>S06>S08>S04>S09>S02>S03>S11>S12>S01
rb_24040386e85ca63c1cefea,..KK.K..KKK.,S02~S05|S02~S08|S05~S08|S09~S10,S02>S05>S12>S08>S07>S01>S10>S06>S11>S04>S09>S03
rb_246a335f4ae0ad2f2396d3,....K.KKK.KK,S01~S06|S07~S11|S07~S12|S11~S12,S03>S01>S06>S10>S02>S04>S05>S07>S11>S09>S12>S08
rb_2534c4d4d4b1bd65bc8d13,..KKK.KKK...,S01~S02|S05~S07|S05~S09|S07~S09,S12>S06>S10>S02>S11>S01>S03>S04>S05>S07>S08>S09
rb_25bdf568c839a3bb5a476f,...KK..KKK.K,S03~S04|S03~S07|S04~S08|S07~S08,S01>S02>S03>S07>S06>S11>S04>S08>S05>S09>S12>S10
rb_25f56bed07ef97313866be,K...KK.K..KK,S03~S04|S03~S07|S03~S10|S04~S07,S04>S07>S03>S10>S09>S02>S08>S11>S12>S06>S05>S01
rb_26939f3fb8485a5d674019,K..K..KK..KK,S01~S06|S01~S08|S04~S08|S07~S08,S03>S02>S05>S10>S09>S06>S07>S01>S11>S08>S04>S12
rb_270dd6216430a300952d0d,.K..K.KK..KK,S04~S09|S06~S09|S06~S10|S09~S10,S03>S04>S01>S09>S06>S12>S10>S05>S07>S02>S08>S11
rb_27f07f7347bf75db149ff5,.K.K....KKKK,S02~S09|S02~S12|S09~S10|S09~S12,S08>S05>S06>S03>S07>S04>S01>S11>S02>S09>S12>S10
rb_281793a17bf72a19cb8c6c,K.K.KKK..K..,S08~S09|S08~S12|S09~S11|S09~S12,S08>S02>S09>S12>S04>S11>S03>S07>S10>S05>S01>S06
rb_28d52e031029bcc98cd835,KK..K.K..K.K,S04~S06|S04~S08|S04~S09|S06~S09,S06>S04>S09>S08>S03>S11>S07>S02>S12>S10>S05>S01
rb_28dc89afc5e42aeb7615e8,K.K.....KKKK,S03~S09|S03~S11|S03~S12|S04~S08,S02>S05>S08>S04>S07>S06>S10>S01>S09>S12>S03>S11
rb_295796cac25a5c72fb227d,K.....K.KKKK,S02~S03|S02~S04|S02~S08|S04~S08,S05>S08>S03>S04>S02>S06>S10>S11>S01>S12>S07>S09
rb_2969a6bae7c0134fc4023d,K....KKK.KK.,S02~S03|S02~S10|S03~S10|S08~S09,S12>S05>S04>S02>S03>S09>S08>S10>S11>S07>S01>S06
rb_2b2923c7ba726fe9dc0d09,..KK.K.KKK..,S06~S08|S06~S10|S06~S11|S08~S10,S11>S12>S01>S05>S02>S07>S06>S10>S08>S09>S04>S03
rb_2bd9c367a004db5d906426,.K...KK.KKK.,S02~S06|S02~S07|S06~S07|S09~S11,S08>S12>S04>S01>S03>S05>S10>S06>S02>S07>S11>S09
rb_2c597cf8d8718b8f84682c,.KKKKKK.....,S01~S08|S08~S10|S08~S11|S10~S11,S08>S01>S11>S10>S09>S12>S02>S04>S07>S03>S06>S05
rb_2c814acf6b079af819654f,.K..KK...KKK,S01~S04|S01~S07|S01~S10|S03~S09,S03>S09>S07>S08>S01>S04>S10>S12>S06>S02>S11>S05
rb_2ca3a40d3bc7aff7296f8a,.K..K.K..KKK,S01~S06|S06~S07|S06~S08|S07~S08,S09>S03>S04>S01>S06>S08>S11>S07>S05>S10>S12>S02
rb_2d59f95a32046290ec4724,..K.K..KKKK.,S05~S08|S05~S09|S06~S09|S08~S09,S12>S02>S07>S04>S06>S01>S05>S09>S08>S03>S11>S10
rb_2d87b109bf00cd9653e591,..K...KKKK.K,S01~S05|S01~S06|S05~S06|S06~S11,S01>S05>S06>S02>S11>S04>S08>S12>S07>S03>S10>S09
rb_2d99782127d79bf2274289,.K.KK.K.KK..,S02~S07|S04~S09|S07~S10|S09~S10,S06>S03>S08>S01>S11>S12>S04>S05>S09>S10>S07>S02
rb_2da85b3590e921785900be,K..KKKK.K...,S04~S05|S04~S06|S04~S07|S06~S07,S08>S10>S03>S12>S02>S01>S11>S09>S06>S07>S04>S05
rb_2dc5986571e492da78517f,..KK.KK..KK.,S01~S02|S03~S04|S03~S07|S04~S07,S01>S02>S09>S05>S08>S12>S04>S03>S07>S11>S06>S10
rb_2ddc9773ebcfceb5aca025,.K.....KKKKK,S01~S05|S01~S07|S05~S07|S06~S07,S04>S03>S07>S06>S01>S05>S08>S12>S09>S02>S11>S10
rb_2e97305304063ed85e8ccc,K.KK....KK.K,S02~S08|S02~S09|S06~S08|S08~S09,S05>S04>S07>S06>S02>S08>S11>S09>S12>S10>S03>S01
rb_2ec065a0665ce38d1658ee,KK.K..K..K.K,S05~S08|S05~S09|S08~S09|S08~S10,S05>S09>S08>S11>S03>S06>S04>S10>S02>S01>S12>S07
rb_2ecfdfd9d3c13a592ecd43,.KKK..K.K..K,S06~S08|S06~S10|S06~S12|S10~S12,S05>S11>S08>S06>S01>S10>S09>S12>S02>S07>S03>S04
rb_2f36dca2d75d669d6858e7,KK.KK...K..K,S03~S10|S04~S12|S06~S08|S08~S12,S10>S03>S11>S07>S06>S08>S04>S05>S12>S02>S01>S09
rb_2fb87b3a35c74210c7ecf1,KK.KK....KK.,S03~S07|S06~S08|S07~S09|S08~S09,S03>S07>S09>S06>S08>S12>S05>S11>S10>S02>S01>S04
rb_305cfdd98ff5b6451e053c,.K.KKK...K.K,S03~S07|S03~S09|S07~S09|S08~S09,S11>S01>S08>S07>S03>S09>S05>S12>S10>S02>S04>S06
rb_30626bbe196ff398ebe43c,KKK....KK.K.,S02~S03|S03~S11|S08~S09|S09~S11,S07>S05>S10>S06>S04>S01>S12>S09>S08>S11>S02>S03
rb_3085eac509a8d49a937c87,.KK..KK.K.K.,S05~S09|S05~S12|S08~S12|S09~S12,S04>S10>S08>S12>S05>S01>S09>S06>S03>S07>S11>S02
rb_308deef2a405e16c15b932,..KK.K.K.KK.,S02~S04|S02~S07|S02~S10|S04~S10,S01>S05>S12>S02>S07>S04>S09>S10>S06>S11>S03>S08
rb_30e20d22fb7213c59b95df,K.K.K..KK.K.,S02~S05|S03~S05|S03~S08|S05~S11,S04>S06>S07>S10>S02>S12>S11>S05>S03>S08>S09>S01
rb_30f289f0e94113025bfc4f,.K.K.K.KKK..,S01~S04|S01~S06|S02~S06|S02~S09,S05>S12>S11>S01>S07>S02>S04>S03>S06>S09>S08>S10
rb_31168965da4848caa1d6ce,K..K.K.K.KK.,S01~S06|S01~S10|S06~S10|S10~S12,S02>S07>S03>S09>S05>S10>S12>S01>S06>S11>S04>S08
rb_31a2cafb13c23adf8d1172,.K..K..KKK.K,S02~S05|S02~S10|S03~S07|S04~S09,S11>S07>S03>S01>S06>S04>S09>S12>S08>S05>S10>S02
rb_31c721e74c4901220b6392,...K..KKK.KK,S03~S04|S03~S07|S04~S07|S09~S11,S06>S01>S02>S05>S10>S03>S04>S07>S09>S11>S08>S12
rb_31cfa78f57c702943f2e74,..K.K...KKKK,S05~S10|S09~S12|S10~S11|S10~S12,S02>S06>S01>S04>S07>S08>S03>S05>S10>S11>S12>S09
rb_31f97045c63e934bbda164,KK.KK...K.K.,S01~S05|S02~S09|S07~S12|S09~S11,S06>S08>S03>S10>S12>S07>S11>S04>S02>S09>S05>S01
rb_3212609a1f9186db8b5e8f,KK...KKK.K..,S01~S11|S04~S11|S07~S11|S08~S11,S05>S12>S09>S04>S03>S11>S01>S08>S10>S07>S06>S02
rb_3258e86010223ab0ecfd3d,K...KKKK..K.,S01~S06|S04~S10|S04~S12|S10~S12,S09>S10>S02>S04>S12>S03>S05>S11>S08>S01>S06>S07
rb_32c33c56ffc63940054afe,..KK..K..KKK,S02~S06|S03~S05|S03~S11|S06~S09,S02>S06>S08>S05>S09>S01>S03>S11>S12>S04>S07>S10
rb_32fd0ed29253394851fb57,KK...K..KK.K,S02~S04|S04~S08|S04~S09|S08~S09,S03>S05>S11>S08>S04>S07>S02>S09>S12>S06>S10>S01
rb_332af035f373cef0999d9b,K..K.KK..KK.,S05~S06|S05~S11|S06~S07|S06~S11,S02>S09>S03>S08>S12>S05>S11>S10>S06>S07>S01>S04
rb_33eabefef9c7bb6b98654b,KK..K..K.KK.,S03~S06|S06~S09|S06~S12|S09~S12,S03>S04>S12>S06>S09>S07>S02>S08>S01>S10>S05>S11
rb_33f16751841e9b4a4fb603,.KKK.....KKK,S01~S02|S06~S08|S07~S09|S08~S09,S09>S07>S08>S05>S06>S01>S02>S11>S12>S03>S10>S04
rb_34781867d9d1927f937d60,..K.KK.K.KK.,S02~S09|S08~S09|S08~S10|S09~S10,S07>S12>S01>S02>S04>S09>S10>S08>S03>S06>S05>S11
rb_347bfff6ab2637ebc1bb01,KK.K..K..K.K,S01~S12|S07~S12|S10~S12|S11~S12,S06>S03>S09>S11>S05>S08>S02>S12>S01>S04>S07>S10
rb_34a0c7c85d11c0ac092845,KKK...K..KK.,S04~S12|S05~S06|S05~S09|S06~S12,S04>S06>S12>S08>S05>S10>S09>S07>S02>S11>S01>S03
rb_34a0e151a942838961a23b,..K.KKKK.K..,S01~S04|S02~S04|S02~S09|S04~S09,S02>S09>S04>S01>S12>S11>S10>S08>S07>S05>S03>S06
rb_34f437f3432e8ce88d62b6,K.KK.K.K..K.,S01~S03|S01~S06|S02~S10|S03~S08,S07>S09>S02>S10>S05>S12>S11>S04>S08>S03>S01>S06
rb_35371809f14288cde5d1cb,KK.K.....KKK,S01~S09|S02~S04|S02~S10|S04~S10,S03>S08>S05>S07>S09>S06>S01>S02>S10>S04>S12>S11
rb_3574b2747f196ab3d163b8,....KKKK.K.K,S02~S03|S03~S09|S03~S11|S09~S11,S09>S04>S03>S11>S01>S02>S08>S05>S07>S10>S12>S06
rb_35d61f16c5aa8d41d4b6b8,..KKK.K...KK,S01~S10|S02~S03|S03~S06|S08~S10,S09>S02>S06>S08>S01>S03>S10>S05>S12>S11>S07>S04
rb_35da46a26108d5bdadd9ca,K..K..K.KKK.,S02~S08|S03~S08|S03~S12|S05~S06,S06>S08>S02>S03>S12>S05>S09>S07>S01>S04>S10>S11
rb_366092080a30e729d686f9,..KK..K.KK.K,S01~S02|S01~S08|S02~S08|S05~S08,S06>S11>S02>S01>S05>S08>S12>S07>S09>S03>S10>S04
rb_368f2ee15ea1dc487c7ae2,K..K.K...KKK,S05~S07|S05~S09|S05~S10|S07~S09,S09>S07>S05>S02>S08>S03>S10>S11>S01>S12>S06>S04
rb_371f62998a51b31e4da8a0,.KKKK....K.K,S02~S05|S02~S10|S05~S10|S06~S08,S07>S11>S06>S08>S01>S09>S12>S10>S02>S05>S04>S03
rb_37ec689ed8fe2e94717583,.KK.KK.K...K,S01~S07|S03~S05|S04~S11|S05~S06,S01>S07>S09>S04>S11>S10>S08>S02>S12>S03>S05>S06
rb_381f63236e58834f43bae3,..K.K..KKK.K,S04~S06|S04~S07|S04~S11|S06~S11,S06>S11>S04>S07>S02>S01>S12>S09>S03>S08>S05>S10
rb_385f1148d6811ceefa5e52,K...K.KK..KK,S01~S08|S02~S04|S02~S06|S06~S10,S04>S10>S06>S02>S03>S01>S09>S08>S11>S07>S05>S12
rb_393e69e59d8f3f55064c39,K..KK...K.KK,S03~S06|S03~S08|S06~S07|S07~S11,S06>S03>S02>S07>S10>S08>S11>S09>S04>S12>S01>S05
rb_399dfc2278d0a88da88fde,....KK..KKKK,S03~S07|S05~S07|S05~S09|S07~S09,S02>S01>S08>S03>S04>S07>S10>S09>S05>S11>S12>S06
rb_3a9afd839879daf6797f05,...KK..KKK.K,S01~S11|S03~S07|S03~S11|S07~S11,S02>S07>S03>S09>S01>S11>S06>S04>S10>S12>S08>S05
rb_3abf2ee888c0c2a951b9ca,KKK...K...KK,S04~S05|S04~S09|S04~S10|S09~S10,S09>S04>S05>S10>S06>S08>S07>S12>S01>S03>S11>S02
rb_3ad64c5dd6ddb38a4b64c2,.....KKKK.KK,S01~S03|S01~S06|S06~S11|S07~S11,S02>S10>S04>S03>S05>S01>S07>S11>S06>S08>S09>S12
rb_3b62345e8f5bf9a9378be8,K...KK.K.KK.,S02~S07|S02~S09|S04~S07|S07~S12,S12>S03>S04>S07>S02>S09>S11>S08>S06>S01>S05>S10
rb_3bcf98ebaa0c28feacca70,.....KKK.KKK,S01~S02|S01~S03|S02~S09|S05~S09,S03>S01>S02>S09>S05>S04>S06>S08>S11>S12>S10>S07
rb_3bd34e142e0cfc7f4ef5b5,...K..KKK.KK,S02~S10|S03~S05|S05~S10|S06~S10,S02>S03>S10>S05>S06>S01>S12>S08>S11>S07>S09>S04
rb_3cf04eae881041351129cf,..KKK..KK..K,S01~S02|S01~S10|S02~S11|S06~S11,S01>S06>S10>S02>S11>S07>S12>S03>S08>S04>S05>S09
rb_3d194d49c2e51f01f9599b,KKKK.K..K...,S01~S12|S02~S03|S08~S12|S10~S12,S07>S10>S11>S12>S08>S05>S01>S09>S04>S06>S02>S03
rb_3d609d5b34c93fd0cb3adc,.K..KKKKK...,S03~S12|S07~S09|S08~S09|S10~S12,S01>S10>S03>S04>S11>S12>S08>S02>S06>S07>S09>S05
rb_3e34cbb75417b44fb0851f,K....KK.K.KK,S02~S04|S02~S05|S02~S10|S04~S05,S04>S02>S03>S10>S05>S08>S12>S11>S09>S01>S07>S06
rb_3e65e4684658f621e813a4,..KKKKK.K...,S02~S10|S02~S11|S08~S12|S10~S11,S02>S10>S11>S08>S12>S01>S06>S03>S09>S05>S07>S04
rb_3e79a72799198cd1833cfb,K.KKK....K.K,S01~S04|S01~S10|S04~S10|S10~S12,S02>S11>S07>S08>S09>S06>S04>S01>S10>S03>S05>S12
rb_3e7d2d102b8b109584f312,KKKK....K.K.,S02~S03|S02~S04|S02~S11|S03~S11,S12>S10>S06>S05>S07>S08>S04>S01>S02>S03>S11>S09
rb_3edafff96e75bc8d52427f,..KK.K..K.KK,S02~S08|S02~S11|S07~S08|S07~S11,S10>S02>S05>S01>S08>S07>S11>S06>S04>S09>S12>S03
rb_3f2f4b189f27151bd61fe5,K..K.KKKK...,S02~S05|S02~S12|S03~S11|S05~S12,S03>S11>S05>S02>S10>S12>S01>S04>S08>S06>S09>S07
rb_3f82f3d2cf795d5543a543,...KKK.KK.K.,S01~S03|S03~S05|S03~S09|S05~S09,S01>S12>S10>S02>S03>S07>S05>S09>S04>S06>S11>S08
rb_3ff01c11c6d8ba1deb95ae,...K.KKK.K.K,S01~S02|S01~S06|S01~S09|S06~S09,S01>S11>S02>S03>S09>S05>S04>S10>S06>S12>S07>S08
rb_4089619e771c4a5f06947d,KKK...K.K.K.,S01~S03|S01~S07|S03~S07|S03~S11,S04>S08>S06>S10>S05>S12>S11>S02>S09>S03>S07>S01
rb_418bde7238032427dbc72f,.KK.K.K.K.K.,S04~S07|S04~S10|S04~S12|S10~S12,S06>S08>S04>S12>S01>S10>S11>S07>S02>S09>S05>S03
rb_419d64fcce0471fc248422,...KKK..KKK.,S03~S07|S03~S11|S04~S10|S10~S11,S02>S01>S08>S07>S03>S12>S11>S10>S04>S06>S09>S05
rb_41b4055ba366b137f7a30f,..KK.K..K.KK,S03~S12|S04~S09|S06~S11|S09~S11,S02>S10>S07>S05>S01>S08>S11>S03>S12>S06>S09>S04
rb_42301ead027dfa420167b9,.K.K.KK...KK,S01~S03|S03~S06|S03~S10|S06~S10,S09>S05>S08>S10>S01>S03>S11>S04>S06>S12>S07>S02
rb_42bf3a9d188561778d5fdc,KK.KK....KK.,S06~S07|S07~S09|S07~S10|S08~S12,S09>S12>S08>S06>S03>S07>S10>S04>S11>S05>S02>S01
rb_42ea587669098cecd6734e,.KKKK.KK....,S05~S07|S05~S08|S05~S09|S07~S08,S01>S12>S09>S06>S11>S10>S07>S05>S08>S03>S04>S02
rb_43c9a777245c96a32daea0,...K..KKKKK.,S03~S05|S03~S10|S04~S10|S05~S10,S02>S03>S12>S01>S06>S07>S05>S04>S10>S08>S11>S09
rb_43e849b418bea62cec9364,.K.K.K...KKK,S01~S08|S04~S12|S05~S12|S06~S12,S08>S01>S07>S09>S05>S03>S06>S10>S12>S04>S02>S11
rb_454cf4c181aff32b03d474,K..KK.K..K.K,S04~S12|S07~S10|S07~S12|S11~S12,S09>S03>S06>S11>S02>S08>S05>S04>S12>S07>S01>S10
rb_460340c18de055fea9434e,...KK.KK.KK.,S05~S07|S05~S11|S07~S11|S10~S11,S09>S01>S12>S03>S06>S02>S04>S08>S07>S10>S11>S05
rb_463360afd2a8b3b67e8299,K...KK.KK..K,S01~S02|S01~S06|S02~S10|S08~S09,S04>S07>S11>S03>S02>S10>S01>S12>S06>S05>S09>S08
rb_46c72e7031a0a42a495a7f,...KK.K..KKK,S02~S04|S02~S09|S02~S10|S04~S10,S06>S01>S03>S08>S02>S09>S10>S04>S07>S05>S12>S11
rb_46e0ceda31207dade2b87c,K....KK..KKK,S02~S03|S02~S04|S02~S05|S04~S05,S09>S03>S02>S04>S08>S05>S11>S12>S06>S10>S01>S07
rb_47f90513bdba4de8728f3b,.K.K..KK.K.K,S02~S07|S02~S10|S06~S09|S08~S10,S01>S03>S11>S06>S09>S05>S10>S02>S08>S07>S04>S12
rb_48a28a4617c1aee3ba6d03,.KK.KK....KK,S04~S07|S07~S09|S07~S10|S09~S10,S04>S07>S08>S09>S01>S03>S10>S05>S02>S12>S06>S11
rb_48a4e0025bc3ee4bed3980,K.KK..K..KK.,S01~S03|S01~S10|S03~S10|S08~S12,S05>S09>S08>S12>S02>S06>S01>S11>S10>S03>S04>S07
rb_48d8ad28f1be67321781c9,K.KK.K.K..K.,S04~S07|S04~S09|S04~S11|S07~S11,S12>S05>S10>S02>S09>S07>S11>S04>S01>S06>S03>S08
rb_494f3cd9df0dbc1ac5e5dd,..K.KKK..K.K,S01~S04|S01~S08|S04~S08|S08~S12,S04>S01>S08>S02>S09>S11>S03>S12>S10>S05>S06>S07
rb_4a116e88f436321dbf2900,...KKKKK..K.,S02~S11|S03~S09|S06~S11|S08~S11,S01>S10>S03>S12>S09>S02>S11>S08>S06>S05>S07>S04
rb_4a21f4db14cce0d7b9442e,.K.KK..K.K.K,S02~S03|S02~S10|S03~S06|S03~S07,S06>S11>S09>S01>S03>S07>S02>S05>S10>S12>S08>S04
rb_4b01c0b0a2f3f736d32e79,.KK.K.K...KK,S01~S03|S01~S05|S03~S05|S03~S07,S04>S06>S10>S09>S08>S01>S11>S05>S03>S12>S07>S02
rb_4c3c935796a35d8e4529cf,...K..KKKK.K,S01~S08|S04~S12|S07~S08|S08~S09,S02>S06>S05>S11>S03>S01>S07>S08>S10>S09>S12>S04
rb_4cd3491d42e7bb4fe9fedc,.KK.....KKKK,S01~S04|S04~S07|S04~S08|S07~S08,S01>S04>S05>S08>S07>S06>S11>S02>S10>S12>S09>S03
rb_4cd83a52124f3dcf734e8e,K..K..KKK.K.,S02~S06|S03~S06|S06~S12|S10~S12,S06>S03>S02>S12>S10>S05>S08>S04>S01>S09>S11>S07
rb_4d52da91a2773b37490238,....KKK.K.KK,S01~S04|S02~S11|S03~S04|S03~S08,S01>S04>S03>S08>S10>S02>S12>S11>S07>S05>S09>S06
rb_4dbe8cf6a1d40efd3a7757,K....KK.KKK.,S02~S11|S05~S07|S05~S11|S07~S11,S03>S04>S12>S08>S02>S05>S11>S07>S10>S01>S09>S06
rb_4df671d7c7835ee63aaafb,K.KK.K....KK,S04~S08|S05~S08|S05~S10|S08~S09,S02>S10>S05>S09>S08>S07>S04>S06>S03>S11>S01>S12
rb_4e511df8d4f95ea161c47b,K.K.K...K.KK,S04~S07|S04~S10|S07~S12|S10~S12,S06>S04>S10>S08>S02>S07>S12>S05>S11>S03>S01>S09
rb_4ed55913db5bbad7c77383,.K...K..KKKK,S03~S04|S04~S05|S04~S07|S05~S07,S03>S04>S05>S01>S07>S02>S08>S09>S10>S12>S11>S06
rb_4f0d5af674c16e0a1b4cbe,K.KKK..K...K,S05~S07|S05~S09|S07~S09|S09~S10,S06>S10>S02>S07>S11>S09>S05>S03>S12>S04>S08>S01
rb_4f1f68660ca0b8109e7af3,..KKK.K..KK.,S02~S04|S02~S08|S04~S12|S09~S11,S08>S02>S06>S01>S09>S12>S04>S03>S05>S11>S10>S07
rb_4f49dc8b5e24c666179f5f,..KK.KK.K..K,S01~S04|S03~S04|S03~S07|S03~S12,S02>S11>S10>S05>S08>S09>S01>S04>S03>S07>S12>S06
rb_4faa5ff79d6ff07b778ba3,.K.....KKKKK,S03~S04|S04~S06|S06~S07|S10~S12,S01>S03>S04>S07>S06>S05>S02>S08>S10>S12>S11>S09
rb_4fb7cfa231dedc0da5b82e,....K.KK.KKK,S07~S08|S07~S09|S07~S11|S08~S11,S03>S01>S06>S04>S09>S02>S12>S08>S07>S11>S10>S05
rb_4fc179967b294d4301bfe6,KK.K.K..KK..,S05~S07|S05~S11|S07~S11|S11~S12,S07>S03>S12>S05>S08>S11>S04>S02>S01>S06>S10>S09
rb_518bfb2c60afc442a396d2,K..K...K.KKK,S01~S08|S05~S07|S07~S10|S08~S10,S02>S03>S06>S09>S05>S07>S10>S01>S08>S11>S12>S04
rb_5198026f03a3dd6311e76b,.....KKKKK.K,S05~S09|S06~S07|S06~S08|S08~S10,S04>S03>S11>S01>S02>S09>S05>S12>S08>S10>S06>S07
rb_51ab6e58c16f0412679876,K......KKKKK,S01~S05|S01~S12|S05~S12|S06~S12,S07>S04>S03>S06>S02>S05>S01>S12>S10>S08>S09>S11
rb_51e530e1ffff0e2693d03d,KKK..KK....K,S01~S03|S01~S12|S02~S03|S03~S12,S08>S05>S09>S04>S10>S11>S07>S03>S01>S02>S12>S06
rb_5251d67bd14e3b2dfe992a,KKKK......KK,S03~S06|S05~S06|S05~S07|S06~S07,S10>S09>S05>S08>S06>S07>S01>S03>S12>S11>S04>S02
rb_52a4f69f62af7dd9aa905a,..KK....KKKK,S01~S07|S03~S11|S04~S11|S11~S12,S02>S01>S05>S06>S07>S08>S10>S12>S03>S11>S04>S09
rb_52a6feb5f819fa28ea6c7b,.K...K.K.KKK,S03~S06|S03~S10|S03~S12|S10~S12,S07>S04>S05>S09>S01>S03>S11>S06>S10>S08>S12>S02
rb_52d487bec283d5ea7f0f71,KK....KKK.K.,S03~S06|S03~S12|S04~S05|S05~S12,S06>S04>S12>S05>S03>S10>S02>S09>S08>S11>S07>S01
rb_52ead30aff13dad8575a6d,KK..K...KK.K,S03~S04|S03~S07|S04~S08|S07~S08,S07>S08>S03>S04>S06>S11>S02>S09>S12>S10>S05>S01
rb_53cd9294001d08ecdcd120,..K..KKK.K.K,S01~S06|S06~S08|S06~S12|S08~S12,S05>S11>S04>S01>S02>S09>S12>S10>S07>S06>S03>S08
rb_53d55e81381336d554c9af,KKK.K.K..K..,S02~S03|S02~S07|S04~S06|S05~S10,S12>S08>S09>S04>S11>S06>S07>S03>S02>S05>S01>S10
rb_5456703f981a06760cd36e,.KK....KK.KK,S02~S03|S08~S09|S08~S12|S09~S12,S06>S05>S01>S04>S07>S10>S03>S02>S08>S12>S09>S11
rb_55da970fb3d4bd0d25b8f6,..KKK.K.K.K.,S05~S06|S05~S08|S05~S10|S08~S10,S01>S12>S02>S10>S06>S05>S08>S09>S03>S04>S07>S11
rb_55dea691c76d529eb3c1ed,..K.K.KK.K.K,S02~S11|S03~S08|S03~S12|S08~S12,S02>S04>S01>S06>S11>S09>S12>S03>S08>S05>S07>S10
rb_55ef7229ebb675bfe87dbe,.K...KKK.K.K,S02~S03|S02~S12|S03~S08|S07~S08,S01>S04>S09>S11>S05>S03>S07>S08>S02>S12>S06>S10
rb_5649627297eac4ca3df1d6,...K.KKKK..K,S01~S05|S04~S05|S04~S07|S05~S07,S10>S11>S02>S01>S03>S05>S07>S04>S09>S12>S06>S08
rb_565e1eda279ae1845683a8,KK...K.K..KK,S02~S04|S02~S06|S02~S11|S04~S11,S07>S03>S10>S05>S04>S09>S08>S12>S02>S11>S06>S01
rb_569d056b407761a9c28e51,..K...KKK.KK,S03~S08|S06~S10|S06~S12|S07~S12,S01>S02>S05>S04>S06>S12>S10>S11>S07>S09>S08>S03
rb_56d5cf9f866c06943efd66,K....KK..KKK,S02~S05|S03~S08|S05~S11|S11~S12,S08>S03>S04>S02>S05>S09>S11>S12>S01>S10>S06>S07
rb_573aeee8db92f1ddddfe64,K..K...KKK.K,S02~S03|S02~S05|S03~S05|S07~S08,S03>S02>S05>S11>S06>S04>S07>S08>S09>S01>S12>S10
rb_5741497398d57caf6a6263,.K.K...KK.KK,S03~S05|S03~S10|S05~S10|S09~S12,S03>S01>S05>S10>S06>S07>S02>S04>S12>S09>S11>S08
rb_57648e8a0f222c09959919,..K.K..K.KKK,S01~S02|S01~S08|S02~S08|S05~S08,S09>S04>S06>S02>S01>S07>S03>S08>S05>S10>S12>S11
rb_57a01440078cbabd65b0a4,K.KK.KK...K.,S03~S07|S05~S08|S07~S11|S09~S10,S05>S08>S02>S12>S10>S09>S06>S04>S01>S11>S07>S03
rb_57ce53af46f7dbf54f14cd,.K.K.K..KKK.,S05~S08|S05~S09|S05~S10|S09~S10,S12>S01>S08>S03>S07>S05>S10>S11>S09>S02>S06>S04
rb_589cce98c2741e7a45e9e6,...KK.K.KK.K,S03~S08|S03~S12|S06~S08|S08~S12,S01>S08>S02>S06>S03>S11>S12>S05>S10>S09>S04>S07
rb_591385f166939d8e32e8d5,...K.KKK..KK,S03~S07|S07~S08|S08~S12|S11~S12,S10>S02>S05>S09>S03>S01>S07>S08>S04>S06>S11>S12
rb_591cfe4720bf7d115e099e,.K.KK.K.K..K,S01~S03|S02~S05|S02~S07|S03~S06,S08>S11>S01>S10>S03>S06>S12>S05>S02>S04>S09>S07
rb_59cf03100ff847b20487c9,KK.K..KK.K..,S05~S07|S05~S12|S07~S12|S10~S12,S11>S03>S06>S05>S09>S12>S10>S07>S01>S08>S04>S02
rb_59fb7ed92e8f934bfaa3e1,K..KKKK....K,S01~S08|S01~S12|S08~S11|S11~S12,S02>S09>S08>S03>S10>S11>S01>S12>S05>S06>S07>S04
rb_5a9eaf487e598e5fa17f22,K..K.KKK.K..,S01~S08|S01~S09|S01~S11|S09~S11,S05>S03>S12>S02>S09>S11>S01>S06>S08>S07>S10>S04
rb_5b0c4037c08fe85e2b8b76,K..KK.KK...K,S02~S07|S02~S08|S02~S12|S08~S12,S06>S03>S09>S02>S10>S11>S07>S05>S08>S12>S01>S04
rb_5c52463fdf140abd77a19e,..KK.KKK..K.,S02~S04|S02~S09|S04~S09|S04~S12,S05>S09>S02>S10>S01>S04>S12>S08>S11>S03>S06>S07
rb_5cfa6782af3689ff4b6673,..K.K.KKKK..,S04~S06|S04~S07|S07~S09|S08~S09,S12>S02>S01>S06>S11>S04>S05>S10>S07>S03>S09>S08
rb_5d81408e464230e04eadea,KK.K....K.KK,S02~S09|S03~S04|S03~S12|S04~S12,S05>S10>S08>S07>S06>S03>S12>S04>S11>S02>S09>S01
rb_5d975550e01b38748fc78c,...K.KK.KK.K,S01~S11|S04~S06|S06~S09|S06~S10,S05>S01>S11>S08>S02>S03>S10>S04>S06>S09>S07>S12
rb_5daaa085a8d1013c39b4c7,K.K.K.K.K.K.,S03~S07|S03~S08|S03~S09|S07~S09,S10>S02>S06>S12>S04>S08>S03>S11>S07>S05>S09>S01
rb_5f4c8cb0c8be7c363ed56e,..K.KK.K.KK.,S02~S07|S04~S07|S04~S09|S04~S12,S04>S02>S07>S09>S01>S12>S03>S08>S06>S05>S10>S11
rb_5f5be10051b537349ed419,..K.KKK...KK,S02~S07|S05~S07|S05~S11|S07~S11,S01>S08>S09>S02>S04>S10>S03>S07>S11>S05>S12>S06
rb_5f6f51a6e1e169113beed3,K...KK.K..KK,S04~S07|S04~S10|S04~S12|S10~S12,S02>S09>S03>S07>S10>S04>S12>S05>S11>S08>S01>S06
rb_5fc302963cf6ec6c4adf9d,...KK..KKKK.,S01~S02|S01~S07|S02~S07|S05~S06,S01>S02>S07>S12>S03>S06>S05>S04>S10>S09>S08>S11
rb_5fe1a8b53aaabdbd478d19,.K..K.K.K.KK,S01~S04|S01~S10|S04~S08|S04~S10,S06>S04>S08>S01>S10>S03>S09>S12>S07>S11>S02>S05
rb_614b31f9323ff9abc09775,..KKKK...K.K,S02~S10|S05~S09|S09~S10|S10~S11,S02>S01>S08>S11>S09>S07>S06>S10>S05>S04>S03>S12
rb_616ca79ce1d49671901839,...KK.KK.KK.,S07~S11|S08~S10|S08~S11|S10~S11,S02>S09>S06>S12>S03>S01>S04>S05>S08>S10>S07>S11
rb_622304ed1d75387e3f2891,KKKK......KK,S02~S06|S02~S07|S05~S06|S06~S07,S05>S10>S08>S09>S06>S02>S07>S11>S12>S03>S01>S04
rb_6249952a7b799e741e1436,...KK.K.KK.K,S01~S03|S01~S06|S01~S10|S03~S10,S06>S08>S02>S03>S01>S10>S04>S11>S09>S07>S05>S12
rb_6273c50d03ef338c3c6842,K..K..K.K.KK,S01~S11|S01~S12|S07~S11|S11~S12,S08>S06>S02>S03>S10>S05>S04>S07>S11>S01>S12>S09
rb_62beb4b65d2c9b12bbbb94,.....KK.KKKK,S02~S05|S03~S04|S03~S05|S04~S05,S05>S02>S04>S03>S08>S01>S07>S06>S12>S11>S09>S10
rb_631a32fca803298f1af811,..KK.KK.K.K.,S07~S08|S07~S09|S08~S09|S08~S12,S05>S02>S01>S10>S08>S12>S09>S07>S06>S11>S03>S04
rb_64c9901f2b2c3f9c0a5bcb,K...KK.K.K.K,S04~S11|S06~S07|S06~S10|S08~S10,S03>S11>S02>S04>S09>S07>S08>S10>S06>S01>S12>S05
rb_653ce7d61fa6f663625897,K....KK.K.KK,S01~S11|S01~S12|S02~S11|S11~S12,S02>S04>S05>S10>S03>S08>S01>S12>S11>S07>S06>S09
rb_654d7ece56ca3bcedeaabd,..K.KKKKK...,S01~S02|S01~S10|S02~S10|S10~S12,S01>S02>S11>S04>S10>S12>S05>S09>S03>S06>S07>S08
rb_656f3aeb2c3a6a710eed25,KK..K...KKK.,S07~S11|S08~S09|S08~S11|S09~S11,S03>S04>S07>S06>S08>S12>S11>S09>S02>S05>S10>S01
rb_65b2935c05880c45667741,K.K....KK.KK,S01~S07|S02~S06|S04~S10|S05~S10,S10>S05>S07>S06>S04>S01>S02>S12>S03>S08>S09>S11
rb_65b68504c02ae04c215e93,KK..K...K.KK,S01~S08|S01~S09|S01~S12|S09~S12,S03>S04>S06>S08>S07>S10>S01>S09>S12>S02>S05>S11
rb_664375267b9691257daea7,.KK..K..KK.K,S06~S07|S07~S10|S07~S12|S08~S11,S05>S11>S01>S04>S08>S07>S12>S09>S06>S02>S10>S03
rb_6692a2c1657844e73be640,.KK....K.KKK,S04~S06|S04~S07|S05~S07|S06~S07,S04>S07>S06>S01>S05>S09>S11>S08>S10>S02>S03>S12
rb_66d7f914c7654098572f57,..KK..K..KKK,S01~S03|S07~S08|S07~S10|S08~S10,S02>S06>S09>S05>S08>S01>S10>S07>S03>S12>S04>S11
rb_672c76cad05340c47d8943,KK..K...KK.K,S02~S10|S03~S11|S04~S11|S08~S11,S04>S07>S11>S03>S08>S10>S05>S06>S09>S02>S01>S12
rb_681a9d6bbf5137f9abf4df,..K...KK.KKK,S05~S06|S05~S07|S05~S12|S07~S12,S02>S04>S01>S05>S06>S09>S03>S08>S12>S07>S10>S11
rb_682aade43ce7cc63c358f7,K.K...KKK.K.,S01~S06|S01~S09|S07~S09|S09~S11,S05>S02>S12>S04>S10>S06>S01>S08>S07>S09>S11>S03
rb_68447747af5c6a9afb7987,.KKK....K.KK,S01~S11|S02~S09|S02~S11|S09~S11,S08>S05>S01>S07>S06>S10>S03>S11>S02>S09>S12>S04
rb_6858061e0d924653c39f60,..K..KKK..KK,S02~S10|S04~S06|S04~S12|S06~S12,S02>S10>S05>S09>S04>S01>S06>S03>S07>S12>S11>S08
rb_69105637ce0b3d5229b752,K.K..KK..KK.,S02~S04|S02~S07|S04~S07|S07~S11,S12>S05>S09>S08>S04>S02>S06>S07>S01>S11>S03>S10
rb_6948c8b76a08ce26a9caed,K...K...KKKK,S01~S05|S01~S06|S01~S08|S05~S07,S02>S03>S04>S06>S08>S07>S12>S05>S01>S11>S09>S10
rb_69dffc86252694c2174e91,.K.KK..KK.K.,S01~S03|S03~S10|S03~S12|S06~S10,S06>S10>S07>S01>S03>S12>S08>S02>S05>S04>S11>S09
rb_6a73980337cf04066c5c26,K...KK..K.KK,S02~S05|S05~S08|S05~S12|S06~S12,S04>S07>S10>S02>S03>S08>S05>S06>S12>S09>S01>S11
rb_6ae786e42bc341edb56971,KKK...KK.K..,S06~S09|S06~S12|S09~S10|S09~S12,S09>S06>S05>S11>S12>S04>S10>S08>S02>S01>S03>S07
rb_6b6b9738acd36daf36aa0c,..KK....KKKK,S06~S07|S06~S09|S06~S10|S07~S08,S02>S08>S01>S05>S07>S06>S09>S10>S12>S04>S11>S03
rb_6be1b468ce485b1ccaf1ea,....KKK.K.KK,S01~S10|S03~S10|S04~S10|S06~S10,S02>S04>S03>S01>S08>S10>S11>S06>S05>S07>S09>S12
rb_6ca2db185af7b1257a69f2,K.KK..K..KK.,S02~S08|S05~S08|S06~S09|S06~S12,S02>S08>S05>S06>S09>S12>S11>S01>S10>S03>S04>S07
rb_6d6a14d71363cb2c4a2f25,KK.KKK...K..,S01~S06|S01~S10|S04~S06|S06~S10,S08>S11>S09>S07>S03>S12>S01>S10>S06>S04>S05>S02
rb_6ef250f6826239b62653d8,KK.....K.KKK,S02~S10|S03~S05|S04~S12|S05~S09,S03>S07>S09>S06>S05>S08>S04>S12>S11>S01>S02>S10
rb_6f025a627a69808ed2f616,.K...K.KKK.K,S03~S04|S03~S07|S04~S07|S05~S11,S03>S04>S07>S05>S11>S01>S12>S08>S06>S10>S02>S09
rb_70c0090e6fa9ec260a9868,K.K..KKK..K.,S01~S06|S01~S08|S02~S05|S07~S11,S04>S12>S02>S10>S09>S05>S07>S11>S01>S06>S08>S03
rb_70cbb59844e8967e70808a,..KK.K.K..KK,S01~S09|S03~S09|S03~S11|S09~S11,S02>S05>S10>S01>S09>S11>S07>S03>S06>S08>S12>S04
rb_70f20da1a4304f50d380cb,K.K.K..KK.K.,S01~S09|S03~S09|S08~S09|S08~S11,S07>S04>S10>S06>S12>S02>S05>S01>S09>S03>S11>S08
rb_712d70e0cdc09d7deb8d18,K..K.KK...KK,S02~S08|S02~S09|S02~S10|S09~S10,S08>S02>S09>S10>S05>S06>S03>S11>S12>S04>S01>S07
rb_717691b5363b1fe4b235b0,..K.K...KKKK,S01~S04|S04~S08|S08~S09|S09~S11,S06>S01>S04>S02>S07>S08>S05>S03>S11>S10>S09>S12
rb_71c756d671d9b7811ee7e2,K..KK.KK.K..,S01~S03|S01~S07|S01~S10|S03~S10,S12>S11>S02>S09>S06>S03>S10>S05>S01>S08>S07>S04
rb_7214b51eac02f5f764358d,KK.K.K...K.K,S02~S05|S03~S05|S03~S08|S05~S12,S11>S07>S08>S03>S05>S10>S09>S12>S02>S04>S06>S01
rb_72a2eccf2e28c5bbfbc5e5,KK...K...KKK,S01~S04|S01~S06|S04~S05|S04~S08,S08>S03>S07>S05>S09>S04>S01>S12>S06>S10>S11>S02
rb_73c1c8503731882c72bc81,KKK...KK..K.,S01~S07|S01~S11|S07~S11|S10~S12,S12>S10>S09>S04>S05>S06>S02>S03>S08>S01>S11>S07
rb_73e96eb84098512ab5453c,KKKKK..K....,S01~S08|S03~S08|S07~S10|S10~S12,S06>S11>S10>S07>S12>S09>S05>S04>S03>S02>S08>S01
rb_75506b21428f4a80b2eea1,KK.KKKK.....,S01~S05|S01~S06|S05~S06|S06~S12,S09>S12>S11>S10>S08>S03>S07>S05>S06>S01>S04>S02
rb_7578a00739f39780e1fb7f,KK...K.KK.K.,S04~S05|S04~S07|S08~S11|S09~S11,S04>S07>S10>S05>S12>S03>S08>S01>S02>S09>S11>S06
rb_769ef73d0cf3c3cdb9277d,.K.K.K..KK.K,S02~S03|S02~S05|S04~S09|S05~S09,S07>S01>S11>S08>S03>S06>S05>S02>S09>S04>S10>S12
rb_78aabd42ef214254205470,.K..K.KKKK..,S01~S03|S01~S04|S05~S10|S06~S10,S01>S03>S04>S12>S11>S06>S07>S10>S09>S05>S08>S02
rb_790c6464a105d1a90be5ab,..KKK..KK.K.,S01~S07|S04~S05|S04~S08|S05~S11,S06>S02>S10>S07>S01>S12>S11>S08>S05>S09>S04>S03
rb_7a0c4931f97c7cc9ef3128,.K.K...K.KKK,S03~S06|S03~S07|S05~S07|S06~S07,S06>S05>S03>S07>S01>S09>S10>S02>S11>S08>S12>S04
rb_7a28b6c31e202a76a3d552,K.KK..K.K..K,S02~S08|S03~S04|S04~S10|S05~S08,S08>S02>S05>S06>S10>S11>S12>S04>S03>S01>S09>S07
rb_7b0df4320bd77521da4c16,.K..K.KKKK..,S01~S04|S03~S06|S03~S12|S06~S12,S06>S03>S04>S11>S12>S01>S05>S07>S10>S02>S09>S08
rb_7b4948cb3e8fee76a7fec5,KKK...K.K..K,S01~S03|S02~S03|S02~S09|S08~S10,S05>S04>S08>S10>S06>S11>S02>S01>S09>S03>S07>S12
rb_7b5f87e36646b348e92bed,KK...K..KK.K,S04~S05|S05~S08|S07~S08|S08~S11,S05>S04>S07>S08>S11>S03>S06>S10>S02>S01>S12>S09
rb_7bd08e19cd63de7e95318d,K...K..KKKK.,S07~S09|S07~S10|S07~S11|S09~S10,S12>S04>S02>S06>S03>S07>S10>S11>S09>S01>S08>S05
rb_7cadaba74f86ee86672e73,.K.K.KKKK...,S01~S05|S01~S12|S03~S05|S10~S11,S01>S03>S05>S10>S12>S11>S06>S07>S09>S04>S02>S08
rb_7cf2eab99b437c5b97cbe2,.K..K.K.K.KK,S04~S07|S04~S08|S06~S07|S07~S08,S01>S03>S10>S06>S04>S08>S07>S02>S12>S05>S11>S09
rb_7d38b6a5921a72aa7a5b96,K...K.KK.K.K,S01~S06|S03~S06|S06~S08|S10~S12,S03>S04>S06>S09>S02>S11>S08>S01>S12>S10>S05>S07
rb_7d4e6ced71419dab12292d,.K.K..KKK.K.,S01~S05|S01~S10|S03~S06|S04~S10,S03>S01>S06>S12>S10>S05>S04>S08>S07>S09>S02>S11
rb_7d52f5c2a1ff4750e19f29,KK....KKKK..,S02~S07|S02~S08|S02~S09|S08~S09,S03>S12>S11>S05>S06>S04>S08>S09>S02>S01>S07>S10
rb_7d673201c65fc327d74198,K.KKK...K..K,S02~S06|S04~S07|S04~S11|S07~S11,S06>S02>S08>S11>S07>S04>S10>S03>S09>S05>S01>S12
rb_7e1cd4fab5dc09e3ebc603,...K..K.KKKK,S01~S08|S03~S08|S03~S09|S08~S09,S01>S03>S08>S06>S02>S05>S09>S07>S10>S11>S04>S12
rb_7e222a8e4d828c4dfbd529,K..KKK..KK..,S03~S07|S03~S11|S07~S11|S07~S12,S03>S11>S07>S12>S02>S08>S09>S05>S10>S04>S06>S01
rb_7e7dd7fb3d3b153e6c649a,K....KK.KK.K,S01~S10|S01~S12|S02~S03|S10~S12,S04>S05>S02>S08>S11>S03>S09>S07>S06>S01>S12>S10
rb_7ecab5f84cdb035aaa1f8e,.KK.K..KK..K,S03~S09|S03~S12|S06~S10|S09~S12,S06>S10>S04>S11>S01>S07>S03>S05>S08>S09>S12>S02
rb_7efa01c2dd94ae85e2f395,...K..KKKKK.,S01~S11|S04~S11|S07~S11|S10~S11,S12>S02>S05>S03>S06>S01>S11>S04>S07>S10>S09>S08
rb_7f818a3aff4d90a52ed894,.K..K.K.KK.K,S02~S10|S02~S12|S07~S12|S10~S12,S08>S04>S06>S03>S01>S11>S07>S10>S12>S02>S05>S09
rb_7fcb342ab5a1fa243b7cb6,...KK.K..KKK,S01~S07|S01~S11|S07~S11|S07~S12,S08>S09>S03>S02>S06>S01>S07>S11>S12>S10>S04>S05
rb_802395d3dbc9b40e85bb6a,.K.KK....KKK,S04~S10|S04~S11|S07~S10|S10~S11,S01>S08>S07>S03>S06>S09>S12>S05>S11>S10>S04>S02
rb_807da31af8b65918ec900e,KK..KK..K..K,S03~S05|S06~S09|S06~S12|S09~S12,S11>S10>S04>S08>S03>S07>S01>S05>S09>S06>S12>S02
rb_80edad426d1223c63c962a,K...KK...KKK,S01~S11|S02~S08|S04~S07|S08~S09,S07>S04>S03>S09>S08>S02>S11>S01>S05>S12>S10>S06
rb_81131d0fe4f4596ca95e91,KK...KKK..K.,S01~S10|S04~S05|S04~S12|S05~S12,S05>S04>S12>S09>S03>S10>S01>S06>S07>S11>S02>S08
rb_81a8a9767ae5a8447af7c4,.KK..KKKK...,S04~S10|S04~S11|S04~S12|S10~S11,S04>S12>S01>S05>S10>S11>S06>S03>S08>S07>S09>S02
rb_82119190db4c90b76d892c,KK..K..KK.K.,S05~S08|S05~S09|S05~S11|S08~S11,S10>S04>S06>S12>S07>S03>S05>S09>S08>S01>S11>S02
rb_82c5909248179c7bfa6aa8,.K...KK..KKK,S07~S11|S10~S11|S10~S12|S11~S12,S01>S08>S03>S05>S04>S09>S06>S02>S07>S12>S11>S10
rb_82f7338b24d26ff1ef2fce,...KKK.KK..K,S02~S03|S02~S06|S02~S10|S06~S10,S01>S11>S10>S07>S03>S06>S02>S09>S04>S08>S12>S05
rb_82fb33ec32518d811ce736,K.....KK.KKK,S06~S09|S07~S10|S08~S11|S10~S11,S05>S04>S06>S09>S03>S02>S12>S01>S07>S10>S11>S08
rb_8324da23072fb68ff60c64,K..K.K.K.KK.,S03~S04|S03~S05|S03~S11|S04~S05,S09>S02>S12>S07>S03>S05>S11>S04>S08>S01>S10>S06
rb_837d1df972520e40106d83,..K...KKK.KK,S02~S10|S05~S10|S06~S07|S07~S12,S04>S05>S01>S02>S10>S06>S03>S07>S12>S09>S08>S11
rb_83bf71746c79914af7d6f4,...K.KK.KKK.,S06~S10|S06~S11|S09~S10|S10~S11,S05>S02>S08>S03>S12>S01>S07>S04>S11>S10>S09>S06
rb_83ca74a4478b2f7909ea96,...KKK..K.KK,S01~S03|S03~S05|S05~S06|S05~S12,S10>S08>S07>S03>S01>S02>S05>S12>S09>S06>S04>S11
rb_83eb4556107cd683741e82,..K..KKK.K.K,S01~S02|S01~S09|S02~S09|S05~S09,S11>S04>S05>S01>S06>S02>S09>S07>S10>S12>S08>S03
rb_843efb1744961013e2fc8f,.K.KK....KKK,S02~S05|S02~S11|S05~S11|S10~S11,S08>S07>S01>S06>S03>S09>S12>S04>S05>S02>S11>S10
rb_849582736c8d1dbd718da5,.KK.K..K.KK.,S01~S07|S04~S07|S04~S09|S07~S09,S04>S09>S01>S07>S06>S12>S08>S10>S03>S11>S05>S02
rb_8514e800262f6a982396cd,KK..K.K.KK..,S01~S05|S05~S08|S05~S09|S08~S09,S12>S06>S03>S04>S11>S08>S09>S05>S01>S07>S10>S02
rb_854968595319380428e0e7,...K.KK.KK.K,S04~S06|S04~S07|S04~S12|S05~S11,S02>S08>S01>S05>S11>S03>S10>S07>S06>S09>S04>S12
rb_8576e852adb9d23a8c6bbb,K.K.KKK..K..,S04~S08|S04~S11|S05~S08|S08~S11,S09>S04>S11>S08>S12>S05>S02>S06>S10>S03>S01>S07
rb_8609841bd4d43839c5ea3c,K.K.K.K.KK..,S01~S04|S01~S05|S01~S10|S03~S10,S08>S02>S11>S12>S04>S06>S07>S01>S05>S10>S03>S09
rb_865ebe04ee23e05bd7a5ce,K.K..K.K.K.K,S04~S05|S04~S07|S04~S09|S07~S09,S05>S04>S07>S09>S11>S02>S06>S10>S08>S12>S01>S03
rb_8679abb8fd2eaaacfab73f,.K....K.KKKK,S01~S03|S01~S08|S03~S08|S03~S10,S06>S04>S01>S08>S05>S03>S10>S12>S02>S11>S07>S09
rb_86c1db01bd80e5e4befcc2,...KK.KKK..K,S02~S05|S04~S05|S04~S12|S05~S12,S06>S03>S10>S01>S11>S02>S08>S05>S04>S12>S07>S09
rb_8712177f2e735441844dd5,....K..KKKKK,S01~S03|S01~S11|S02~S07|S03~S11,S02>S07>S04>S06>S01>S03>S09>S10>S11>S08>S12>S05
rb_87269c72da4dd76f496e57,K.KK....KKK.,S02~S03|S02~S05|S03~S04|S03~S05,S12>S07>S02>S08>S05>S06>S10>S03>S11>S04>S01>S09
rb_8787d8ee43b111868e1e96,K.K.KK....KK,S01~S05|S01~S09|S01~S12|S05~S12,S04>S07>S10>S08>S02>S09>S01>S12>S05>S06>S03>S11
rb_87ab10df43bdcf3ac22e85,.KK....KKK.K,S01~S10|S06~S09|S06~S10|S09~S10,S05>S11>S07>S04>S01>S06>S02>S10>S09>S08>S12>S03
rb_87c57ab005633120fe7356,..K..KKK.K.K,S05~S08|S08~S09|S08~S12|S09~S11,S01>S02>S09>S11>S04>S08>S05>S10>S07>S12>S06>S03
rb_87dc049e07473b894a94eb,....KKKK.K.K,S02~S06|S02~S08|S02~S10|S06~S08,S01>S04>S09>S03>S02>S11>S10>S08>S06>S07>S05>S12
rb_883438ed54023a8d15dcbd,K.K...K..KKK,S02~S05|S02~S09|S05~S09|S09~S11,S02>S05>S08>S04>S09>S06>S11>S03>S07>S10>S12>S01
rb_88cf323bc225cf0988fdc9,KKKK.....KK.,S01~S03|S01~S09|S06~S09|S10~S11,S08>S12>S05>S07>S09>S06>S03>S01>S02>S10>S11>S04
rb_8902414e54c1565dc6f304,KKK..K.K...K,S05~S09|S05~S10|S07~S09|S09~S10,S07>S09>S10>S05>S11>S04>S03>S01>S06>S02>S08>S12
rb_8a04aa0e0a835dccb38b47,.K.KK..KKK..,S03~S06|S04~S06|S06~S07|S06~S12,S11>S06>S12>S01>S07>S04>S03>S05>S09>S10>S08>S02
rb_8b574b7b2a91240c3645da,KK..KKK..K..,S03~S12|S04~S11|S04~S12|S08~S12,S03>S09>S08>S12>S04>S11>S02>S05>S10>S01>S06>S07
rb_8cc6c5a523b820e73bf92d,.K.....KKKKK,S02~S08|S02~S10|S02~S12|S08~S10,S01>S05>S03>S06>S07>S04>S12>S02>S11>S08>S10>S09
rb_8e1030419fb21ac47b5df7,.KK..K.K.K.K,S01~S05|S04~S10|S04~S12|S10~S12,S05>S01>S07>S09>S04>S11>S12>S10>S02>S06>S08>S03
rb_8eba2413eecfe2539b42f1,.K..K.K.KKK.,S01~S04|S01~S06|S01~S09|S04~S09,S08>S12>S03>S06>S01>S04>S10>S09>S02>S07>S11>S05
rb_8ef1cf3e3e494534db5cef,KK.....KK.KK,S03~S05|S04~S07|S07~S08|S08~S09,S04>S03>S07>S05>S06>S01>S10>S08>S12>S09>S11>S02
rb_8f24952398a9dc18fac27f,...K...KKKKK,S01~S03|S01~S06|S01~S07|S06~S07,S06>S07>S01>S03>S05>S02>S10>S12>S11>S08>S04>S09
rb_8f41cfcda7c1c0d26a4320,K..KKK.K..K.,S03~S05|S03~S08|S03~S10|S03~S11,S02>S09>S07>S12>S10>S03>S05>S08>S11>S01>S04>S06
rb_8f60b6e6c21755440d9b53,K...K...KKKK,S02~S08|S02~S11|S05~S09|S08~S11,S03>S06>S02>S08>S07>S04>S10>S11>S09>S05>S12>S01
rb_8f64fe6a61737e48869e02,K.KK...K.K.K,S01~S05|S01~S08|S01~S10|S08~S10,S02>S11>S09>S06>S07>S05>S03>S04>S01>S12>S10>S08
rb_8f8579a04809a688654b89,KK..K...KK.K,S01~S12|S03~S04|S04~S08|S08~S11,S11>S07>S08>S04>S03>S06>S05>S01>S02>S12>S10>S09
rb_8fde5417c94106f73cec3a,......KKKKKK,S01~S06|S05~S12|S08~S09|S08~S10,S03>S04>S02>S01>S06>S05>S12>S10>S08>S09>S07>S11
rb_90b15c2769aa9a37ebe241,.KKK..K..KK.,S02~S03|S02~S04|S02~S10|S09~S10,S08>S06>S05>S01>S12>S09>S10>S04>S02>S11>S03>S07
rb_90b3788e9c880f5238c36d,..K..K.KKKK.,S03~S09|S03~S11|S09~S11|S10~S11,S01>S04>S12>S02>S05>S08>S07>S06>S03>S11>S09>S10
rb_90d447683e965461858bee,.K..K.K..KKK,S03~S08|S04~S06|S04~S08|S06~S08,S08>S01>S06>S09>S04>S03>S02>S12>S10>S05>S11>S07
rb_911f6b2afb5774b29b4461,KK..K..K.K.K,S02~S10|S02~S12|S07~S11|S10~S12,S09>S03>S11>S06>S04>S07>S05>S01>S02>S12>S10>S08
rb_9121418c15b9bd91ed50d8,K.K.KK...K.K,S02~S09|S05~S09|S08~S09|S09~S12,S07>S02>S08>S11>S09>S05>S04>S01>S12>S06>S10>S03
rb_912fc0d851a416f18bb52b,KK..K..K.KK.,S03~S04|S03~S08|S05~S11|S08~S11,S06>S12>S04>S03>S07>S09>S08>S10>S11>S05>S02>S01
rb_929938fa20159743b2d442,K.....KKKKK.,S02~S09|S07~S08|S07~S09|S08~S09,S03>S05>S06>S12>S02>S04>S09>S07>S08>S10>S11>S01
rb_92ca085cb56a06d25b4739,K....KKK.K.K,S04~S05|S04~S09|S06~S07|S06~S10,S11>S02>S03>S04>S05>S09>S10>S07>S08>S06>S01>S12
rb_92e0b17770415933142ff2,K...K..KKKK.,S02~S03|S03~S04|S03~S07|S04~S07,S02>S04>S03>S07>S06>S12>S11>S01>S08>S10>S05>S09
rb_93018462613a24b84338d3,K....KKKK..K,S02~S04|S02~S10|S02~S11|S10~S11,S03>S05>S10>S04>S02>S11>S07>S12>S08>S06>S09>S01
rb_94cbe1b3f8fad49a7cbf92,K...KKKKK...,S04~S12|S05~S06|S05~S07|S08~S09,S02>S12>S04>S10>S11>S03>S05>S07>S06>S01>S09>S08
rb_95b7fd81296053dc8b3190,...KKKK.KK..,S01~S02|S07~S09|S07~S12|S09~S12,S02>S11>S01>S03>S12>S08>S07>S04>S09>S05>S06>S10
rb_95e382f01ac39609b1f66d,KK.KKK.....K,S01~S04|S01~S07|S01~S12|S07~S12,S03>S10>S11>S09>S07>S04>S08>S01>S05>S12>S02>S06
rb_96419db39fb44eed856968,...K..K.KKKK,S01~S03|S01~S08|S02~S03|S03~S08,S01>S05>S03>S06>S02>S08>S07>S12>S11>S10>S09>S04
rb_9643d7bb7836ffd4c718d1,.....K.KKKKK,S02~S05|S02~S07|S04~S05|S05~S07,S02>S01>S05>S03>S04>S07>S08>S06>S10>S12>S09>S11
rb_96d254e3b171b5819b3f0e,...K.K.K.KKK,S02~S07|S06~S07|S06~S08|S07~S11,S05>S01>S03>S07>S09>S02>S11>S04>S06>S08>S10>S12
rb_96f2c04c58f546075f379a,K.KK..K.KK..,S03~S04|S04~S07|S05~S08|S05~S12,S12>S11>S08>S02>S06>S05>S10>S09>S07>S01>S04>S03
rb_976cbac0047b791fe6261f,..KKK..K..KK,S01~S07|S01~S09|S04~S11|S06~S10,S06>S10>S09>S01>S07>S02>S11>S08>S04>S03>S05>S12
rb_97a3022f6fcb169afc9ff9,K.K...KK.KK.,S03~S07|S04~S06|S05~S06|S06~S07,S04>S05>S09>S02>S12>S06>S03>S07>S10>S08>S01>S11
rb_980a3d2671299cfbf53a01,.KKK..K.KK..,S02~S03|S02~S07|S03~S07|S06~S11,S01>S12>S06>S05>S11>S08>S02>S07>S03>S10>S04>S09
rb_9881a0b88f268889481261,KK...KK.KK..,S03~S11|S04~S09|S04~S11|S09~S11,S03>S08>S11>S05>S12>S04>S09>S01>S10>S02>S06>S07
rb_991ef408f62c815dda20d6,KKKK.....KK.,S02~S03|S02~S05|S03~S05|S05~S09,S12>S07>S09>S06>S08>S05>S03>S02>S04>S11>S01>S10
rb_9a5974b0e717dc79e4704c,KK.KK...K..K,S01~S09|S01~S12|S05~S09|S09~S12,S11>S10>S03>S06>S08>S07>S02>S05>S04>S09>S01>S12
rb_9a7e998a4957992f5e15a5,.K...KKK.KK.,S03~S04|S03~S06|S06~S11|S10~S11,S05>S09>S03>S12>S01>S04>S08>S06>S11>S02>S10>S07
rb_9a8cd1681b3768db136a8d,K.KKK.K....K,S02~S11|S05~S06|S05~S07|S09~S11,S08>S06>S09>S10>S11>S02>S01>S03>S05>S12>S04>S07
rb_9b5159c68611250923552d,...KK..KK.KK,S03~S07|S05~S11|S05~S12|S11~S12,S03>S10>S07>S01>S06>S02>S11>S05>S04>S12>S09>S08
rb_9c185ff4c3a83ca8ce768f,...KKKKK..K.,S04~S05|S05~S11|S06~S07|S06~S11,S02>S01>S09>S03>S10>S12>S04>S05>S06>S07>S11>S08
rb_9c21c068cf6072da125b02,..KKK.K..K.K,S03~S05|S03~S12|S05~S12|S08~S12,S09>S01>S06>S11>S08>S02>S10>S03>S05>S12>S07>S04
rb_9c30e0a0639b40199c9011,..KK.K..K.KK,S01~S02|S01~S03|S02~S03|S11~S12,S05>S07>S02>S08>S10>S01>S03>S04>S09>S06>S11>S12
rb_9c34e28b9eb55fcb4c9e90,K..K..K..KKK,S02~S12|S03~S05|S03~S09|S07~S10,S09>S05>S03>S08>S06>S02>S12>S11>S07>S01>S04>S10
rb_9c6bbc4f9b0c99abf7f12c,K.K...KK..KK,S05~S09|S05~S11|S05~S12|S09~S12,S10>S02>S04>S05>S06>S09>S07>S12>S11>S01>S03>S08
rb_9cde84a49364aefa65c5fb,..KKKK...KK.,S02~S06|S03~S06|S03~S10|S10~S11,S08>S01>S12>S09>S07>S02>S06>S05>S03>S10>S04>S11
rb_9d0279b51aa8a6cac7f4b3,K..KK.K..K.K,S01~S03|S01~S07|S01~S12|S07~S12,S02>S11>S09>S06>S08>S03>S10>S01>S04>S12>S07>S05
rb_9d3b1151c52c5be947dd22,..K.KKK..K.K,S02~S04|S02~S11|S04~S11|S08~S09,S08>S09>S01>S04>S11>S02>S05>S12>S10>S07>S06>S03
rb_9e0abf9c0ff04b030a73c9,..K.K.KKK.K.,S01~S06|S02~S10|S05~S09|S08~S09,S06>S01>S02>S10>S04>S03>S11>S12>S08>S07>S05>S09
rb_9e4d56946bc4c980d57581,..K.K...KKKK,S03~S06|S03~S07|S04~S07|S06~S07,S08>S02>S04>S07>S06>S01>S03>S09>S10>S12>S05>S11
rb_9ec2f1fc2e22a043926c80,.K.KKK.KK...,S02~S05|S02~S07|S06~S12|S07~S12,S10>S11>S03>S01>S07>S12>S06>S08>S04>S05>S02>S09
rb_9ed955c286c626f67dfd49,.K.K..K.KK.K,S04~S09|S04~S10|S09~S10|S10~S12,S11>S01>S03>S05>S06>S08>S02>S12>S10>S04>S09>S07
rb_9ef70fc82983a8e88da863,..K.K..KK.KK,S01~S10|S03~S05|S08~S09|S09~S11,S10>S01>S04>S06>S02>S07>S11>S09>S08>S12>S03>S05
rb_9f7b099a18b111bf0a5287,K...K..KKK.K,S03~S07|S06~S07|S07~S10|S07~S11,S11>S06>S04>S03>S02>S07>S01>S08>S10>S05>S12>S09
rb_9fc19bfe87d0b52c737c46,...KKK...KKK,S01~S03|S01~S08|S03~S07|S03~S08,S09>S02>S03>S01>S07>S08>S05>S06>S10>S04>S12>S11
rb_9fea49c7de70a724f40e8b,K....K.KKK.K,S02~S11|S03~S04|S03~S08|S09~S12,S11>S02>S04>S03>S05>S07>S08>S09>S12>S10>S06>S01
rb_9ffb3cfd158489dbd5f26a,.K.K.KK..K.K,S01~S08|S03~S09|S03~S11|S09~S11,S03>S01>S11>S09>S08>S05>S10>S06>S12>S02>S04>S07
rb_a00f3600eea690a04bf3f6,KK..KKK..K..,S08~S11|S09~S11|S09~S12|S11~S12,S09>S12>S03>S11>S08>S04>S01>S07>S10>S06>S02>S05
rb_a014d1bf588993ce0e7b05,K.K..K.KK.K.,S03~S08|S04~S05|S09~S12|S10~S12,S07>S05>S04>S02>S12>S10>S11>S06>S01>S09>S03>S08
rb_a09e01afba66ad1c4a9d68,K....KK.K.KK,S03~S09|S03~S10|S08~S09|S09~S10,S05>S02>S04>S08>S03>S10>S06>S12>S09>S11>S01>S07
rb_a1bb257a6a8f7b24198508,K..KK.K.KK..,S02~S03|S02~S06|S03~S06|S03~S11,S11>S02>S03>S12>S08>S06>S05>S04>S07>S10>S09>S01
rb_a2b4af3bfad4798901e3ee,K.....K.KKKK,S03~S04|S09~S10|S09~S11|S10~S11,S06>S08>S04>S05>S02>S03>S12>S07>S01>S09>S11>S10
rb_a2b69a91f540b33650cc0f,KK..KK.K.K..,S04~S11|S04~S12|S07~S12|S11~S12,S07>S09>S04>S12>S11>S03>S02>S05>S01>S06>S10>S08
rb_a2e0260753edb6676b5ffe,K..KK..K..KK,S02~S03|S02~S07|S02~S09|S03~S07,S07>S06>S03>S02>S10>S09>S01>S11>S04>S08>S05>S12
rb_a2f819c5490c216e265433,K..KKK....KK,S01~S05|S03~S08|S05~S12|S09~S10,S09>S10>S08>S03>S02>S07>S11>S06>S05>S01>S04>S12
rb_a31526354a0c20b957fdaf,..K.KKK.K.K.,S02~S04|S02~S12|S04~S10|S04~S12,S01>S10>S04>S02>S08>S12>S07>S05>S11>S03>S09>S06
rb_a3378788831957ebbb390c,K..K..KKK.K.,S02~S06|S03~S06|S05~S06|S05~S12,S10>S05>S06>S02>S03>S12>S08>S01>S04>S07>S09>S11
rb_a369d3723daabbfe665d59,K.K.....KKKK,S01~S03|S01~S10|S03~S10|S05~S06,S07>S06>S05>S02>S08>S04>S12>S09>S11>S01>S03>S10
rb_a39353bad5ef64598794f7,.KKK....KK.K,S03~S04|S03~S10|S03~S12|S04~S12,S08>S05>S01>S06>S11>S07>S03>S04>S12>S10>S09>S02
rb_a3a481231b14c1f05ed7ac,KKK.K..KK...,S03~S09|S06~S07|S06~S10|S08~S10,S11>S06>S07>S04>S12>S10>S08>S05>S02>S03>S09>S01
rb_a3b08ab463edb79bafbd60,K.....K.KKKK,S02~S05|S02~S08|S03~S11|S05~S08,S06>S04>S05>S08>S02>S03>S01>S07>S11>S10>S12>S09
rb_a45fb2851b10f862d0eb9a,K..KK..K.KK.,S01~S05|S03~S06|S04~S10|S05~S10,S03>S02>S09>S12>S07>S06>S01>S08>S05>S11>S10>S04
rb_a523116ab850d5b976d8c7,KKK..KK.K...,S03~S04|S03~S05|S03~S11|S04~S11,S08>S10>S12>S05>S04>S03>S11>S01>S09>S07>S02>S06
rb_a61ccef625e98c4eda95bc,K..KK...KKK.,S04~S07|S04~S11|S07~S11|S07~S12,S03>S06>S02>S12>S08>S07>S04>S11>S01>S09>S10>S05
rb_a790727533cbcaaa195a0f,.K..K..K.KKK,S04~S09|S06~S09|S06~S12|S10~S12,S04>S01>S09>S03>S06>S07>S08>S05>S12>S11>S10>S02
rb_a7a4f23682507f1db1e172,.K.K.K.KKK..,S04~S07|S04~S08|S04~S09|S08~S09,S05>S03>S01>S11>S12>S07>S04>S10>S02>S06>S08>S09
rb_a8a3902618595315282b67,..KK..K.KKK.,S01~S04|S04~S07|S04~S09|S04~S12,S02>S08>S05>S06>S12>S01>S07>S04>S11>S09>S10>S03
rb_a8b302087dd0f0234e13a7,.K..KK.KK.K.,S01~S03|S05~S09|S05~S11|S07~S12,S12>S04>S10>S03>S01>S07>S02>S06>S08>S09>S05>S11
rb_a91672fd22e2d2c95d3643,K.K....KK.KK,S05~S06|S05~S10|S05~S11|S06~S10,S10>S04>S06>S05>S07>S02>S12>S11>S08>S09>S03>S01
rb_a9f722c02931194076c404,K..KKK...KK.,S02~S05|S02~S10|S05~S06|S05~S10,S03>S12>S09>S07>S02>S08>S06>S05>S10>S04>S11>S01
rb_aac05c3fe7fe741b05c17f,.KKK....K.KK,S01~S07|S01~S10|S06~S10|S07~S08,S08>S07>S01>S10>S05>S06>S03>S11>S12>S04>S02>S09
rb_aadf7147a79e3cb585a3ac,..K..KK.KK.K,S06~S07|S06~S09|S06~S12|S07~S09,S05>S02>S11>S08>S04>S01>S07>S06>S12>S09>S10>S03
rb_ab069dfc724c73b11b0b49,..K...KKKKK.,S02~S05|S02~S10|S08~S10|S08~S11,S01>S06>S04>S12>S02>S05>S10>S11>S08>S03>S07>S09
rb_ab872cf206eda5782ee5ff,KK.KKK....K.,S02~S11|S04~S11|S07~S09|S07~S11,S12>S09>S10>S08>S07>S03>S02>S11>S06>S04>S01>S05
rb_abaab1b7ee91403450eb61,....KKKKKK..,S01~S12|S02~S04|S02~S11|S11~S12,S02>S03>S11>S01>S04>S12>S10>S06>S07>S05>S08>S09
rb_abbcfcefee57cd5d3ac39d,...KK.K..KKK,S03~S08|S03~S09|S07~S08|S08~S09,S01>S06>S08>S02>S09>S03>S07>S12>S11>S05>S10>S04
rb_abc1715c512c42e33dff75,.K.K..K..KKK,S03~S09|S09~S11|S09~S12|S11~S12,S08>S01>S03>S06>S09>S05>S12>S11>S02>S07>S04>S10
rb_ac6a252c140027cb6f0a7e,K..K..K.K.KK,S01~S02|S01~S08|S01~S12|S02~S12,S06>S03>S10>S05>S02>S08>S11>S07>S01>S04>S12>S09
rb_aca27f1bfc80de63436d20,KKK.K.....KK,S04~S06|S05~S07|S05~S11|S06~S07,S10>S04>S06>S07>S08>S09>S12>S05>S11>S03>S02>S01
rb_aceca927b594f0155b2f2a,K....KK.KKK.,S01~S02|S09~S10|S09~S11|S10~S11,S03>S12>S05>S04>S02>S08>S01>S06>S07>S09>S10>S11
rb_ad340eb527fe90d47efa04,......KKKKKK,S01~S02|S01~S03|S01~S06|S03~S06,S05>S03>S01>S06>S02>S04>S10>S11>S08>S12>S07>S09
rb_ada422fb75f4dfc0759a4e,KKKK..K...K.,S02~S03|S02~S08|S03~S08|S03~S11,S06>S09>S10>S05>S12>S08>S11>S03>S07>S02>S01>S04
rb_adb3067c57ff609ab02df1,..K.KKKKK...,S02~S07|S02~S08|S06~S08|S07~S08,S10>S11>S04>S12>S01>S09>S02>S07>S06>S08>S05>S03
rb_adc1620a243daa95fc1716,..K.K.KKKK..,S01~S02|S01~S06|S04~S06|S06~S12,S02>S01>S06>S12>S04>S11>S05>S03>S07>S08>S09>S10
rb_aeae6de82628af344ac8eb,.KK.K...K.KK,S01~S07|S01~S10|S01~S12|S10~S12,S06>S04>S07>S01>S08>S10>S12>S05>S03>S09>S11>S02
rb_aedf5e50a7615b3c6f7548,KK..K...KK.K,S04~S07|S06~S07|S06~S08|S07~S08,S06>S04>S07>S08>S11>S03>S12>S02>S01>S09>S05>S10
rb_af532d8052244370c92316,..KKK..K..KK,S04~S06|S04~S11|S06~S11|S11~S12,S10>S02>S09>S01>S07>S06>S04>S11>S12>S08>S03>S05
rb_affeeed1fd417a51623d1b,.K.KK.K..K.K,S03~S08|S04~S05|S04~S10|S10~S12,S01>S11>S09>S08>S06>S03>S07>S12>S05>S02>S10>S04
rb_b029698689335f9f554251,..K.K..KKK.K,S02~S06|S04~S07|S06~S11|S07~S10,S02>S06>S01>S07>S04>S11>S10>S03>S05>S12>S08>S09
rb_b0e70a78023c7f73cc000c,KK...KK.K.K.,S02~S06|S02~S11|S05~S10|S06~S11,S08>S10>S04>S12>S05>S03>S07>S09>S02>S06>S11>S01
rb_b130243c8f69d79cdd08ba,K.K..K..K.KK,S05~S10|S09~S10|S09~S12|S10~S12,S04>S02>S07>S10>S05>S08>S12>S09>S03>S11>S01>S06
rb_b145f789ba8a5cd4bb72ed,.K.KKK..KK..,S02~S04|S02~S06|S03~S07|S09~S10,S12>S07>S03>S11>S08>S01>S09>S10>S05>S06>S04>S02
rb_b1c5a2ba456ca476e27e39,...KKKK.K..K,S02~S03|S02~S12|S03~S12|S08~S11,S08>S11>S10>S02>S03>S01>S06>S07>S12>S04>S09>S05
rb_b1dc5ed6c6e127159ee55c,..K.KK..KK.K,S01~S02|S02~S04|S02~S08|S04~S08,S04>S01>S02>S08>S11>S07>S12>S09>S03>S06>S10>S05
rb_b24f9c0c53e31b7c17d163,....K.K.KKKK,S03~S06|S03~S08|S03~S10|S06~S10,S02>S01>S08>S04>S03>S06>S10>S07>S05>S09>S12>S11
rb_b3389720749202f4218ec5,K.K..K.K.KK.,S02~S07|S04~S08|S08~S10|S09~S12,S09>S02>S05>S12>S07>S04>S08>S10>S11>S01>S06>S03
rb_b358b74a0db223c6f7746f,KK.K..KK..K.,S03~S10|S03~S12|S04~S07|S06~S12,S03>S10>S05>S12>S06>S09>S04>S07>S02>S01>S11>S08
rb_b3bd798a6d5cacc9a86da2,KK.K...K.KK.,S01~S08|S02~S04|S02~S08|S03~S12,S05>S03>S12>S07>S09>S06>S10>S01>S11>S02>S04>S08
rb_b3c0b17c421af4ec265ad8,..K.K.K.KKK.,S01~S08|S01~S12|S04~S05|S08~S12,S01>S08>S12>S02>S06>S04>S05>S03>S11>S07>S10>S09
rb_b43b9d385c2e350213021f,.K..KKKK..K.,S02~S03|S02~S08|S03~S08|S09~S10,S01>S09>S04>S12>S03>S10>S02>S08>S05>S07>S11>S06
rb_b4511e6f39899a0d910cea,.K...KKK.K.K,S01~S02|S01~S04|S02~S04|S03~S04,S09>S03>S11>S05>S01>S08>S04>S02>S06>S12>S07>S10
rb_b465735f0767328c8005e4,KK..K.K.K.K.,S03~S06|S03~S08|S06~S08|S08~S12,S06>S03>S08>S10>S12>S04>S09>S01>S05>S07>S02>S11
rb_b52982b2284bd5c786a674,..K..K.KKKK.,S01~S02|S01~S06|S06~S07|S06~S11,S04>S12>S02>S01>S05>S07>S06>S11>S08>S09>S03>S10
rb_b58fe949b6821605c6c7c8,KK.K.K...KK.,S01~S04|S01~S07|S06~S07|S07~S12,S05>S03>S09>S12>S08>S07>S10>S06>S04>S01>S11>S02
rb_b6519f3ca0cc6cb2b1f4f3,K...K.K.K.KK,S02~S04|S02~S06|S02~S08|S04~S08,S06>S02>S10>S04>S08>S03>S12>S01>S05>S07>S11>S09
rb_b68e628c542b03ee62de28,.K.KKKKK....,S01~S03|S01~S10|S03~S10|S09~S10,S01>S03>S10>S09>S12>S11>S04>S07>S08>S05>S02>S06
rb_b6d023596bcf4e4fc69ff6,.K...KK..KKK,S02~S07|S05~S08|S06~S07|S08~S10,S04>S03>S05>S09>S01>S11>S08>S12>S10>S02>S06>S07
rb_b6e3d2fe201d61bd2b7b29,K....K.K.KKK,S03~S05|S06~S08|S06~S10|S08~S10,S02>S04>S07>S03>S05>S09>S11>S12>S01>S06>S08>S10
rb_b717933633be5356e8ceb2,K.KK.KKK....,S05~S10|S10~S11|S10~S12|S11~S12,S05>S02>S10>S11>S12>S09>S07>S01>S04>S08>S06>S03
rb_b72b8fc033eb6f5c9ff2aa,K.K.K...K.KK,S03~S04|S04~S06|S04~S07|S06~S10,S02>S07>S06>S10>S04>S08>S03>S12>S01>S09>S05>S11
rb_b7c06d85ba168216ed435b,K.KK...KKK..,S02~S05|S02~S07|S02~S09|S05~S07,S12>S06>S07>S05>S02>S11>S03>S08>S09>S04>S10>S01
rb_b813fa72d7e9f259e84fb4,.KK....K.KKK,S02~S10|S03~S10|S03~S12|S11~S12,S06>S05>S07>S09>S04>S01>S02>S10>S03>S11>S12>S08
rb_b8657d24f66f2404283e08,....KKK..KKK,S01~S04|S01~S12|S04~S12|S10~S12,S02>S03>S08>S01>S09>S04>S05>S10>S07>S12>S06>S11
rb_b8a27923ed423956aa0855,K.KK...KKK..,S04~S09|S05~S07|S07~S12|S08~S10,S02>S06>S07>S12>S11>S05>S10>S03>S08>S01>S04>S09
rb_b8e8ee2c89a728fc56c5ef,..K.K..KKKK.,S03~S11|S04~S06|S04~S10|S05~S11,S07>S04>S12>S06>S02>S09>S01>S10>S08>S11>S03>S05
rb_b8fef6a0b1a5881dcd0891,KK..K..K.K.K,S06~S08|S06~S10|S08~S10|S09~S10,S11>S03>S04>S07>S06>S09>S10>S08>S01>S05>S12>S02
rb_b98fa64814702b0506b0f8,K.KK....KK.K,S02~S10|S02~S11|S09~S10|S10~S11,S05>S07>S06>S08>S11>S02>S01>S10>S09>S12>S03>S04
rb_b9f80620a19d38d5d3d7c2,..K...K.KKKK,S02~S04|S07~S10|S07~S11|S09~S11,S02>S04>S06>S01>S05>S08>S12>S03>S11>S07>S10>S09
rb_ba1111881cce93ff8e0dfc,K...KK.K.K.K,S02~S09|S02~S11|S04~S11|S09~S11,S07>S03>S09>S02>S04>S11>S08>S05>S06>S12>S01>S10
rb_ba6ba859e8da20cfd22682,K.K.KKK...K.,S04~S06|S04~S12|S05~S06|S08~S12,S10>S09>S02>S08>S04>S12>S05>S06>S01>S03>S11>S07
rb_bac4f05f89bd257ae6f5c0,KK..K...KK.K,S04~S07|S04~S08|S06~S07|S06~S08,S03>S08>S04>S11>S07>S06>S12>S10>S05>S02>S09>S01
rb_bb36ffb91a7ab72f3d1071,K..KK.KK..K.,S02~S06|S02~S10|S06~S10|S09~S12,S06>S10>S02>S09>S12>S03>S11>S01>S04>S05>S08>S07
rb_bb73b456b076d964cf6fb7,..KK.K.KK..K,S01~S08|S03~S06|S03~S12|S06~S12,S02>S07>S11>S10>S01>S05>S08>S12>S03>S06>S04>S09
rb_bbbaf2e91e8dc69ce6daed,..KK..KKK.K.,S03~S04|S03~S08|S03~S09|S04~S08,S01>S02>S12>S05>S10>S06>S09>S07>S03>S04>S11>S08
rb_bc35b8f330d185ef6c2cc8,K.K.KKKK....,S04~S05|S04~S12|S05~S07|S11~S12,S09>S02>S10>S04>S12>S11>S03>S08>S01>S05>S07>S06
rb_bca1b3131b2a1d71e707e5,.KKK.K..KK..,S04~S06|S04~S07|S04~S09|S06~S09,S08>S11>S12>S05>S01>S09>S07>S06>S04>S02>S10>S03
rb_bcdc11e94fd06b5b68f9a2,K.KKKK..K...,S01~S09|S05~S09|S08~S10|S08~S11,S07>S08>S12>S11>S02>S10>S01>S03>S06>S09>S05>S04
rb_bd02b63a721a482731483c,K....K.K.KKK,S01~S02|S01~S10|S02~S03|S03~S08,S07>S05>S09>S04>S02>S03>S08>S11>S10>S01>S12>S06
rb_bd143cd7d4831e75338b08,K..KK..K.KK.,S04~S05|S04~S10|S05~S10|S10~S11,S07>S06>S03>S09>S12>S02>S05>S04>S10>S11>S01>S08
rb_bd29a9588ed89c8e313db0,...KKKKK..K.,S03~S12|S06~S11|S06~S12|S11~S12,S01>S09>S02>S12>S03>S10>S06>S11>S04>S05>S07>S08
rb_bd571b1578e2161f427395,.K.KKKK...K.,S01~S09|S05~S06|S05~S09|S06~S09,S03>S08>S12>S01>S09>S06>S10>S05>S02>S07>S04>S11
rb_bd81db27617a86fcd4f268,.K.K.K.KK.K.,S02~S04|S02~S08|S04~S10|S05~S10,S12>S03>S01>S05>S10>S07>S06>S09>S02>S04>S08>S11
rb_bd82bd1be243ef06b1b86b,K...KK.K.K.K,S04~S07|S04~S09|S06~S07|S07~S09,S03>S04>S11>S02>S09>S07>S06>S12>S08>S01>S05>S10
rb_bddc1d0eb4e3a99c0439d6,KK.KK...K..K,S04~S05|S04~S08|S05~S08|S08~S10,S06>S03>S07>S10>S11>S08>S04>S05>S02>S09>S12>S01
rb_be4d103427490b4638b4c9,KK...K..K.KK,S01~S05|S01~S11|S03~S05|S05~S11,S07>S08>S10>S04>S03>S12>S05>S01>S09>S06>S02>S11
rb_be53a974b6c2e8467bf384,K....KK.KK.K,S01~S02|S02~S05|S06~S09|S07~S12,S03>S11>S04>S02>S08>S05>S01>S07>S10>S09>S12>S06
rb_be821aca32cd7600ee74e0,KK..KK...K.K,S04~S09|S04~S11|S08~S09|S09~S11,S09>S08>S04>S03>S11>S07>S02>S10>S05>S01>S06>S12
rb_beada4002cac3f6f46b80b,KK...KKK..K.,S01~S07|S01~S12|S02~S08|S06~S08,S09>S05>S03>S10>S01>S04>S12>S11>S07>S06>S08>S02
rb_bfb0037947b09da90e11ed,K..KKKK..K..,S01~S03|S01~S08|S01~S10|S03~S10,S09>S08>S11>S03>S12>S02>S01>S05>S10>S07>S04>S06
rb_c01b7df4dee75d680ea76c,...KKKKK...K,S02~S09|S05~S07|S05~S09|S07~S09,S11>S01>S03>S10>S02>S09>S04>S05>S06>S07>S08>S12
rb_c09364432caeb859e8fb36,.K.KK..K.KK.,S01~S03|S01~S06|S03~S09|S06~S09,S07>S03>S01>S12>S06>S09>S10>S04>S05>S08>S11>S02
rb_c170a72806c9b0d4501a7f,.KK..K..KKK.,S01~S07|S03~S10|S03~S11|S04~S07,S05>S07>S04>S01>S08>S12>S06>S02>S09>S10>S03>S11
rb_c176e782e00d797ec6cf69,K..K..KKK.K.,S05~S07|S05~S12|S07~S12|S10~S12,S06>S10>S03>S12>S02>S05>S08>S07>S01>S11>S09>S04
rb_c1bc9e3de81b3cf78167cf,.K.KK..KK..K,S04~S09|S05~S08|S05~S09|S08~S09,S03>S10>S01>S07>S06>S11>S12>S04>S02>S08>S09>S05
rb_c3121e39328b2214d2f24e,.K.K.KK..KK.,S01~S10|S04~S07|S04~S10|S07~S10,S05>S03>S08>S12>S01>S09>S06>S04>S10>S07>S11>S02
rb_c3f37d77c33192dbbaadc5,KK.K.K..K.K.,S02~S09|S02~S11|S04~S06|S06~S09,S03>S08>S07>S05>S12>S10>S09>S04>S02>S06>S11>S01
rb_c4bc1292d677b25777f7be,..KK..KK.K.K,S04~S06|S04~S08|S04~S09|S06~S09,S05>S02>S11>S01>S09>S04>S06>S10>S12>S03>S08>S07
rb_c4f87d3353bbcd64c113d1,.KKK.KK....K,S05~S08|S05~S10|S08~S09|S08~S10,S01>S08>S05>S10>S11>S03>S09>S06>S02>S04>S07>S12
rb_c543f0852734beb200ef51,..KK.KKK..K.,S01~S05|S01~S12|S05~S12|S10~S12,S01>S05>S02>S12>S10>S09>S03>S06>S11>S04>S08>S07
rb_c630b2ced7ea26985f11ec,K...K..KKKK.,S05~S08|S05~S09|S06~S08|S08~S09,S02>S04>S12>S03>S07>S06>S08>S09>S05>S01>S11>S10
rb_c67a75e9243ec4444fcb56,...K.K.KKKK.,S02~S03|S02~S05|S03~S05|S08~S11,S02>S03>S05>S01>S07>S12>S06>S04>S08>S11>S09>S10
rb_c6a959dda13b1a890fc443,..KK..KK.KK.,S01~S03|S01~S12|S04~S10|S06~S09,S05>S06>S09>S12>S02>S01>S03>S08>S07>S11>S04>S10
rb_c6c9a59632acafc4f8dd98,KK.K.K.K.K..,S01~S02|S01~S04|S01~S06|S02~S06,S07>S11>S03>S05>S12>S09>S08>S10>S06>S02>S04>S01
rb_c71b7ad1af0f1fc34a6133,...KKKK..KK.,S01~S12|S02~S03|S02~S09|S03~S09,S12>S01>S02>S08>S03>S09>S07>S04>S06>S05>S11>S10
rb_c7749a32f2fe15cc6fc9a2,.....K.KKKKK,S07~S10|S08~S10|S08~S12|S10~S12,S05>S01>S04>S02>S03>S07>S08>S10>S12>S11>S06>S09
rb_c81a9a401775479b280720,...KKK...KKK,S03~S05|S03~S09|S04~S06|S05~S10,S01>S03>S08>S09>S02>S07>S05>S10>S04>S06>S11>S12
rb_c82c7afbb21c9a0218368b,...KKK.K..KK,S03~S04|S03~S05|S04~S05|S09~S10,S10>S01>S02>S09>S03>S05>S07>S04>S12>S11>S06>S08
rb_c83c1060073c8a4dbd57fb,K..K.KKK..K.,S05~S06|S05~S07|S06~S07|S06~S11,S10>S12>S09>S03>S02>S05>S01>S07>S04>S06>S11>S08
rb_c86671fb38ec011e676245,K....K..KKKK,S01~S06|S04~S05|S07~S09|S09~S10,S05>S03>S04>S02>S08>S07>S10>S09>S06>S11>S01>S12
rb_c88bd499defcb51aa30aca,K...KKK...KK,S03~S04|S03~S10|S04~S10|S05~S07,S02>S10>S03>S09>S04>S08>S12>S01>S06>S11>S07>S05
rb_c898a2fa1ad1758c9390b6,...KK...KKKK,S01~S03|S01~S08|S04~S11|S08~S09,S06>S07>S01>S02>S08>S03>S12>S09>S10>S11>S04>S05
rb_c8a19b7715d4d2c909b1c0,.KKK..K..K.K,S01~S05|S01~S06|S01~S08|S05~S06,S01>S08>S05>S06>S11>S10>S09>S02>S03>S04>S12>S07
rb_c8b099be00eeaf99845b16,..K..KKK.KK.,S02~S10|S02~S11|S02~S12|S10~S11,S09>S05>S04>S01>S12>S02>S07>S11>S08>S10>S06>S03
rb_c9288f326d9910acb99a56,K....K.KK.KK,S01~S08|S03~S08|S08~S09|S08~S10,S05>S07>S04>S02>S03>S01>S08>S10>S06>S09>S12>S11
rb_c93149fb89f219498a66ee,K..K..K.K.KK,S01~S07|S01~S12|S05~S10|S07~S12,S02>S08>S10>S05>S03>S04>S06>S12>S09>S01>S07>S11
rb_c96d11b0f3fde3a182ff89,..K.K..KK.KK,S02~S04|S02~S09|S04~S05|S04~S09,S01>S10>S06>S07>S02>S04>S03>S05>S09>S08>S12>S11
rb_c99046c3058e8c2e7b534c,..K..K..KKKK,S02~S04|S05~S09|S05~S12|S09~S12,S01>S02>S08>S04>S07>S05>S09>S10>S12>S11>S03>S06
rb_ca31c2f50cc555e817839b,KK..K...KK.K,S03~S06|S03~S07|S06~S07|S07~S11,S06>S03>S07>S11>S08>S04>S09>S02>S10>S01>S05>S12
rb_ca681f73770917e94d17b2,KK...K.KKK..,S04~S07|S04~S11|S07~S11|S08~S10,S04>S07>S11>S05>S03>S02>S12>S10>S08>S01>S09>S06
rb_ca9c13c01abbca7957c07f,..KKKK..K..K,S01~S02|S01~S08|S02~S08|S07~S08,S02>S01>S08>S07>S10>S11>S03>S04>S06>S05>S12>S09
rb_cac7b71d1560c4e46ad9b3,K.KK.KK...K.,S04~S05|S04~S08|S05~S08|S08~S10,S09>S02>S12>S05>S04>S08>S10>S06>S01>S11>S07>S03
rb_cbea91ef5f540197f4c07a,.K.KKK...K.K,S01~S07|S01~S08|S01~S10|S02~S10,S09>S11>S03>S07>S08>S01>S04>S10>S05>S02>S06>S12
rb_cbf937d44e398487449272,....KKKKK..K,S01~S04|S01~S11|S04~S07|S04~S11,S03>S02>S10>S04>S01>S11>S09>S05>S07>S08>S06>S12
rb_cc11ffe17d9ce6075eaff7,KKK....K..KK,S01~S02|S01~S12|S02~S03|S02~S12,S05>S09>S10>S06>S07>S04>S01>S03>S02>S11>S12>S08
rb_cc362d8f070e752d888939,K.K..KK..K.K,S02~S05|S02~S11|S04~S11|S09~S11,S08>S04>S05>S11>S02>S09>S07>S06>S12>S03>S10>S01
rb_ccca8fc965dedc026dc97d,K...KK.K.KK.,S01~S03|S01~S08|S04~S07|S04~S09,S03>S04>S02>S07>S09>S12>S01>S06>S11>S08>S10>S05
rb_ccd6f2e8b8bdbc1a0b285a,KKK....K.K.K,S01~S08|S04~S11|S08~S09|S09~S11,S05>S04>S11>S09>S06>S07>S01>S08>S03>S02>S12>S10
rb_ccd6f56241d933ce9d17e4,..K.K.KKK.K.,S03~S08|S05~S07|S07~S08|S08~S11,S01>S02>S06>S10>S12>S04>S07>S08>S11>S05>S03>S09
rb_cd217e814eb9dc0b7b275b,KK...K..K.KK,S04~S05|S04~S06|S04~S12|S06~S12,S10>S05>S03>S04>S07>S12>S08>S06>S01>S09>S02>S11
rb_cd58117f07b700a38b8414,K..K.KK..KK.,S02~S03|S02~S06|S02~S12|S06~S12,S03>S05>S02>S08>S12>S09>S06>S04>S01>S11>S10>S07
rb_cd7c76e3cd438af9ce4139,.K....KKKK.K,S02~S09|S02~S12|S07~S08|S07~S12,S03>S11>S01>S06>S05>S04>S07>S08>S02>S12>S09>S10
rb_cdac6b81740957bc27a150,...KK..KKKK.,S01~S06|S05~S12|S06~S08|S06~S12,S03>S07>S01>S02>S06>S08>S12>S05>S11>S10>S09>S04
rb_ce2b580edec89e49b27069,K.K..K.K.K.K,S04~S07|S04~S11|S06~S10|S06~S12,S02>S05>S09>S07>S04>S11>S01>S12>S08>S06>S03>S10
rb_ce850cd3ae98e6436f4f53,.K.K...K.KKK,S01~S09|S04~S09|S06~S09|S07~S09,S01>S03>S06>S05>S07>S09>S04>S02>S11>S12>S10>S08
rb_ce947ee7460bb75d939f69,KKK..K.K.K..,S01~S06|S06~S08|S06~S10|S08~S10,S05>S09>S12>S07>S11>S04>S01>S03>S10>S08>S06>S02
rb_cef9cda30e90dcbcd6f890,.KK....KKKK.,S01~S07|S01~S12|S02~S10|S07~S12,S07>S01>S05>S12>S06>S04>S02>S10>S08>S11>S09>S03
rb_cf0ed116b22c3e842b663f,K.K.K.KK..K.,S02~S04|S02~S06|S04~S06|S06~S12,S02>S06>S04>S12>S09>S10>S01>S07>S05>S11>S08>S03
rb_cf239dd4a30532a00a01a3,KK..KKK...K.,S02~S03|S03~S04|S03~S12|S08~S10,S09>S10>S08>S03>S12>S04>S02>S06>S07>S05>S01>S11
rb_cf82d4f4a86a25d4d1070e,KKK....KK..K,S01~S04|S01~S10|S04~S10|S05~S10,S07>S11>S05>S06>S10>S04>S01>S12>S03>S02>S09>S08
rb_cfb9c4a15c84b6daa45fc9,.KK..K..KK.K,S03~S08|S05~S08|S06~S10|S10~S12,S01>S07>S04>S08>S11>S05>S02>S03>S09>S12>S10>S06
rb_d072e8f9b851f08a1c49e9,K.K.K.K..KK.,S01~S05|S02~S12|S03~S07|S05~S07,S06>S09>S04>S02>S08>S12>S11>S10>S03>S07>S05>S01
rb_d0744e9b9f467f30b38f95,.KK....K.KKK,S01~S08|S03~S08|S08~S10|S08~S12,S04>S09>S06>S05>S07>S01>S10>S03>S08>S12>S11>S02
rb_d1025ca86f57820fb6441d,.KK.K....KKK,S01~S07|S01~S11|S03~S11|S11~S12,S09>S04>S08>S06>S07>S01>S05>S03>S02>S11>S12>S10
rb_d12127b74d2eddb855056c,..KK.K..K.KK,S03~S09|S05~S07|S05~S10|S07~S10,S07>S05>S10>S01>S08>S02>S03>S11>S09>S04>S06>S12
rb_d206ad459b82b02f38b2c5,.KK..K..KKK.,S01~S04|S01~S05|S04~S05|S05~S08,S01>S05>S04>S07>S08>S12>S06>S03>S10>S11>S09>S02
rb_d237e9c6d02b0cbb024900,K.KK...KK.K.,S02~S05|S02~S08|S05~S06|S05~S08,S12>S06>S10>S02>S07>S05>S08>S03>S09>S04>S11>S01
rb_d261982e52b4ee5262a78c,.K.K.KK..K.K,S04~S06|S04~S07|S07~S12|S08~S11,S09>S01>S03>S05>S08>S11>S12>S10>S07>S02>S04>S06
rb_d280b1524fce8b767fcad6,....KKK.KK.K,S01~S10|S01~S12|S02~S10|S10~S12,S02>S03>S04>S01>S08>S11>S10>S12>S06>S05>S07>S09
rb_d2f404bc675285e6ff93b6,KK..K..KK.K.,S01~S04|S01~S10|S04~S10|S05~S10,S04>S03>S06>S12>S10>S08>S07>S01>S02>S11>S05>S09
rb_d376d114b29183b0496d34,.K.K.K...KKK,S02~S03|S02~S05|S02~S10|S03~S05,S09>S01>S07>S08>S05>S12>S03>S02>S06>S10>S11>S04
rb_d52c64548d92bc815b6a35,KK.....KKK.K,S02~S09|S06~S09|S06~S10|S09~S10,S03>S04>S05>S07>S06>S11>S02>S09>S10>S12>S01>S08
rb_d55e8ac8e314de64299c5f,..K.K..KKKK.,S01~S04|S02~S04|S02~S12|S04~S12,S07>S01>S04>S02>S06>S12>S08>S11>S10>S03>S05>S09
rb_d5c9339c8b7b7b41389113,...KKK.K.KK.,S04~S06|S04~S08|S06~S08|S06~S10,S12>S07>S09>S02>S03>S01>S11>S10>S05>S04>S08>S06
rb_d5d6fdf8ee6099123094c3,..K.K.KK.KK.,S01~S06|S03~S05|S03~S06|S05~S06,S12>S09>S04>S01>S02>S06>S05>S10>S07>S08>S03>S11
rb_d5f252a9eca13e7bf72e34,KKK.KK.....K,S05~S12|S08~S09|S08~S12|S10~S11,S11>S10>S04>S07>S09>S08>S01>S03>S06>S02>S12>S05
rb_d622ed9ec2fec33efeb809,KK...KK..K.K,S01~S02|S08~S09|S08~S11|S10~S12,S04>S03>S09>S08>S11>S05>S02>S01>S07>S12>S06>S10
rb_d67c3d4a76492ed9cd95ad,....KKK.KKK.,S01~S03|S03~S05|S03~S07|S05~S07,S12>S08>S04>S01>S11>S02>S03>S09>S07>S06>S05>S10
rb_d6b85dc2875d8cd4bbe20e,K....KKKK.K.,S02~S04|S02~S12|S04~S12|S10~S12,S02>S05>S03>S04>S12>S10>S11>S07>S09>S06>S01>S08
rb_d6f03a9d88f57492ad545d,K....K.K.KKK,S02~S03|S03~S09|S04~S07|S07~S09,S02>S03>S04>S07>S09>S05>S06>S01>S10>S12>S11>S08
rb_d7b0db02d5051158e88289,KK.KKKK.....,S01~S04|S01~S05|S04~S06|S10~S11,S11>S10>S09>S03>S08>S12>S07>S01>S05>S04>S06>S02
rb_d800fe233846a919669632,.K..K.K.KKK.,S01~S03|S01~S04|S01~S06|S03~S06,S06>S08>S03>S01>S04>S12>S09>S10>S07>S02>S05>S11
rb_d86cfd009b324238deffbe,.....KKKK.KK,S05~S11|S05~S12|S07~S11|S11~S12,S01>S04>S10>S05>S02>S03>S06>S12>S07>S11>S09>S08
rb_d90379c0aba59727887efd,.....KKKK.KK,S01~S03|S03~S04|S04~S10|S04~S12,S05>S02>S01>S03>S10>S04>S12>S09>S08>S07>S11>S06
rb_d96667778cf45617df7a0d,...KKK...KKK,S02~S07|S06~S09|S06~S10|S07~S09,S01>S03>S07>S08>S02>S11>S09>S06>S10>S12>S04>S05
rb_d9cd5c37967acb603bf806,.K.K.K.KK.K.,S01~S06|S01~S07|S01~S12|S06~S07,S12>S03>S01>S05>S07>S10>S06>S04>S11>S09>S02>S08
rb_d9da515e949e40efae9da5,.K.K.KKK..K.,S03~S04|S04~S10|S04~S12|S10~S12,S05>S01>S09>S03>S10>S12>S04>S07>S08>S02>S11>S06
rb_d9e656a929fd706635aed9,...K..KKKKK.,S01~S03|S02~S04|S07~S11|S10~S11,S01>S05>S03>S12>S06>S02>S09>S04>S08>S07>S11>S10
rb_da6bf507f9566b751b84c7,K..K.K.KK..K,S05~S10|S05~S12|S08~S10|S10~S12,S02>S11>S07>S03>S10>S05>S08>S12>S04>S09>S01>S06
rb_da6cc3347e744d58dfae38,..KKKK...K.K,S02~S09|S05~S06|S05~S12|S06~S12,S08>S11>S02>S09>S01>S07>S10>S05>S06>S12>S04>S03
rb_da9ba786104b6cfc6716e0,K.KKKK...K..,S01~S10|S05~S09|S08~S09|S09~S12,S11>S02>S08>S12>S07>S09>S05>S06>S04>S03>S01>S10
rb_dacc4cd0535fe3479e8f52,....KKKKKK..,S06~S08|S06~S10|S07~S09|S07~S10,S01>S02>S04>S12>S03>S11>S05>S07>S09>S10>S06>S08
rb_dbb13e3b78baa02757e30c,.K..K.K.KK.K,S02~S09|S02~S10|S02~S12|S09~S10,S03>S01>S04>S06>S08>S05>S11>S12>S07>S02>S10>S09
rb_dbfeaa6002542b21de9981,K.KKK..K..K.,S02~S06|S06~S07|S06~S10|S09~S10,S02>S07>S06>S09>S10>S12>S08>S05>S11>S01>S03>S04
rb_dc4d14f262ef1d7de9ebdb,..K.KK..K.KK,S02~S10|S03~S05|S05~S09|S09~S11,S07>S08>S01>S02>S04>S10>S05>S06>S03>S11>S09>S12
rb_dc74b89a2d3e6bcd58f694,KK..K..K.KK.,S01~S05|S03~S10|S04~S07|S05~S11,S09>S07>S06>S04>S12>S03>S10>S05>S11>S02>S01>S08
rb_dc933c551c305c45257789,KKK...KKK...,S04~S05|S04~S10|S05~S06|S05~S12,S05>S04>S12>S06>S10>S11>S07>S03>S01>S09>S02>S08
rb_dd66395a7a0f77eb830fa0,KK...KK.K..K,S03~S10|S04~S09|S09~S12|S10~S11,S03>S10>S11>S08>S05>S04>S09>S02>S01>S12>S06>S07
rb_dd823931da472f87cb17bf,.K.KKK.KK...,S01~S03|S01~S12|S03~S12|S07~S10,S03>S10>S07>S12>S01>S11>S04>S06>S08>S02>S05>S09
rb_ddd2faa819876ae3f4f751,.KK...KK.KK.,S02~S04|S03~S11|S04~S06|S10~S11,S09>S05>S12>S01>S04>S06>S02>S03>S10>S11>S08>S07
rb_de7d78d69f92e47bb492ed,KK..K.KK..K.,S02~S03|S02~S07|S02~S08|S07~S08,S06>S04>S12>S09>S10>S03>S01>S07>S02>S08>S11>S05
rb_debca8a763b114bc7636cf,....K..KKKKK,S03~S10|S06~S10|S06~S11|S08~S11,S04>S07>S03>S01>S02>S06>S05>S11>S10>S09>S08>S12
rb_dedc5ebc20fbe738f06ca3,.K..KK...KKK,S04~S09|S07~S09|S07~S12|S09~S12,S01>S04>S08>S03>S07>S11>S09>S12>S10>S02>S06>S05
rb_df1ae6f442bc56c49387da,.K...K..KKKK,S01~S07|S05~S07|S05~S10|S07~S10,S04>S08>S01>S03>S07>S05>S10>S11>S12>S09>S02>S06
rb_df8f84fe9e4d9c4ee44aac,..K.K.KK.K.K,S01~S04|S01~S06|S02~S06|S04~S06,S01>S04>S02>S11>S06>S09>S10>S03>S05>S07>S12>S08
rb_dfb73eac382e8cfc3b567b,...KK.K..KKK,S02~S06|S03~S08|S04~S12|S05~S12,S09>S08>S03>S01>S06>S02>S10>S11>S04>S12>S05>S07
rb_e0f89e6491a73dcc3c9c63,....KKK..KKK,S02~S03|S03~S08|S05~S11|S06~S11,S09>S04>S01>S08>S03>S02>S10>S06>S12>S11>S05>S07
rb_e114eb4a1649f1a6170e28,..KK.KK..K.K,S02~S05|S02~S11|S05~S10|S06~S12,S09>S01>S11>S08>S02>S05>S03>S10>S04>S07>S12>S06
rb_e16e36701853e765533e08,..KKK....KKK,S03~S04|S03~S05|S03~S12|S04~S05,S08>S07>S02>S09>S01>S06>S04>S12>S03>S05>S11>S10
rb_e186e7525e6b69e65afac3,K.....KKK.KK,S02~S03|S03~S05|S06~S11|S07~S09,S05>S10>S04>S02>S03>S06>S11>S07>S01>S09>S12>S08
rb_e1e674e62cdf054f60616c,.K.K.K.KK..K,S05~S11|S05~S12|S07~S11|S11~S12,S10>S03>S01>S05>S07>S11>S09>S12>S04>S08>S06>S02
rb_e21168fb257314b16492a9,...K..K.KKKK,S01~S03|S02~S03|S02~S09|S03~S09,S08>S05>S01>S03>S06>S02>S09>S11>S04>S10>S07>S12
rb_e2761e931988e7be20e51a,..K.K.K.KK.K,S01~S02|S01~S06|S02~S06|S02~S08,S08>S02>S06>S04>S01>S11>S05>S10>S09>S03>S12>S07
rb_e27fb0e179aed52527fed9,...KKK...KKK,S01~S06|S01~S08|S06~S07|S06~S08,S02>S01>S03>S09>S07>S10>S08>S06>S04>S11>S05>S12
rb_e283872a04720cc1aaa12c,..K.K...KKKK,S03~S08|S03~S09|S03~S11|S10~S11,S06>S07>S04>S01>S02>S08>S12>S03>S09>S11>S10>S05
rb_e2994b6f26f5b7e524ba41,K..K.KKK.K..,S04~S05|S04~S08|S05~S06|S06~S08,S02>S03>S09>S05>S11>S12>S04>S06>S08>S07>S01>S10
rb_e31abfbeff7438388f485e,K.K.K.K...KK,S01~S10|S03~S08|S03~S10|S08~S10,S04>S06>S02>S09>S08>S03>S10>S01>S12>S07>S11>S05
rb_e32eca35e342b8fd7939ce,KK....K.KKK.,S03~S04|S03~S06|S04~S05|S04~S06,S03>S04>S05>S06>S08>S12>S10>S09>S01>S02>S11>S07
rb_e37cd768bb713ea2ce98ad,.K..KKK.KK..,S02~S06|S05~S09|S06~S07|S06~S09,S03>S11>S04>S08>S01>S12>S02>S06>S07>S09>S05>S10
rb_e37da753de36125c33e937,K..K.KK...KK,S03~S10|S06~S07|S06~S12|S07~S12,S09>S05>S02>S03>S10>S08>S07>S11>S04>S12>S06>S01
rb_e38af0193171ef57c10b49,.K..KKKK.K..,S01~S03|S01~S12|S06~S12|S09~S11,S11>S09>S01>S03>S12>S04>S06>S02>S07>S08>S05>S10
rb_e3ae93e2d2a402e41d1398,K.....KK.KKK,S03~S12|S04~S06|S04~S09|S06~S09,S09>S04>S02>S06>S03>S05>S12>S01>S07>S08>S11>S10
rb_e4426aaa0eda8fba186572,...K..KK.KKK,S01~S11|S07~S09|S07~S11|S09~S10,S02>S06>S05>S03>S01>S12>S09>S07>S04>S11>S10>S08
rb_e457857a091df32f9df637,KK..K.KK..K.,S02~S07|S03~S06|S03~S07|S06~S07,S12>S10>S04>S09>S06>S03>S02>S07>S11>S08>S05>S01
rb_e4cfa553308c6177ae23cf,K..K..KK..KK,S02~S06|S06~S08|S06~S11|S08~S11,S09>S10>S02>S06>S03>S05>S08>S04>S11>S12>S07>S01
rb_e52c19431dc8ab0417b5e1,..KKKK..K..K,S01~S02|S01~S03|S01~S08|S03~S08,S10>S02>S01>S08>S07>S11>S12>S09>S03>S04>S05>S06
rb_e53263cd9686c50a537e8f,..K.KK..K.KK,S01~S04|S01~S10|S02~S04|S04~S10,S01>S04>S02>S08>S07>S10>S12>S09>S05>S03>S06>S11
rb_e5acfbf0f60cb90e0a403e,.K.KKKKK....,S01~S05|S01~S06|S05~S06|S06~S07,S12>S09>S03>S10>S11>S01>S08>S05>S06>S04>S07>S02
rb_e5c308183b3021a3203604,KK..KK....KK,S01~S02|S01~S05|S02~S05|S03~S07,S09>S04>S08>S03>S12>S10>S07>S06>S11>S02>S05>S01
rb_e5cde0a254b4ac9c0449b9,..KKKK..K..K,S02~S08|S02~S10|S04~S06|S07~S10,S07>S10>S01>S02>S08>S11>S05>S12>S09>S06>S04>S03
rb_e672d6a738702cc95686e0,..KKKK....KK,S02~S07|S03~S04|S03~S12|S11~S12,S01>S10>S02>S07>S09>S08>S04>S05>S03>S06>S12>S11
rb_e6ada62e5483b2609d5c36,..KKKK..K..K,S01~S06|S01~S09|S01~S11|S06~S11,S07>S02>S08>S10>S01>S11>S06>S05>S09>S12>S04>S03
rb_e6bcf5bdd08e21c9583e2d,...KK.KKKK..,S01~S11|S03~S06|S03~S12|S04~S05,S02>S03>S06>S11>S01>S12>S10>S09>S08>S07>S05>S04
rb_e6c2c0da6534223e50e192,...K.KKK.K.K,S02~S04|S02~S09|S04~S11|S06~S07,S05>S01>S09>S03>S02>S04>S11>S10>S12>S07>S06>S08
rb_e70532b71d16995f137c06,.KK.K..K.K.K,S01~S11|S03~S05|S03~S11|S05~S11,S06>S01>S09>S07>S04>S11>S08>S03>S05>S02>S10>S12
rb_e73bf2e32af24f990a4fb8,.KK..KK...KK,S01~S03|S01~S10|S03~S10|S09~S10,S08>S05>S04>S09>S01>S10>S03>S07>S06>S11>S12>S02
rb_e77085ab38a61b24ba6dba,K..K.K.KK..K,S01~S07|S05~S07|S05~S10|S10~S11,S03>S05>S10>S02>S07>S11>S12>S01>S06>S09>S08>S04
rb_e78e43c5ec38a688d61872,..K.K..KKK.K,S01~S02|S01~S04|S02~S04|S04~S11,S07>S01>S06>S04>S02>S11>S10>S05>S03>S08>S12>S09
rb_e7b6cc0f091ec18d31a221,K.K.K.KK...K,S01~S03|S02~S03|S02~S06|S03~S06,S04>S10>S09>S06>S11>S02>S03>S01>S12>S07>S05>S08
rb_e876b6ca8c210966f65f64,.K.KKK..K..K,S01~S03|S02~S05|S02~S06|S05~S06,S08>S07>S11>S10>S03>S01>S04>S06>S02>S05>S12>S09
rb_e8dac001a8be467374a410,.K.K..K..KKK,S02~S10|S03~S09|S05~S10|S08~S10,S03>S09>S01>S06>S08>S05>S10>S11>S02>S07>S12>S04
rb_e91458e41174dc86af1a2e,K.KK..KK...K,S01~S12|S03~S12|S04~S12|S07~S12,S06>S05>S09>S10>S11>S02>S01>S04>S12>S03>S07>S08
rb_e942c990edd8e4946e23e1,.K..KK..K.KK,S01~S03|S06~S12|S09~S11|S09~S12,S03>S01>S07>S04>S10>S08>S11>S09>S02>S05>S12>S06
rb_e9ac7ea94d7412ea9b0cfe,.KKK.K.K.K..,S01~S06|S01~S08|S01~S11|S08~S11,S05>S09>S12>S07>S11>S01>S08>S06>S02>S04>S10>S03
rb_ea0cde7eb3ad1fb9c82406,..KKKK...KK.,S01~S03|S01~S06|S03~S06|S05~S06,S07>S09>S02>S08>S11>S01>S12>S03>S06>S05>S04>S10
rb_ea718552a367da17bf20be,...K.KK.KKK.,S01~S03|S01~S10|S07~S11|S10~S11,S12>S08>S03>S01>S02>S05>S06>S10>S11>S07>S09>S04
rb_eaa7cb5273a60d43c349eb,..KK.KK.K.K.,S02~S09|S02~S12|S05~S08|S09~S12,S05>S08>S10>S01>S02>S12>S09>S11>S04>S03>S06>S07
rb_eb224bab7bfb9c57c3271d,.KK.K...K.KK,S04~S08|S04~S10|S06~S10|S08~S10,S04>S08>S06>S01>S10>S07>S09>S05>S02>S11>S03>S12
rb_eb3219676835b2acc900a6,.K..K.KK..KK,S03~S04|S03~S05|S03~S08|S04~S08,S01>S09>S04>S10>S03>S06>S05>S08>S02>S12>S11>S07
rb_eb66058362332f280bb3b6,.K..KKK..KK.,S02~S03|S02~S06|S02~S11|S05~S11,S12>S08>S04>S09>S01>S03>S07>S06>S02>S11>S05>S10
rb_eb91c30482506d6904b867,KK.K.KK.K...,S05~S09|S09~S11|S09~S12|S11~S12,S03>S08>S10>S05>S11>S12>S07>S09>S06>S04>S01>S02
rb_ebddc20c7c6e498a7515e5,...KK..KK.KK,S02~S03|S03~S08|S03~S12|S08~S12,S07>S06>S02>S01>S10>S03>S08>S12>S04>S05>S11>S09
rb_ec6ba8600968136d97c279,..K..KKKK..K,S02~S04|S02~S05|S04~S05|S04~S11,S01>S02>S05>S04>S10>S11>S09>S12>S07>S08>S06>S03
rb_ec7c5b794cb6802ac08852,.KKK....K.KK,S01~S07|S05~S07|S06~S10|S10~S11,S08>S05>S07>S06>S01>S10>S03>S11>S09>S02>S04>S12
rb_eccd1627b165c486654cb2,K.K.K...KK.K,S04~S05|S04~S09|S05~S09|S05~S10,S11>S02>S07>S06>S04>S08>S09>S10>S01>S05>S12>S03
rb_ee6bed870bf34229e25aad,KK.K.KK..K..,S05~S06|S05~S11|S06~S07|S06~S10,S09>S12>S03>S11>S01>S05>S08>S02>S04>S06>S10>S07
rb_eee4c37aadd14d1d09ada8,.KKK....K.KK,S07~S08|S07~S11|S08~S11|S10~S12,S06>S08>S05>S01>S02>S07>S10>S03>S11>S12>S09>S04
rb_ef1c9666efadbf6a3ddb5f,K.KK.K.K..K.,S02~S07|S02~S09|S02~S10|S07~S10,S09>S02>S07>S10>S12>S05>S03>S06>S11>S08>S01>S04
rb_efb2715d598d3ca3695b1b,K...KKKKK...,S03~S10|S03~S12|S10~S12|S11~S12,S03>S12>S10>S11>S02>S04>S05>S06>S08>S09>S01>S07
rb_efc3f807822733f53255b4,..K....KKKKK,S02~S05|S02~S06|S05~S06|S05~S07,S04>S02>S01>S06>S05>S07>S08>S03>S09>S11>S12>S10
rb_efe646de94287a49f41fe1,..K.KK..KKK.,S02~S04|S04~S06|S04~S07|S04~S09,S01>S02>S08>S07>S12>S04>S06>S09>S11>S03>S05>S10
rb_f03f01a47bc5fedaea5ca9,.K....KKK.KK,S01~S03|S01~S06|S01~S10|S03~S10,S03>S10>S05>S01>S04>S06>S09>S11>S08>S02>S07>S12
rb_f04e6c3e6e70f32faaea18,K.K.K.K.KK..,S06~S11|S06~S12|S08~S11|S11~S12,S08>S11>S06>S12>S04>S02>S10>S09>S05>S03>S01>S07
rb_f0833c07bfe8549ffa076d,K.....KK.KKK,S02~S04|S02~S05|S04~S05|S05~S06,S02>S04>S06>S05>S08>S09>S03>S10>S12>S01>S07>S11
rb_f0a6d86659d5b28b891741,K.K.KK..K..K,S01~S05|S02~S09|S02~S11|S09~S11,S04>S10>S07>S08>S02>S11>S01>S09>S06>S05>S03>S12
rb_f0da7753d3a3217d7c5da4,.K..KKK.K.K.,S01~S10|S03~S05|S03~S10|S05~S10,S12>S04>S01>S10>S03>S08>S11>S05>S07>S06>S09>S02
rb_f0eacdcdeff2a124151229,KK..K.KK..K.,S03~S04|S04~S05|S04~S08|S06~S12,S09>S03>S06>S12>S10>S04>S08>S05>S02>S01>S07>S11
rb_f0f73681469c2b8475619d,KK..KK.K..K.,S03~S07|S03~S09|S04~S10|S07~S09,S03>S07>S09>S12>S04>S10>S06>S01>S08>S05>S02>S11
rb_f17a6f780aac5f57f0138f,KK....KK..KK,S03~S06|S03~S12|S06~S07|S07~S12,S05>S04>S06>S09>S03>S10>S07>S01>S12>S02>S11>S08
rb_f18cda5d925dfdcf3ae9ad,.KK.KK.K...K,S01~S10|S04~S07|S04~S11|S07~S11,S01>S04>S09>S07>S11>S10>S02>S12>S08>S03>S05>S06
rb_f1f2a75b886bd3b2975c38,.K...K.K.KKK,S06~S08|S08~S11|S08~S12|S11~S12,S04>S03>S01>S09>S07>S05>S02>S11>S08>S06>S12>S10
rb_f21b6903e79d93a39489e8,K..K.KKKK...,S01~S04|S02~S11|S05~S10|S05~S12,S02>S11>S12>S05>S03>S10>S09>S06>S08>S07>S04>S01
rb_f27dfb9586162741b69840,..K..K..KKKK,S02~S05|S02~S07|S02~S12|S05~S07,S01>S05>S04>S07>S02>S08>S10>S09>S03>S12>S11>S06
rb_f2d6fa114721add7a88319,KK..K.K.K.K.,S01~S05|S03~S06|S05~S09|S07~S09,S10>S04>S12>S08>S06>S03>S01>S05>S07>S09>S11>S02
rb_f2ee262468ad0f931650ba,..KK...KKKK.,S04~S09|S04~S11|S08~S09|S09~S11,S06>S02>S01>S07>S05>S12>S10>S03>S08>S09>S04>S11
rb_f309428a9590f4c0f809b7,...K.KKK.K.K,S01~S03|S01~S11|S03~S11|S10~S11,S01>S03>S05>S02>S09>S11>S10>S04>S07>S08>S06>S12
rb_f333774aa7285e1ffb271c,.K...K.KKK.K,S03~S05|S06~S08|S06~S12|S08~S12,S01>S07>S04>S11>S05>S03>S02>S12>S06>S09>S08>S10
rb_f34ddcc12d5c9e1f94fffa,.K...KKKK..K,S04~S05|S05~S08|S06~S08|S07~S08,S10>S01>S11>S03>S04>S05>S06>S12>S07>S08>S09>S02
rb_f39bb83169f826145db48e,KK....K..KKK,S03~S06|S03~S08|S03~S09|S08~S09,S06>S08>S03>S05>S09>S04>S12>S10>S02>S07>S11>S01
rb_f3c4963af1d08f66bf815c,...KK..KKK.K,S01~S02|S01~S03|S03~S06|S05~S09,S01>S11>S02>S03>S06>S07>S09>S08>S05>S12>S10>S04
rb_f3f76f1c4b391bc36529d2,.KK..KK...KK,S04~S07|S06~S07|S06~S09|S07~S09,S08>S04>S01>S10>S05>S09>S07>S11>S06>S02>S03>S12
rb_f40f5790d2d3a8830625a9,....KK..KKKK,S03~S05|S03~S12|S05~S12|S06~S12,S02>S07>S01>S08>S04>S03>S11>S05>S10>S12>S06>S09
rb_f416793b4e0b63cb8a1aa7,..K.K..K.KKK,S04~S06|S04~S07|S05~S11|S07~S11,S02>S01>S09>S06>S07>S04>S08>S03>S05>S11>S12>S10
rb_f45449b5a0db87c56e99af,.K...K..KKKK,S02~S03|S02~S05|S03~S05|S03~S10,S07>S01>S08>S04>S03>S05>S11>S10>S02>S06>S09>S12
rb_f47be9024d1892956fcf98,.KK..K.KK..K,S01~S11|S03~S11|S04~S11|S05~S10,S07>S10>S05>S01>S04>S11>S09>S06>S08>S12>S03>S02
rb_f47ce748543738cb0b8fb2,KK...KK.KK..,S01~S02|S01~S07|S02~S07|S07~S10,S08>S04>S12>S11>S05>S03>S10>S07>S01>S02>S09>S06
rb_f5bf0ce0b1188fd23f944e,.K..K..KKK.K,S01~S06|S01~S08|S05~S08|S06~S08,S03>S07>S11>S04>S01>S06>S08>S12>S05>S02>S10>S09
rb_f5c414c4a8ea99a3cda21f,.KKKK.....KK,S02~S11|S03~S05|S05~S11|S06~S09,S06>S01>S07>S08>S09>S10>S12>S03>S05>S02>S04>S11
rb_f632922e08e79ed05bfa5a,.K..K..K.KKK,S03~S06|S04~S09|S05~S06|S05~S09,S01>S03>S07>S04>S09>S06>S05>S02>S10>S08>S12>S11
rb_f64323f7f45729f0e1f9a7,...K.K.KKK.K,S01~S05|S01~S11|S04~S08|S08~S10,S03>S11>S05>S01>S07>S02>S12>S10>S09>S04>S06>S08
rb_f66819eed0a9115df1367e,.K.K..K.KK.K,S01~S03|S01~S06|S01~S08|S03~S08,S11>S06>S05>S01>S08>S07>S03>S10>S12>S04>S02>S09
rb_f6e2da154001e0c5fb062c,K.KK.....KKK,S02~S05|S02~S08|S02~S09|S05~S08,S09>S02>S05>S08>S07>S06>S10>S03>S01>S04>S12>S11
rb_f70bbe221908a2b48d2bfb,...K.KKKK..K,S03~S04|S04~S06|S05~S06|S06~S07,S02>S01>S11>S10>S03>S05>S04>S06>S08>S12>S07>S09
rb_f75f6b086e5e7e47774f9f,KKKK..KK....,S03~S04|S07~S08|S09~S10|S10~S11,S12>S06>S11>S09>S10>S05>S01>S07>S08>S04>S02>S03
rb_f7b2fc54e5f7c0f982ba78,KK...KK.KK..,S03~S11|S06~S07|S06~S10|S07~S10,S11>S04>S08>S03>S12>S05>S02>S01>S06>S09>S07>S10
rb_f7b82fd214a1ce06f482c5,K.K.K....KKK,S03~S10|S03~S11|S04~S12|S09~S12,S06>S07>S02>S08>S09>S04>S12>S05>S10>S01>S03>S11
rb_f894a45b847d1ce7702422,..KK..KK.KK.,S01~S05|S04~S11|S05~S06|S06~S11,S09>S12>S05>S02>S01>S06>S08>S11>S10>S04>S07>S03
rb_f8957a82b2392efe480e48,K....K..KKKK,S06~S10|S06~S12|S07~S10|S10~S12,S02>S03>S04>S08>S05>S07>S06>S10>S12>S11>S09>S01
rb_f8c78d4213bcaccb714dd2,KK.K...KKK..,S04~S08|S04~S09|S04~S10|S08~S09,S07>S11>S06>S05>S03>S01>S12>S02>S10>S04>S08>S09
rb_f905b5f1bd1f34825fc246,..K.KK..KKK.,S03~S09|S04~S07|S04~S09|S09~S10,S01>S07>S08>S02>S04>S12>S03>S09>S10>S11>S06>S05
rb_f90a36e2335933e38a1ddd,.K..K.K.KK.K,S04~S08|S05~S10|S08~S10|S09~S10,S01>S03>S08>S06>S11>S04>S10>S12>S09>S05>S07>S02
rb_f95f53d135658368775f9e,K..KKK..K.K.,S01~S03|S02~S08|S03~S04|S03~S06,S02>S08>S10>S12>S07>S03>S06>S04>S01>S11>S05>S09
rb_f969b7bac7adc9c6cc75b5,.KKK.K...K.K,S05~S09|S05~S11|S07~S09|S09~S11,S07>S11>S09>S01>S08>S05>S03>S02>S12>S06>S10>S04
rb_fa36621b8cefb7748d680d,K.K...K..KKK,S05~S08|S05~S10|S06~S08|S07~S10,S06>S04>S08>S02>S09>S05>S07>S10>S11>S03>S01>S12
rb_fa93c71600ff674a82d580,KK.K...KKK..,S04~S09|S06~S07|S06~S12|S07~S12,S05>S06>S07>S11>S03>S12>S02>S04>S09>S08>S10>S01
rb_fb0a7207f1a4d35aef43af,.K...KK..KKK,S03~S05|S04~S05|S04~S08|S05~S08,S09>S04>S05>S03>S01>S08>S10>S02>S07>S06>S12>S11
rb_fb184344b2f4e4f9466e17,.K...KK.KKK.,S01~S05|S04~S06|S04~S10|S05~S10,S03>S08>S01>S05>S12>S04>S10>S06>S09>S11>S02>S07
rb_fb38bdead01890da5c01de,K..K.K..KK.K,S03~S07|S03~S11|S05~S07|S05~S08,S03>S07>S11>S05>S08>S02>S06>S10>S12>S04>S01>S09
rb_fb7ee163ca525c1c785f8d,...K.K.K.KKK,S01~S10|S01~S11|S06~S11|S10~S11,S07>S03>S09>S01>S05>S02>S12>S10>S06>S04>S11>S08
rb_fc466ca521c30829ff503a,..K..KKK..KK,S01~S05|S02~S04|S02~S09|S04~S09,S09>S01>S10>S02>S05>S04>S06>S08>S07>S11>S12>S03
rb_fc4b669d42d9c304425b27,.KKK.K.K..K.,S07~S10|S07~S12|S09~S12|S10~S12,S01>S07>S05>S12>S10>S09>S02>S06>S03>S04>S08>S11
rb_fccc6ab9bf9490a9c632a0,KK.K..KK..K.,S05~S12|S08~S10|S08~S12|S10~S12,S06>S03>S05>S09>S12>S10>S08>S07>S11>S01>S04>S02
rb_fd3ac1e63d84393ab1fcce,..KKK...KK.K,S06~S07|S06~S11|S07~S11|S10~S11,S01>S08>S06>S07>S02>S11>S03>S10>S12>S05>S09>S04
rb_fd5607443eb3fb3d45ae8c,K.KK...KKK..,S02~S07|S02~S12|S05~S11|S11~S12,S05>S07>S02>S11>S06>S12>S08>S03>S09>S10>S04>S01
rb_fd7991cb2ddc271a7d8bde,KKK...K.KK..,S05~S06|S06~S11|S06~S12|S11~S12,S05>S04>S08>S06>S11>S12>S02>S09>S01>S07>S10>S03
rb_fdb5bc15901ee199f67486,..K.KK.KK..K,S01~S03|S01~S12|S03~S12|S11~S12,S04>S10>S11>S01>S02>S07>S03>S12>S08>S05>S06>S09
rb_fe14d465e0bb49488fb2cc,KK.KK....KK.,S03~S07|S03~S08|S07~S12|S09~S12,S03>S07>S08>S06>S12>S09>S01>S04>S02>S10>S11>S05
rb_fe293a6f259e722d0149e1,..K..KK..KKK,S01~S04|S01~S06|S01~S07|S04~S06,S09>S02>S05>S08>S04>S01>S07>S12>S06>S03>S11>S10
rb_fea2601a1f71dcd3de28f9,K..KK....KKK,S02~S08|S02~S09|S07~S11|S08~S09,S02>S09>S08>S06>S07>S03>S05>S11>S12>S01>S10>S04
rb_fee572340409fd77b854f6,..K..KKK..KK,S04~S05|S04~S10|S06~S10|S06~S12,S05>S01>S04>S10>S09>S02>S06>S11>S12>S07>S08>S03
rb_ff0a402bea75725ffc5ebd,KK..KK....KK,S02~S08|S02~S10|S08~S10|S10~S12,S03>S04>S10>S07>S09>S08>S02>S12>S06>S05>S11>S01
rb_ff0d7e2d2d594d16a28483,.KK.KK.KK...,S01~S04|S02~S04|S04~S08|S04~S10,S07>S01>S10>S04>S12>S02>S11>S08>S03>S09>S06>S05
rb_ff668b7ed9cefe6adc91be,.K..K..KKK.K,S02~S08|S02~S10|S06~S07|S08~S12,S07>S06>S04>S11>S01>S03>S02>S05>S10>S08>S12>S09
rb_ffbb8e53bf76daa042dca3,.K.KK...K.KK,S01~S05|S01~S09|S05~S09|S05~S11,S08>S06>S03>S10>S07>S09>S01>S05>S12>S11>S02>S04
rb_ffce2aa65285f46e191031,KKKKK....K..,S04~S09|S04~S10|S07~S09|S09~S10,S06>S12>S08>S09>S07>S11>S04>S02>S03>S10>S01>S05
rb_ffe2dcb064de7dfa1bfac4,K...K.K..KKK,S02~S08|S04~S08|S05~S08|S08~S10,S03>S04>S09>S02>S08>S06>S05>S10>S12>S01>S11>S07
