id,answer_json
ctbr_eb585f23ba45d0caf4,"{""pass_mask"":""1111111110"",""fail_count"":1,""score_bucket"":""s09""}"
ctbr_f23af8a80e9692da65,"{""pass_mask"":""1111111000"",""fail_count"":3,""score_bucket"":""s07""}"
ctbr_c22c27755fd4c7ed85,"{""pass_mask"":""1111111111"",""fail_count"":0,""score_bucket"":""s10""}"
ctbr_5968dbf6ce61d5cb16,"{""pass_mask"":""0000000000"",""fail_count"":10,""score_bucket"":""s00""}"
ctbr_b8999f738b9c556778,"{""pass_mask"":""1111000010"",""fail_count"":5,""score_bucket"":""s05""}"
ctbr_28687d4c93a3d9c46e,"{""pass_mask"":""1011111100"",""fail_count"":3,""score_bucket"":""s07""}"
ctbr_738f3c5c802c4e722c,"{""pass_mask"":""1111111001"",""fail_count"":2,""score_bucket"":""s08""}"
ctbr_86c7844998b4ba5543,"{""pass_mask"":""1101001100"",""fail_count"":5,""score_bucket"":""s05""}"
ctbr_9db2192d9bd28f5102,"{""pass_mask"":""1111111100"",""fail_count"":2,""score_bucket"":""s08""}"
ctbr_6d40ab713b75a6ed8c,"{""pass_mask"":""1111111000"",""fail_count"":3,""score_bucket"":""s07""}"
ctbr_79e01747282297bd86,"{""pass_mask"":""1110110010"",""fail_count"":4,""score_bucket"":""s06""}"
ctbr_e7a85f85552f7df7b6,"{""pass_mask"":""1110110100"",""fail_count"":4,""score_bucket"":""s06""}"
ctbr_3a2cd1eec146d8cf16,"{""pass_mask"":""1110010101"",""fail_count"":4,""score_bucket"":""s06""}"
ctbr_d2cb04b8042064fa41,"{""pass_mask"":""1111111001"",""fail_count"":2,""score_bucket"":""s08""}"
ctbr_91ae020dff002b93b8,"{""pass_mask"":""1111111101"",""fail_count"":1,""score_bucket"":""s09""}"
ctbr_cfcff86ee680c66b7e,"{""pass_mask"":""1110110000"",""fail_count"":5,""score_bucket"":""s05""}"
ctbr_a1b700dbf70ae41fa7,"{""pass_mask"":""1111111100"",""fail_count"":2,""score_bucket"":""s08""}"
ctbr_03d882c131b7eb32c0,"{""pass_mask"":""1110111100"",""fail_count"":3,""score_bucket"":""s07""}"
ctbr_1796e5f2360ec98988,"{""pass_mask"":""1111110101"",""fail_count"":2,""score_bucket"":""s08""}"
ctbr_f93ad142503d7ee817,"{""pass_mask"":""1111111100"",""fail_count"":2,""score_bucket"":""s08""}"
ctbr_f63dc12bc189df95ec,"{""pass_mask"":""1110110100"",""fail_count"":4,""score_bucket"":""s06""}"
ctbr_9b4c3d564c406c9796,"{""pass_mask"":""1111111000"",""fail_count"":3,""score_bucket"":""s07""}"
ctbr_bf340369a6e2915f87,"{""pass_mask"":""1111101110"",""fail_count"":2,""score_bucket"":""s08""}"
ctbr_07394c724c56aa470f,"{""pass_mask"":""1110000111"",""fail_count"":4,""score_bucket"":""s06""}"
ctbr_bed6452aa451f8dbac,"{""pass_mask"":""1111111100"",""fail_count"":2,""score_bucket"":""s08""}"
ctbr_9dae3a6a5e25719e0c,"{""pass_mask"":""1110110100"",""fail_count"":4,""score_bucket"":""s06""}"
ctbr_3c52b0fb3906dcbd3c,"{""pass_mask"":""1111111100"",""fail_count"":2,""score_bucket"":""s08""}"
ctbr_34484a9d09ba2e3e6d,"{""pass_mask"":""1111111100"",""fail_count"":2,""score_bucket"":""s08""}"
ctbr_c1bd79139e38db0a52,"{""pass_mask"":""1111101010"",""fail_count"":3,""score_bucket"":""s07""}"
ctbr_326c99a711e8341b60,"{""pass_mask"":""1111111000"",""fail_count"":3,""score_bucket"":""s07""}"
ctbr_a0dba8deed4ac83ba3,"{""pass_mask"":""1111100000"",""fail_count"":5,""score_bucket"":""s05""}"
ctbr_1c2396ece6eae9f63a,"{""pass_mask"":""1111111100"",""fail_count"":2,""score_bucket"":""s08""}"
ctbr_817533b0d3cfd378a6,"{""pass_mask"":""1110111000"",""fail_count"":4,""score_bucket"":""s06""}"
ctbr_db5b9d3c041c256153,"{""pass_mask"":""1111100000"",""fail_count"":5,""score_bucket"":""s05""}"
ctbr_4b780f29da8ac995d0,"{""pass_mask"":""1111111110"",""fail_count"":1,""score_bucket"":""s09""}"
ctbr_76b868d922afc0ed7a,"{""pass_mask"":""1111111110"",""fail_count"":1,""score_bucket"":""s09""}"
ctbr_07552ab241687fb494,"{""pass_mask"":""1110101100"",""fail_count"":4,""score_bucket"":""s06""}"
ctbr_2f0333ec5ca0c8a2ad,"{""pass_mask"":""1111111111"",""fail_count"":0,""score_bucket"":""s10""}"
ctbr_1bbcd5b3576502c131,"{""pass_mask"":""1111111001"",""fail_count"":2,""score_bucket"":""s08""}"
ctbr_f5bf9805f641fd6964,"{""pass_mask"":""1111111111"",""fail_count"":0,""score_bucket"":""s10""}"
ctbr_e4410c8a39bdee2dd9,"{""pass_mask"":""1110110100"",""fail_count"":4,""score_bucket"":""s06""}"
ctbr_76c2703333a73e47a5,"{""pass_mask"":""1111111111"",""fail_count"":0,""score_bucket"":""s10""}"
ctbr_a507d8858a02bc97ec,"{""pass_mask"":""1111111000"",""fail_count"":3,""score_bucket"":""s07""}"
ctbr_abaedc8d0a2bef18d4,"{""pass_mask"":""1110110100"",""fail_count"":4,""score_bucket"":""s06""}"
ctbr_d93f4a2bd9a5a15b06,"{""pass_mask"":""1111111101"",""fail_count"":1,""score_bucket"":""s09""}"
ctbr_80d824ab7dbd29727a,"{""pass_mask"":""1110100101"",""fail_count"":4,""score_bucket"":""s06""}"
ctbr_971edd42edf14e702a,"{""pass_mask"":""1111111111"",""fail_count"":0,""score_bucket"":""s10""}"
ctbr_9e33a7064dae9efb6e,"{""pass_mask"":""1111111110"",""fail_count"":1,""score_bucket"":""s09""}"
ctbr_715799f8b099e11b98,"{""pass_mask"":""1111111011"",""fail_count"":1,""score_bucket"":""s09""}"
ctbr_cb8a8a4a73cd0d1f8a,"{""pass_mask"":""1111111100"",""fail_count"":2,""score_bucket"":""s08""}"
ctbr_91c8f1b52fc7d3d161,"{""pass_mask"":""1111100000"",""fail_count"":5,""score_bucket"":""s05""}"
ctbr_97860d83736551321e,"{""pass_mask"":""1101010010"",""fail_count"":5,""score_bucket"":""s05""}"
ctbr_210490f21f9b95952d,"{""pass_mask"":""1111111111"",""fail_count"":0,""score_bucket"":""s10""}"
ctbr_29ead21308d22f8446,"{""pass_mask"":""1110110010"",""fail_count"":4,""score_bucket"":""s06""}"
ctbr_cf7fc82db923ef0b0d,"{""pass_mask"":""1110110100"",""fail_count"":4,""score_bucket"":""s06""}"
ctbr_478a088b86b2421dec,"{""pass_mask"":""1111111100"",""fail_count"":2,""score_bucket"":""s08""}"
ctbr_18180d5f9460c342eb,"{""pass_mask"":""1111111111"",""fail_count"":0,""score_bucket"":""s10""}"
ctbr_e3a6653d81e53281a5,"{""pass_mask"":""1111111111"",""fail_count"":0,""score_bucket"":""s10""}"
ctbr_14803dda6508731e1e,"{""pass_mask"":""1111111100"",""fail_count"":2,""score_bucket"":""s08""}"
ctbr_8d11a63b09dce74285,"{""pass_mask"":""0111011100"",""fail_count"":4,""score_bucket"":""s06""}"
ctbr_f0cb6ac0f505963b38,"{""pass_mask"":""1111100111"",""fail_count"":2,""score_bucket"":""s08""}"
ctbr_cc7f7996d37dd9435b,"{""pass_mask"":""1110010110"",""fail_count"":4,""score_bucket"":""s06""}"
ctbr_96aab54a7cede5da1d,"{""pass_mask"":""1111111111"",""fail_count"":0,""score_bucket"":""s10""}"
ctbr_db8a26a99de404219a,"{""pass_mask"":""1011101000"",""fail_count"":5,""score_bucket"":""s05""}"
ctbr_88922b3c469cbf4f4c,"{""pass_mask"":""1111111110"",""fail_count"":1,""score_bucket"":""s09""}"
ctbr_9234f37471d6a43631,"{""pass_mask"":""1111111100"",""fail_count"":2,""score_bucket"":""s08""}"
ctbr_9b3b1f5881f0594131,"{""pass_mask"":""1110111000"",""fail_count"":4,""score_bucket"":""s06""}"
ctbr_f5663b453b811ed905,"{""pass_mask"":""1111111000"",""fail_count"":3,""score_bucket"":""s07""}"
ctbr_7611737972b11ad96f,"{""pass_mask"":""1111100000"",""fail_count"":5,""score_bucket"":""s05""}"
ctbr_257a9c2125514339ae,"{""pass_mask"":""1111111100"",""fail_count"":2,""score_bucket"":""s08""}"
ctbr_e31cd424bd3bbfd704,"{""pass_mask"":""1110110100"",""fail_count"":4,""score_bucket"":""s06""}"
ctbr_f4f3b5fbeea73322f4,"{""pass_mask"":""1111111111"",""fail_count"":0,""score_bucket"":""s10""}"
ctbr_264fbec57cdce1fa25,"{""pass_mask"":""0100110101"",""fail_count"":5,""score_bucket"":""s05""}"
ctbr_914c2e9f7dbd2ff014,"{""pass_mask"":""0000000000"",""fail_count"":10,""score_bucket"":""s00""}"
ctbr_caf0926d4c2ba24ad3,"{""pass_mask"":""1110110100"",""fail_count"":4,""score_bucket"":""s06""}"
ctbr_4a109fdc586c54f4ca,"{""pass_mask"":""1111111111"",""fail_count"":0,""score_bucket"":""s10""}"
ctbr_f8b3a85ed93c97cbdd,"{""pass_mask"":""0100111001"",""fail_count"":5,""score_bucket"":""s05""}"
ctbr_e72c307e01015b2a5e,"{""pass_mask"":""1111111111"",""fail_count"":0,""score_bucket"":""s10""}"
ctbr_d4d12c43ac20896ddd,"{""pass_mask"":""1111111100"",""fail_count"":2,""score_bucket"":""s08""}"
ctbr_58f65e940763e3672a,"{""pass_mask"":""1111111110"",""fail_count"":1,""score_bucket"":""s09""}"
ctbr_628350c33503bb5bf2,"{""pass_mask"":""1110100100"",""fail_count"":5,""score_bucket"":""s05""}"
ctbr_ed126d7a81c2f0d0c2,"{""pass_mask"":""1111111100"",""fail_count"":2,""score_bucket"":""s08""}"
ctbr_e2b0db37a28f781310,"{""pass_mask"":""1111111111"",""fail_count"":0,""score_bucket"":""s10""}"
ctbr_c90f4e6524d338c64d,"{""pass_mask"":""1111111110"",""fail_count"":1,""score_bucket"":""s09""}"
ctbr_293171dc6b0fd8c8e4,"{""pass_mask"":""1111000101"",""fail_count"":4,""score_bucket"":""s06""}"
ctbr_42e43d02df19bda149,"{""pass_mask"":""1111100000"",""fail_count"":5,""score_bucket"":""s05""}"
ctbr_6d3c2d3b75094d92c7,"{""pass_mask"":""1111100000"",""fail_count"":5,""score_bucket"":""s05""}"
ctbr_c4b2c98595adc286bd,"{""pass_mask"":""0000000000"",""fail_count"":10,""score_bucket"":""s00""}"
ctbr_bd75b700c3f2bf670c,"{""pass_mask"":""1111111111"",""fail_count"":0,""score_bucket"":""s10""}"
ctbr_1be3eb78366be24276,"{""pass_mask"":""1110111001"",""fail_count"":3,""score_bucket"":""s07""}"
ctbr_8d210eb1d7b6cc0fd0,"{""pass_mask"":""1111111000"",""fail_count"":3,""score_bucket"":""s07""}"
ctbr_e412311d491538df89,"{""pass_mask"":""1111111000"",""fail_count"":3,""score_bucket"":""s07""}"
ctbr_580acd777adbb37dc6,"{""pass_mask"":""1111111011"",""fail_count"":1,""score_bucket"":""s09""}"
ctbr_65d8988bdb24d97abb,"{""pass_mask"":""1111111110"",""fail_count"":1,""score_bucket"":""s09""}"
ctbr_3be996b5ae776ec4bb,"{""pass_mask"":""1111101101"",""fail_count"":2,""score_bucket"":""s08""}"
ctbr_cd8e76824cd66cf6cb,"{""pass_mask"":""1101110000"",""fail_count"":5,""score_bucket"":""s05""}"
ctbr_f4b806b478335696ae,"{""pass_mask"":""1111111110"",""fail_count"":1,""score_bucket"":""s09""}"
ctbr_e966cfa002bf760669,"{""pass_mask"":""1111100000"",""fail_count"":5,""score_bucket"":""s05""}"
ctbr_bc30c6195d33d58a25,"{""pass_mask"":""1111100000"",""fail_count"":5,""score_bucket"":""s05""}"
ctbr_a848c9f4b45cdd3d21,"{""pass_mask"":""1111111110"",""fail_count"":1,""score_bucket"":""s09""}"
ctbr_6d436056d5652c881c,"{""pass_mask"":""1111111100"",""fail_count"":2,""score_bucket"":""s08""}"
ctbr_86e567e7969abd0cee,"{""pass_mask"":""1111111111"",""fail_count"":0,""score_bucket"":""s10""}"
ctbr_65feb9ff760db231f1,"{""pass_mask"":""1111111110"",""fail_count"":1,""score_bucket"":""s09""}"
ctbr_512e07af01ea7a8e62,"{""pass_mask"":""1111111110"",""fail_count"":1,""score_bucket"":""s09""}"
ctbr_f4eec2d1ded37670aa,"{""pass_mask"":""1111100000"",""fail_count"":5,""score_bucket"":""s05""}"
ctbr_551a5852af490f1bfc,"{""pass_mask"":""1111111100"",""fail_count"":2,""score_bucket"":""s08""}"
ctbr_14d48ce92e035f9688,"{""pass_mask"":""1111000001"",""fail_count"":5,""score_bucket"":""s05""}"
ctbr_468cec35949f95cea9,"{""pass_mask"":""1111111100"",""fail_count"":2,""score_bucket"":""s08""}"
ctbr_cba9905256a19b89e9,"{""pass_mask"":""1111111001"",""fail_count"":2,""score_bucket"":""s08""}"
ctbr_2724e4dada593013af,"{""pass_mask"":""1110110100"",""fail_count"":4,""score_bucket"":""s06""}"
ctbr_7c72f467ffe9368433,"{""pass_mask"":""1111110011"",""fail_count"":2,""score_bucket"":""s08""}"
ctbr_bb7b4960f3d850ac73,"{""pass_mask"":""0000000000"",""fail_count"":10,""score_bucket"":""s00""}"
ctbr_b95b7c1c3df35c13dc,"{""pass_mask"":""1111111100"",""fail_count"":2,""score_bucket"":""s08""}"
ctbr_a0c7ccf969335dfd55,"{""pass_mask"":""1111111100"",""fail_count"":2,""score_bucket"":""s08""}"
ctbr_afddbebab1bd7c56ac,"{""pass_mask"":""1111111100"",""fail_count"":2,""score_bucket"":""s08""}"
ctbr_ca6e738003e8bf7644,"{""pass_mask"":""1110110100"",""fail_count"":4,""score_bucket"":""s06""}"
ctbr_c6153191d1409f754e,"{""pass_mask"":""1111111111"",""fail_count"":0,""score_bucket"":""s10""}"
ctbr_42963895e97b5c291c,"{""pass_mask"":""1111100000"",""fail_count"":5,""score_bucket"":""s05""}"
ctbr_72ae9e788a57f90985,"{""pass_mask"":""1110010101"",""fail_count"":4,""score_bucket"":""s06""}"
ctbr_e5d5d0cd72f75d160b,"{""pass_mask"":""1111110110"",""fail_count"":2,""score_bucket"":""s08""}"
ctbr_f1b4e7658079eacbff,"{""pass_mask"":""1111100000"",""fail_count"":5,""score_bucket"":""s05""}"
ctbr_ec1e11b4619cb97257,"{""pass_mask"":""1111111100"",""fail_count"":2,""score_bucket"":""s08""}"
ctbr_35741dfee6a6785843,"{""pass_mask"":""1111111110"",""fail_count"":1,""score_bucket"":""s09""}"
ctbr_ebf38a044678b2d98c,"{""pass_mask"":""1111111110"",""fail_count"":1,""score_bucket"":""s09""}"
ctbr_67071584e385a6b430,"{""pass_mask"":""1111111100"",""fail_count"":2,""score_bucket"":""s08""}"
ctbr_f812a22fbe90c81765,"{""pass_mask"":""1111100000"",""fail_count"":5,""score_bucket"":""s05""}"
ctbr_ed92b63e2c97ecff9c,"{""pass_mask"":""1111101101"",""fail_count"":2,""score_bucket"":""s08""}"
ctbr_ec93b085eb07150d36,"{""pass_mask"":""0000000000"",""fail_count"":10,""score_bucket"":""s00""}"
ctbr_03e6cac71ff0c9f2a6,"{""pass_mask"":""1111111110"",""fail_count"":1,""score_bucket"":""s09""}"
ctbr_0396603ab0be92eb79,"{""pass_mask"":""1111111111"",""fail_count"":0,""score_bucket"":""s10""}"
ctbr_3f1559764567b37c4a,"{""pass_mask"":""1111111110"",""fail_count"":1,""score_bucket"":""s09""}"
ctbr_34077d499a782b7df8,"{""pass_mask"":""1111111111"",""fail_count"":0,""score_bucket"":""s10""}"
ctbr_151a0784190da7e561,"{""pass_mask"":""1110110100"",""fail_count"":4,""score_bucket"":""s06""}"
ctbr_28bb0e8de189c15480,"{""pass_mask"":""1110110100"",""fail_count"":4,""score_bucket"":""s06""}"
ctbr_4179c0c702cd264500,"{""pass_mask"":""0000000000"",""fail_count"":10,""score_bucket"":""s00""}"
ctbr_71652b2edcf0240e3b,"{""pass_mask"":""1111100000"",""fail_count"":5,""score_bucket"":""s05""}"
ctbr_ddbd24f2d086b7c745,"{""pass_mask"":""1111100000"",""fail_count"":5,""score_bucket"":""s05""}"
ctbr_b1ac849f53da913077,"{""pass_mask"":""1111111000"",""fail_count"":3,""score_bucket"":""s07""}"
ctbr_59ba021560ec0dde21,"{""pass_mask"":""1111111100"",""fail_count"":2,""score_bucket"":""s08""}"
ctbr_99e20a4b8161b43294,"{""pass_mask"":""1111111100"",""fail_count"":2,""score_bucket"":""s08""}"
ctbr_e7fbccf84402f95083,"{""pass_mask"":""1110110100"",""fail_count"":4,""score_bucket"":""s06""}"
ctbr_b1c62157f7521d3d42,"{""pass_mask"":""1111100000"",""fail_count"":5,""score_bucket"":""s05""}"
ctbr_34650761ebd76da0ca,"{""pass_mask"":""1111111110"",""fail_count"":1,""score_bucket"":""s09""}"
ctbr_5abf50028c8bc27e62,"{""pass_mask"":""1110110100"",""fail_count"":4,""score_bucket"":""s06""}"
ctbr_134812288db79b2c22,"{""pass_mask"":""1111111111"",""fail_count"":0,""score_bucket"":""s10""}"
ctbr_ccab2aa37ad66f2ea8,"{""pass_mask"":""1111111100"",""fail_count"":2,""score_bucket"":""s08""}"
ctbr_688e9c714dd99fda44,"{""pass_mask"":""0111100111"",""fail_count"":3,""score_bucket"":""s07""}"
ctbr_e8a2348fbd40251133,"{""pass_mask"":""1110110100"",""fail_count"":4,""score_bucket"":""s06""}"
ctbr_5b01c30c9721a46d9d,"{""pass_mask"":""1110100010"",""fail_count"":5,""score_bucket"":""s05""}"
ctbr_2df1637af503e4934a,"{""pass_mask"":""1111111111"",""fail_count"":0,""score_bucket"":""s10""}"
ctbr_97e9766ed6f034e50b,"{""pass_mask"":""1110110100"",""fail_count"":4,""score_bucket"":""s06""}"
ctbr_a9403054ad87c3bbec,"{""pass_mask"":""1111111110"",""fail_count"":1,""score_bucket"":""s09""}"
ctbr_d274219ddb6f01b49c,"{""pass_mask"":""1111111111"",""fail_count"":0,""score_bucket"":""s10""}"
ctbr_4dbfa1293cf50385ac,"{""pass_mask"":""1110100101"",""fail_count"":4,""score_bucket"":""s06""}"
ctbr_48edc8399c6bd8e5d6,"{""pass_mask"":""1111100000"",""fail_count"":5,""score_bucket"":""s05""}"
ctbr_36fe059ee62f13f66a,"{""pass_mask"":""1111111110"",""fail_count"":1,""score_bucket"":""s09""}"
ctbr_71bf5a4af64fe5a511,"{""pass_mask"":""1111100000"",""fail_count"":5,""score_bucket"":""s05""}"
ctbr_4c662684a73bf7cc67,"{""pass_mask"":""1111111110"",""fail_count"":1,""score_bucket"":""s09""}"
ctbr_24514cdaffd648b296,"{""pass_mask"":""1111111100"",""fail_count"":2,""score_bucket"":""s08""}"
ctbr_58f3eac0c4c6b3c39d,"{""pass_mask"":""1111111111"",""fail_count"":0,""score_bucket"":""s10""}"
ctbr_c72a21c9b40a45e64a,"{""pass_mask"":""1111111111"",""fail_count"":0,""score_bucket"":""s10""}"
ctbr_550a46376897da3a0d,"{""pass_mask"":""1111111100"",""fail_count"":2,""score_bucket"":""s08""}"
ctbr_56fc893e2ac9dff438,"{""pass_mask"":""1111111100"",""fail_count"":2,""score_bucket"":""s08""}"
ctbr_81e2ceea00a15ac125,"{""pass_mask"":""0000000000"",""fail_count"":10,""score_bucket"":""s00""}"
ctbr_f5ee4883cca2c58d73,"{""pass_mask"":""1111100000"",""fail_count"":5,""score_bucket"":""s05""}"
ctbr_71d24871b36b469a5e,"{""pass_mask"":""0000000000"",""fail_count"":10,""score_bucket"":""s00""}"
ctbr_b0b79f9c032def982f,"{""pass_mask"":""1110110100"",""fail_count"":4,""score_bucket"":""s06""}"
ctbr_98fccdebaa7cbe6ec1,"{""pass_mask"":""1111111111"",""fail_count"":0,""score_bucket"":""s10""}"
ctbr_197b47434c9874e13b,"{""pass_mask"":""1111111100"",""fail_count"":2,""score_bucket"":""s08""}"
ctbr_65ffefdbd62a100ba0,"{""pass_mask"":""1111111110"",""fail_count"":1,""score_bucket"":""s09""}"
ctbr_470dbf4d17d2619e07,"{""pass_mask"":""0000000000"",""fail_count"":10,""score_bucket"":""s00""}"
ctbr_ea0bad453ee42793f6,"{""pass_mask"":""1110110100"",""fail_count"":4,""score_bucket"":""s06""}"
ctbr_e03fe60553a08ae291,"{""pass_mask"":""1111111110"",""fail_count"":1,""score_bucket"":""s09""}"
ctbr_b47aba9d671d25d67b,"{""pass_mask"":""1111111101"",""fail_count"":1,""score_bucket"":""s09""}"
ctbr_4a50be40fc05934579,"{""pass_mask"":""1111111000"",""fail_count"":3,""score_bucket"":""s07""}"
ctbr_be42459843fa3afb93,"{""pass_mask"":""1111111110"",""fail_count"":1,""score_bucket"":""s09""}"
ctbr_c85580ffafe865f9cc,"{""pass_mask"":""1111111100"",""fail_count"":2,""score_bucket"":""s08""}"
ctbr_168b380fb9fab4c804,"{""pass_mask"":""1111101101"",""fail_count"":2,""score_bucket"":""s08""}"
ctbr_9e36f765b3a964d057,"{""pass_mask"":""1111111000"",""fail_count"":3,""score_bucket"":""s07""}"
ctbr_e2b5ede5da1c82bba5,"{""pass_mask"":""1111111111"",""fail_count"":0,""score_bucket"":""s10""}"
ctbr_6cb064123a54675a72,"{""pass_mask"":""1110110000"",""fail_count"":5,""score_bucket"":""s05""}"
ctbr_38fa0c42d33d0bab86,"{""pass_mask"":""1111101110"",""fail_count"":2,""score_bucket"":""s08""}"
ctbr_2f0fec970f22811331,"{""pass_mask"":""0100110110"",""fail_count"":5,""score_bucket"":""s05""}"
ctbr_9b963acc551777330b,"{""pass_mask"":""1110110100"",""fail_count"":4,""score_bucket"":""s06""}"
ctbr_058df4c14bc429c1c2,"{""pass_mask"":""1111110000"",""fail_count"":4,""score_bucket"":""s06""}"
ctbr_67e1ba607471cef687,"{""pass_mask"":""1111111111"",""fail_count"":0,""score_bucket"":""s10""}"
ctbr_cb130b2e0c2eee9fc6,"{""pass_mask"":""1111111110"",""fail_count"":1,""score_bucket"":""s09""}"
ctbr_112999901c67a518c6,"{""pass_mask"":""1111111111"",""fail_count"":0,""score_bucket"":""s10""}"
ctbr_c3f978263750cd0cf5,"{""pass_mask"":""1111100000"",""fail_count"":5,""score_bucket"":""s05""}"
ctbr_0f258db2b0ae5f223b,"{""pass_mask"":""1110110000"",""fail_count"":5,""score_bucket"":""s05""}"
ctbr_1638add1bfd93627f1,"{""pass_mask"":""1101101000"",""fail_count"":5,""score_bucket"":""s05""}"
ctbr_ad68f3eee296f38e1e,"{""pass_mask"":""1110100001"",""fail_count"":5,""score_bucket"":""s05""}"
ctbr_c2b54eaa2d2074440f,"{""pass_mask"":""1111111100"",""fail_count"":2,""score_bucket"":""s08""}"
ctbr_260974423789cf82f3,"{""pass_mask"":""1111111110"",""fail_count"":1,""score_bucket"":""s09""}"
ctbr_3275cc5c7771bdd91b,"{""pass_mask"":""1111111111"",""fail_count"":0,""score_bucket"":""s10""}"
ctbr_9fd05263d00f19d1d0,"{""pass_mask"":""1110110100"",""fail_count"":4,""score_bucket"":""s06""}"
ctbr_4f6ee76e018b37446d,"{""pass_mask"":""1111111101"",""fail_count"":1,""score_bucket"":""s09""}"
ctbr_2c7d79e54712ff060c,"{""pass_mask"":""0000000000"",""fail_count"":10,""score_bucket"":""s00""}"
ctbr_e48449abacbbe12ae9,"{""pass_mask"":""1110010011"",""fail_count"":4,""score_bucket"":""s06""}"
ctbr_8f66e8aacc58cd3833,"{""pass_mask"":""1111110011"",""fail_count"":2,""score_bucket"":""s08""}"
ctbr_2cd0597e30ebc0d0fb,"{""pass_mask"":""1110100110"",""fail_count"":4,""score_bucket"":""s06""}"
ctbr_9b52f643483b5f7ff5,"{""pass_mask"":""1110110100"",""fail_count"":4,""score_bucket"":""s06""}"
ctbr_acf8640b21a1c12603,"{""pass_mask"":""1111100000"",""fail_count"":5,""score_bucket"":""s05""}"
ctbr_672e27a48336500a47,"{""pass_mask"":""1110110100"",""fail_count"":4,""score_bucket"":""s06""}"
ctbr_cb88ffd36d3f1af6ef,"{""pass_mask"":""1111111000"",""fail_count"":3,""score_bucket"":""s07""}"
ctbr_ad8f553e64bf4ca413,"{""pass_mask"":""1111110000"",""fail_count"":4,""score_bucket"":""s06""}"
ctbr_5460dd51980ef42af0,"{""pass_mask"":""1111100000"",""fail_count"":5,""score_bucket"":""s05""}"
ctbr_1a766864f5bd069f83,"{""pass_mask"":""1111111100"",""fail_count"":2,""score_bucket"":""s08""}"
ctbr_9fb9cfb95a72745fd5,"{""pass_mask"":""1110011000"",""fail_count"":5,""score_bucket"":""s05""}"
ctbr_803eaffa91ba46d7f0,"{""pass_mask"":""1110100010"",""fail_count"":5,""score_bucket"":""s05""}"
ctbr_7f15577982ea756825,"{""pass_mask"":""0000000000"",""fail_count"":10,""score_bucket"":""s00""}"
ctbr_ee73b5c08aedda3117,"{""pass_mask"":""1111111110"",""fail_count"":1,""score_bucket"":""s09""}"
ctbr_82f12008a5a9fb50f7,"{""pass_mask"":""1111100000"",""fail_count"":5,""score_bucket"":""s05""}"
ctbr_f778827fd036a73691,"{""pass_mask"":""1111111000"",""fail_count"":3,""score_bucket"":""s07""}"
ctbr_97c909071038b3fb88,"{""pass_mask"":""1110110000"",""fail_count"":5,""score_bucket"":""s05""}"
ctbr_8a2f97e7cb1f632e92,"{""pass_mask"":""1111111111"",""fail_count"":0,""score_bucket"":""s10""}"
ctbr_8186e0f67da3ff7e4f,"{""pass_mask"":""1111100001"",""fail_count"":4,""score_bucket"":""s06""}"
ctbr_a02980ee21aeabd271,"{""pass_mask"":""1111111110"",""fail_count"":1,""score_bucket"":""s09""}"
ctbr_fd4c39986c422ba06e,"{""pass_mask"":""1111111100"",""fail_count"":2,""score_bucket"":""s08""}"
ctbr_a0524b7a04e6985900,"{""pass_mask"":""1111111110"",""fail_count"":1,""score_bucket"":""s09""}"
ctbr_31486bad742d8dc6cd,"{""pass_mask"":""1111111111"",""fail_count"":0,""score_bucket"":""s10""}"
ctbr_0c7f7f72f425869b9e,"{""pass_mask"":""1111111111"",""fail_count"":0,""score_bucket"":""s10""}"
ctbr_3a6ff3a4b5e8a8d35d,"{""pass_mask"":""1111111111"",""fail_count"":0,""score_bucket"":""s10""}"
ctbr_37faeddef4b6e48536,"{""pass_mask"":""1111111111"",""fail_count"":0,""score_bucket"":""s10""}"
ctbr_8a1d1d02a84ce202b0,"{""pass_mask"":""1101100100"",""fail_count"":5,""score_bucket"":""s05""}"
ctbr_76675c5899b8405024,"{""pass_mask"":""1111011010"",""fail_count"":3,""score_bucket"":""s07""}"
ctbr_59bf4509053635a950,"{""pass_mask"":""1111111111"",""fail_count"":0,""score_bucket"":""s10""}"
ctbr_1583cb257294ab2b87,"{""pass_mask"":""1111100000"",""fail_count"":5,""score_bucket"":""s05""}"
ctbr_05f95a0ed90cac0cc6,"{""pass_mask"":""1111111110"",""fail_count"":1,""score_bucket"":""s09""}"
ctbr_e683904a6d3a0a396d,"{""pass_mask"":""1111111011"",""fail_count"":1,""score_bucket"":""s09""}"
ctbr_940b7708d44da16d26,"{""pass_mask"":""1111111111"",""fail_count"":0,""score_bucket"":""s10""}"
ctbr_d18bda5317e66ea262,"{""pass_mask"":""1111111100"",""fail_count"":2,""score_bucket"":""s08""}"
ctbr_70f29078a3a265303f,"{""pass_mask"":""1110101000"",""fail_count"":5,""score_bucket"":""s05""}"
ctbr_166c595fbc9c952593,"{""pass_mask"":""0110111100"",""fail_count"":4,""score_bucket"":""s06""}"
ctbr_f0be064ed6da7fd1de,"{""pass_mask"":""1110110100"",""fail_count"":4,""score_bucket"":""s06""}"
ctbr_7c5fffa45dd57bb727,"{""pass_mask"":""1111111110"",""fail_count"":1,""score_bucket"":""s09""}"
ctbr_c6d6feaf7691239b0e,"{""pass_mask"":""1110011100"",""fail_count"":4,""score_bucket"":""s06""}"
ctbr_d48c06e99822da162e,"{""pass_mask"":""1111111110"",""fail_count"":1,""score_bucket"":""s09""}"
ctbr_10fa0e0827d987ef32,"{""pass_mask"":""1111001110"",""fail_count"":3,""score_bucket"":""s07""}"
ctbr_8ce745c96fea63880b,"{""pass_mask"":""1101110000"",""fail_count"":5,""score_bucket"":""s05""}"
ctbr_bba37138f692c1a8ef,"{""pass_mask"":""1110110010"",""fail_count"":4,""score_bucket"":""s06""}"
ctbr_d98291e5579ec60c12,"{""pass_mask"":""1110110100"",""fail_count"":4,""score_bucket"":""s06""}"
ctbr_5c520bc72b9231ac40,"{""pass_mask"":""1111111110"",""fail_count"":1,""score_bucket"":""s09""}"
ctbr_7ae75117af8ff3cb98,"{""pass_mask"":""1111111100"",""fail_count"":2,""score_bucket"":""s08""}"
ctbr_400a82a14cbe0a9ddf,"{""pass_mask"":""1111111111"",""fail_count"":0,""score_bucket"":""s10""}"
ctbr_90ecdbe4878f075139,"{""pass_mask"":""1111111100"",""fail_count"":2,""score_bucket"":""s08""}"
ctbr_e25e960c196ca62a98,"{""pass_mask"":""1111110110"",""fail_count"":2,""score_bucket"":""s08""}"
ctbr_a19cf830e8a20f3f1f,"{""pass_mask"":""1111111100"",""fail_count"":2,""score_bucket"":""s08""}"
ctbr_cc62fcd8b977980486,"{""pass_mask"":""1111100000"",""fail_count"":5,""score_bucket"":""s05""}"
ctbr_a7968a91a6e1cee0e1,"{""pass_mask"":""1111111110"",""fail_count"":1,""score_bucket"":""s09""}"
ctbr_d54010f4a084c09480,"{""pass_mask"":""1110110100"",""fail_count"":4,""score_bucket"":""s06""}"
ctbr_a7625646eb6b8cdbcd,"{""pass_mask"":""0000000000"",""fail_count"":10,""score_bucket"":""s00""}"
ctbr_763f9acafa69947756,"{""pass_mask"":""1111100000"",""fail_count"":5,""score_bucket"":""s05""}"
ctbr_87ac87354a5a871236,"{""pass_mask"":""1110010101"",""fail_count"":4,""score_bucket"":""s06""}"
ctbr_1d572ad8338b0f05fa,"{""pass_mask"":""1110110100"",""fail_count"":4,""score_bucket"":""s06""}"
ctbr_78b068e9892dc9fce3,"{""pass_mask"":""1111111110"",""fail_count"":1,""score_bucket"":""s09""}"
ctbr_c74af85ad22d5f412a,"{""pass_mask"":""1110100010"",""fail_count"":5,""score_bucket"":""s05""}"
ctbr_6e3b02376592c012cf,"{""pass_mask"":""0111101101"",""fail_count"":3,""score_bucket"":""s07""}"
ctbr_943df5f4926a90cd16,"{""pass_mask"":""1110111000"",""fail_count"":4,""score_bucket"":""s06""}"
ctbr_bbf2a0495202e6b3c5,"{""pass_mask"":""0000000000"",""fail_count"":10,""score_bucket"":""s00""}"
ctbr_5e6bcc2285d16c635d,"{""pass_mask"":""1111111011"",""fail_count"":1,""score_bucket"":""s09""}"
ctbr_07fd990b7185519623,"{""pass_mask"":""0100111100"",""fail_count"":5,""score_bucket"":""s05""}"
ctbr_79f3cac3476526286d,"{""pass_mask"":""1110101000"",""fail_count"":5,""score_bucket"":""s05""}"
ctbr_64fe2df4ce1ff401c2,"{""pass_mask"":""0000000000"",""fail_count"":10,""score_bucket"":""s00""}"
ctbr_c069847cfd4a76185c,"{""pass_mask"":""1111101010"",""fail_count"":3,""score_bucket"":""s07""}"
ctbr_16c529c2b7757ab6b7,"{""pass_mask"":""1111100000"",""fail_count"":5,""score_bucket"":""s05""}"
ctbr_ad68ee619d30052157,"{""pass_mask"":""1111111100"",""fail_count"":2,""score_bucket"":""s08""}"
ctbr_e8f73084f915b724ef,"{""pass_mask"":""1111111110"",""fail_count"":1,""score_bucket"":""s09""}"
ctbr_18cfeb69021cc2d14b,"{""pass_mask"":""1111100000"",""fail_count"":5,""score_bucket"":""s05""}"
ctbr_4bd7d89273464ff866,"{""pass_mask"":""1111111000"",""fail_count"":3,""score_bucket"":""s07""}"
ctbr_5b4f89ec75290d9db0,"{""pass_mask"":""0000000000"",""fail_count"":10,""score_bucket"":""s00""}"
ctbr_afb6eca53b17e45621,"{""pass_mask"":""1110100100"",""fail_count"":5,""score_bucket"":""s05""}"
ctbr_c8f6fa456d952e273a,"{""pass_mask"":""0111100011"",""fail_count"":4,""score_bucket"":""s06""}"
ctbr_ed6e35f22690ed690c,"{""pass_mask"":""1110111000"",""fail_count"":4,""score_bucket"":""s06""}"
ctbr_18189d57c11454363d,"{""pass_mask"":""1110110100"",""fail_count"":4,""score_bucket"":""s06""}"
ctbr_da702d43d4513cb913,"{""pass_mask"":""1111010000"",""fail_count"":5,""score_bucket"":""s05""}"
ctbr_cb7b66e3e32700c388,"{""pass_mask"":""1110110100"",""fail_count"":4,""score_bucket"":""s06""}"
ctbr_6e277a7ce9360d60c3,"{""pass_mask"":""1111111100"",""fail_count"":2,""score_bucket"":""s08""}"
ctbr_f9977ae74c2c3ad962,"{""pass_mask"":""1111111110"",""fail_count"":1,""score_bucket"":""s09""}"
ctbr_74fe9e303cf15bffa3,"{""pass_mask"":""1111111000"",""fail_count"":3,""score_bucket"":""s07""}"
ctbr_43af28ef962c262463,"{""pass_mask"":""1111100000"",""fail_count"":5,""score_bucket"":""s05""}"
ctbr_03335cbc6975f23fd3,"{""pass_mask"":""1111111100"",""fail_count"":2,""score_bucket"":""s08""}"
ctbr_1c4ef0f0572b95ab14,"{""pass_mask"":""1111111110"",""fail_count"":1,""score_bucket"":""s09""}"
ctbr_e4096cd6d2dab220cd,"{""pass_mask"":""1111111110"",""fail_count"":1,""score_bucket"":""s09""}"
ctbr_f409acb85d02928217,"{""pass_mask"":""1111111100"",""fail_count"":2,""score_bucket"":""s08""}"
ctbr_5d77ba91a85000cb4c,"{""pass_mask"":""1110110100"",""fail_count"":4,""score_bucket"":""s06""}"
ctbr_a249ce4d394350482e,"{""pass_mask"":""1111100000"",""fail_count"":5,""score_bucket"":""s05""}"
ctbr_6a0e7a38a3e55aaf92,"{""pass_mask"":""1111111000"",""fail_count"":3,""score_bucket"":""s07""}"
ctbr_d19b599f9ebc916ce1,"{""pass_mask"":""1111111000"",""fail_count"":3,""score_bucket"":""s07""}"
ctbr_11a862f37f14966ab1,"{""pass_mask"":""1110110100"",""fail_count"":4,""score_bucket"":""s06""}"
ctbr_8d29ff47a877c19764,"{""pass_mask"":""1111111100"",""fail_count"":2,""score_bucket"":""s08""}"
ctbr_4e5559b5250d68ef26,"{""pass_mask"":""1111111100"",""fail_count"":2,""score_bucket"":""s08""}"
ctbr_b4270863dfe3140ed7,"{""pass_mask"":""1111111000"",""fail_count"":3,""score_bucket"":""s07""}"
ctbr_3beda32ef4591aef23,"{""pass_mask"":""0000000000"",""fail_count"":10,""score_bucket"":""s00""}"
ctbr_c8f9fc4f063a0091f6,"{""pass_mask"":""1110110100"",""fail_count"":4,""score_bucket"":""s06""}"
ctbr_b1b168113336dc02ff,"{""pass_mask"":""1111100000"",""fail_count"":5,""score_bucket"":""s05""}"
ctbr_dcae6dcf5a0fd6e60e,"{""pass_mask"":""1111111000"",""fail_count"":3,""score_bucket"":""s07""}"
ctbr_1e07798c8393fa2b42,"{""pass_mask"":""1111111100"",""fail_count"":2,""score_bucket"":""s08""}"
ctbr_c5c8734b84c4deed13,"{""pass_mask"":""1110111010"",""fail_count"":3,""score_bucket"":""s07""}"
ctbr_fb0f69f89fb75c7a91,"{""pass_mask"":""1111111110"",""fail_count"":1,""score_bucket"":""s09""}"
ctbr_70c8fe301c8c0d16b6,"{""pass_mask"":""1111111111"",""fail_count"":0,""score_bucket"":""s10""}"
ctbr_9add6068f1dbfbbc85,"{""pass_mask"":""1111110110"",""fail_count"":2,""score_bucket"":""s08""}"
ctbr_73f337fbf4b9ccec74,"{""pass_mask"":""1111111110"",""fail_count"":1,""score_bucket"":""s09""}"
ctbr_b305b1eafc417bd056,"{""pass_mask"":""1110010101"",""fail_count"":4,""score_bucket"":""s06""}"
ctbr_142fe78bc79218d3d4,"{""pass_mask"":""1111100000"",""fail_count"":5,""score_bucket"":""s05""}"
ctbr_d187e990f0198bd313,"{""pass_mask"":""1011001011"",""fail_count"":4,""score_bucket"":""s06""}"
ctbr_509d939c48c89eea26,"{""pass_mask"":""1111111110"",""fail_count"":1,""score_bucket"":""s09""}"
ctbr_e90056d6f49f232ba6,"{""pass_mask"":""1111101101"",""fail_count"":2,""score_bucket"":""s08""}"
ctbr_09916d1566c123c173,"{""pass_mask"":""1111111100"",""fail_count"":2,""score_bucket"":""s08""}"
ctbr_5856bb291734db0b23,"{""pass_mask"":""1101101000"",""fail_count"":5,""score_bucket"":""s05""}"
ctbr_04b9745febbc234b9a,"{""pass_mask"":""1110110100"",""fail_count"":4,""score_bucket"":""s06""}"
ctbr_b170051394f7969a57,"{""pass_mask"":""1111111110"",""fail_count"":1,""score_bucket"":""s09""}"
ctbr_112d7656593f09d7c8,"{""pass_mask"":""1111111110"",""fail_count"":1,""score_bucket"":""s09""}"
ctbr_59d0ec6c0a701b1dec,"{""pass_mask"":""1111111100"",""fail_count"":2,""score_bucket"":""s08""}"
ctbr_4e1010a30839bdb484,"{""pass_mask"":""0000000000"",""fail_count"":10,""score_bucket"":""s00""}"
ctbr_a7b33a9c7cd197369f,"{""pass_mask"":""1110110100"",""fail_count"":4,""score_bucket"":""s06""}"
ctbr_a54e7cad4b3e65351b,"{""pass_mask"":""1111111110"",""fail_count"":1,""score_bucket"":""s09""}"
ctbr_b93ea29fa7956c63ff,"{""pass_mask"":""1111111110"",""fail_count"":1,""score_bucket"":""s09""}"
ctbr_d70f2703f2ddc5d959,"{""pass_mask"":""1111111111"",""fail_count"":0,""score_bucket"":""s10""}"
ctbr_ea16216e981610d651,"{""pass_mask"":""1111111111"",""fail_count"":0,""score_bucket"":""s10""}"
ctbr_5b3c2dfb9f14561c8e,"{""pass_mask"":""1110111010"",""fail_count"":3,""score_bucket"":""s07""}"
ctbr_49cf412e17d81ede16,"{""pass_mask"":""1111111000"",""fail_count"":3,""score_bucket"":""s07""}"
ctbr_f4efa3ff1d73868388,"{""pass_mask"":""1110100101"",""fail_count"":4,""score_bucket"":""s06""}"
ctbr_88d20dbfb732aa7481,"{""pass_mask"":""1111111110"",""fail_count"":1,""score_bucket"":""s09""}"
ctbr_93aaf260532f0c9916,"{""pass_mask"":""1111100000"",""fail_count"":5,""score_bucket"":""s05""}"
ctbr_182ed75f473b11e0f4,"{""pass_mask"":""1111101100"",""fail_count"":3,""score_bucket"":""s07""}"
ctbr_33a6c0e6131171924c,"{""pass_mask"":""1110100110"",""fail_count"":4,""score_bucket"":""s06""}"
ctbr_d130441da3c26cea1e,"{""pass_mask"":""0011110010"",""fail_count"":5,""score_bucket"":""s05""}"
ctbr_922b5c3045e5780022,"{""pass_mask"":""1110110000"",""fail_count"":5,""score_bucket"":""s05""}"
ctbr_741cea61ee11480650,"{""pass_mask"":""1111111110"",""fail_count"":1,""score_bucket"":""s09""}"
ctbr_e947cb1a4c2175dac5,"{""pass_mask"":""1110100001"",""fail_count"":5,""score_bucket"":""s05""}"
ctbr_f5689d0c2148d36436,"{""pass_mask"":""1111111110"",""fail_count"":1,""score_bucket"":""s09""}"
ctbr_3b7870d23a4f1b8590,"{""pass_mask"":""1111111011"",""fail_count"":1,""score_bucket"":""s09""}"
ctbr_812da5960cd7f3ab49,"{""pass_mask"":""1111111111"",""fail_count"":0,""score_bucket"":""s10""}"
ctbr_2e31d320e3cb4cea52,"{""pass_mask"":""1110100001"",""fail_count"":5,""score_bucket"":""s05""}"
ctbr_2690cde87def1d95ca,"{""pass_mask"":""1111100000"",""fail_count"":5,""score_bucket"":""s05""}"
ctbr_98a47f7252e873c8aa,"{""pass_mask"":""1111110110"",""fail_count"":2,""score_bucket"":""s08""}"
ctbr_bdc5f01b1d772030dd,"{""pass_mask"":""1110001001"",""fail_count"":5,""score_bucket"":""s05""}"
ctbr_72c76d47016765e78b,"{""pass_mask"":""0000000000"",""fail_count"":10,""score_bucket"":""s00""}"
ctbr_638991e41d09946e0e,"{""pass_mask"":""1111111110"",""fail_count"":1,""score_bucket"":""s09""}"
ctbr_3c5ce0334ff4c73220,"{""pass_mask"":""1111111111"",""fail_count"":0,""score_bucket"":""s10""}"
ctbr_125aa6106705325ed6,"{""pass_mask"":""1111000100"",""fail_count"":5,""score_bucket"":""s05""}"
ctbr_ebb583e02eeb54c91f,"{""pass_mask"":""0000000000"",""fail_count"":10,""score_bucket"":""s00""}"
ctbr_e8e1869ea62aee4beb,"{""pass_mask"":""1111111110"",""fail_count"":1,""score_bucket"":""s09""}"
ctbr_1b28451e2e9e84ede3,"{""pass_mask"":""1111111110"",""fail_count"":1,""score_bucket"":""s09""}"
ctbr_b137a906435413c002,"{""pass_mask"":""1110100110"",""fail_count"":4,""score_bucket"":""s06""}"
ctbr_99ce6e373bdf1db93b,"{""pass_mask"":""1111111100"",""fail_count"":2,""score_bucket"":""s08""}"
ctbr_faf59b18067d7c22f7,"{""pass_mask"":""1101101000"",""fail_count"":5,""score_bucket"":""s05""}"
ctbr_b4b5998130052bf8e5,"{""pass_mask"":""0111011100"",""fail_count"":4,""score_bucket"":""s06""}"
ctbr_b09e1cdbe1dfcb9b02,"{""pass_mask"":""1111111110"",""fail_count"":1,""score_bucket"":""s09""}"
ctbr_8b1055804b0ca4c6fe,"{""pass_mask"":""0000000000"",""fail_count"":10,""score_bucket"":""s00""}"
ctbr_ef416ae9037c6046b4,"{""pass_mask"":""1111100000"",""fail_count"":5,""score_bucket"":""s05""}"
ctbr_e31944fb20f9292103,"{""pass_mask"":""1111111111"",""fail_count"":0,""score_bucket"":""s10""}"
ctbr_69453504d40f9a9a64,"{""pass_mask"":""1111111100"",""fail_count"":2,""score_bucket"":""s08""}"
ctbr_4561986ded79f59d3f,"{""pass_mask"":""1111111110"",""fail_count"":1,""score_bucket"":""s09""}"
ctbr_994ebd57c5d415468f,"{""pass_mask"":""1111111110"",""fail_count"":1,""score_bucket"":""s09""}"
ctbr_9135d931de51dace69,"{""pass_mask"":""1111100000"",""fail_count"":5,""score_bucket"":""s05""}"
ctbr_7cd2b5aaac8a6926ff,"{""pass_mask"":""1110110100"",""fail_count"":4,""score_bucket"":""s06""}"
ctbr_24206f711a105307f0,"{""pass_mask"":""1111111110"",""fail_count"":1,""score_bucket"":""s09""}"
ctbr_dad413f23b5a4c9b15,"{""pass_mask"":""1111111110"",""fail_count"":1,""score_bucket"":""s09""}"
ctbr_ccde52bdef9d9b4a1a,"{""pass_mask"":""1111111111"",""fail_count"":0,""score_bucket"":""s10""}"
ctbr_887d635fb948439222,"{""pass_mask"":""1111111111"",""fail_count"":0,""score_bucket"":""s10""}"
ctbr_efb8c0f1baf576620b,"{""pass_mask"":""1111111100"",""fail_count"":2,""score_bucket"":""s08""}"
ctbr_218f6ef9d1ef932828,"{""pass_mask"":""1111111100"",""fail_count"":2,""score_bucket"":""s08""}"
ctbr_cfc020c725f0cc19f0,"{""pass_mask"":""1111111110"",""fail_count"":1,""score_bucket"":""s09""}"
ctbr_1bce76cea441d2eb65,"{""pass_mask"":""1111111110"",""fail_count"":1,""score_bucket"":""s09""}"
ctbr_30bc1e7db26033dd72,"{""pass_mask"":""1110110100"",""fail_count"":4,""score_bucket"":""s06""}"
ctbr_b8a8793699099bc058,"{""pass_mask"":""1111111110"",""fail_count"":1,""score_bucket"":""s09""}"
ctbr_c49fed61ff2aa27569,"{""pass_mask"":""1111111100"",""fail_count"":2,""score_bucket"":""s08""}"
ctbr_b8ff88f3b1c7f3adf6,"{""pass_mask"":""0000000000"",""fail_count"":10,""score_bucket"":""s00""}"
ctbr_073053690b35aaad7e,"{""pass_mask"":""1111010010"",""fail_count"":4,""score_bucket"":""s06""}"
ctbr_86747bc409e5828ebd,"{""pass_mask"":""1110110100"",""fail_count"":4,""score_bucket"":""s06""}"
ctbr_a308da0cdcc55c52c4,"{""pass_mask"":""1110110100"",""fail_count"":4,""score_bucket"":""s06""}"
ctbr_db56b5bc7a7a5834f4,"{""pass_mask"":""1111111100"",""fail_count"":2,""score_bucket"":""s08""}"
ctbr_23e7c2b428557ce04c,"{""pass_mask"":""0000000000"",""fail_count"":10,""score_bucket"":""s00""}"
ctbr_2abd3d6d3d57f32d96,"{""pass_mask"":""0000000000"",""fail_count"":10,""score_bucket"":""s00""}"
ctbr_a707babd46aba3153b,"{""pass_mask"":""1111111111"",""fail_count"":0,""score_bucket"":""s10""}"
ctbr_0391c3461d95c00ce0,"{""pass_mask"":""1111111100"",""fail_count"":2,""score_bucket"":""s08""}"
ctbr_7de25018989ceda5b1,"{""pass_mask"":""1101000110"",""fail_count"":5,""score_bucket"":""s05""}"
ctbr_dc92e651ef7e721a93,"{""pass_mask"":""1111100000"",""fail_count"":5,""score_bucket"":""s05""}"
ctbr_7da75e8f8751dfdc79,"{""pass_mask"":""1111111110"",""fail_count"":1,""score_bucket"":""s09""}"
ctbr_cc08cf318e1513b83a,"{""pass_mask"":""1111100000"",""fail_count"":5,""score_bucket"":""s05""}"
ctbr_f50ad1acba72da0679,"{""pass_mask"":""1101110000"",""fail_count"":5,""score_bucket"":""s05""}"
ctbr_517b426c8d63906264,"{""pass_mask"":""1111111000"",""fail_count"":3,""score_bucket"":""s07""}"
ctbr_7a8e7e892c9a0b89a3,"{""pass_mask"":""1111111100"",""fail_count"":2,""score_bucket"":""s08""}"
ctbr_8f9db22adc3b8f82b5,"{""pass_mask"":""1111111100"",""fail_count"":2,""score_bucket"":""s08""}"
ctbr_bd9bf1a0b3760cbcd6,"{""pass_mask"":""1111111111"",""fail_count"":0,""score_bucket"":""s10""}"
ctbr_dbb2fd10b402f7ffa8,"{""pass_mask"":""0000000000"",""fail_count"":10,""score_bucket"":""s00""}"
ctbr_7a1d8647872f3535df,"{""pass_mask"":""1110110100"",""fail_count"":4,""score_bucket"":""s06""}"
ctbr_58d408d62bff52e6df,"{""pass_mask"":""1100000111"",""fail_count"":5,""score_bucket"":""s05""}"
ctbr_0369abf6a325409c3b,"{""pass_mask"":""1110110100"",""fail_count"":4,""score_bucket"":""s06""}"
ctbr_8ebed259b0902352c9,"{""pass_mask"":""1111111100"",""fail_count"":2,""score_bucket"":""s08""}"
ctbr_81fa7eeaacd5039354,"{""pass_mask"":""1111111111"",""fail_count"":0,""score_bucket"":""s10""}"
ctbr_bc92856bd6621316bf,"{""pass_mask"":""1111111100"",""fail_count"":2,""score_bucket"":""s08""}"
ctbr_d22534e7c5f8ec56e6,"{""pass_mask"":""1101110000"",""fail_count"":5,""score_bucket"":""s05""}"
ctbr_ba70617900b5afbc64,"{""pass_mask"":""1111111100"",""fail_count"":2,""score_bucket"":""s08""}"
ctbr_39f1c5800222d4d11b,"{""pass_mask"":""1111111000"",""fail_count"":3,""score_bucket"":""s07""}"
ctbr_d92911e15ca1b75f2e,"{""pass_mask"":""1111111100"",""fail_count"":2,""score_bucket"":""s08""}"
ctbr_6e0477c5a7831f2bfc,"{""pass_mask"":""1111111100"",""fail_count"":2,""score_bucket"":""s08""}"
ctbr_b5bedc728b99685880,"{""pass_mask"":""1111111000"",""fail_count"":3,""score_bucket"":""s07""}"
