id,prediction
1f6aa70c0a7d8c935789,0.704057
28f4c2947c9ba6f0166b,0.168452
c2168ee1c73dd9aabf7b,0.459245
eaf9259292c97f59032f,0.229193
d3b4aee0eb59bf9579bd,0.834524
48a3befc96698ea3bc30,0.365963
808b4ed0f82731dcaf14,0.545507
7584adf9c0f8b8084b9f,0.759776
b6e14c2c3225e42dd2bf,0.513512
b8c03d14d1a0b6475db4,0.336308
aa061bea1e4585412857,0.384405
6c3604a93ae12f48a755,0.365602
fb8884cd0bcde3d2ab97,0.321229
c8b8a572235b490425c8,0.430585
c0caeae40b17e1a6b17a,0.493248
296f96db4d2c28ee9f2f,0.290253
51fc5bdc852721e78286,0.540590
cdc145678a70ef7b0fd7,0.744562
e81b253e269f78903e2b,0.901412
125cb2584c9feecb9401,0.324815
7203b44362486e11d38e,0.124322
073a96e28dac0b4ea454,0.541276
3ac29e3ef5273224b983,0.241872
5dae726a49650b5c4491,0.394286
31c4886248e2a27be88a,0.516875
9d8f689c7174f708bbba,0.883027
bf7653a8f29e978e65cf,0.605487
d60a10f4c63e80a7f93d,0.761909
b72461df7290e62ae749,0.748151
621fa0c0fbb9aa101cf9,0.319780
dd2797c16a2b208994cf,0.106641
a92ae15ea219936bf3a7,0.410129
e141956bc1654c43abb0,0.608115
af6d071fb22d380b463b,0.263973
d93329ec366621b57ef8,0.943464
4c2c3536ab36bed61928,0.355331
8842f0b304ae43068c50,0.420277
a893342dee46888fd737,0.643542
3517c7aa0a4e74207267,0.606813
9569472eb536f30bea44,0.660117
9917ba5c10a7b3dcd78f,0.367701
b85eb50e512c5aad6fba,0.838532
f1838943f689f1564267,0.343279
107f9fedf50ce8467218,0.672891
5e2949f9327ebc5f1b41,0.734664
a5e10b84b4f33126c920,0.123740
3292be71400d65b86b2e,0.374936
f35ce545da30a44af99a,0.347527
c6102b614e71fca6753d,0.588269
09fc74dda44c23a811ba,0.354832
d14178a74d933b560405,0.286876
66f2c6dd19582078c019,0.601591
e2d5a551e646d2a84e6b,0.043189
add519e3de4082cd1c80,0.122956
84d6986946efce9d2759,0.368727
a81ca7871df08e7fff37,0.544510
1c17d3201208edf49281,0.418253
9d5a6d3d4d030a82b43b,0.507652
5489567965182ce30910,0.617217
76a67ff879994485c400,0.162404
5485c863050bbec38f4f,0.122997
95d5fa0ed941c89c9673,0.805141
cfc89d7699bbacf1c7f4,0.240390
cefd3efd6e03a04da611,0.879356
ab8148c1c90efde8946f,0.599413
a4e7743b188db4781359,0.289634
697986abff291e4298e7,0.456078
8376c3a196c37f4af4f7,0.401256
bad5ddb9c14392291b74,0.379273
403923a2e11ae93db48c,0.232679
a369f0d3973e67a2d5ec,0.746226
6e2bfb318a8c5c7a824a,0.334961
282b519df3aafd8c0e71,0.137331
91dcad06bcbdae1991b7,0.060033
fc35f56fc7b9e05622ec,0.787131
c861e6d5523448d671c9,0.466489
801ad0b1eb46457879f6,0.211306
1450d2b87da4165bad13,0.379272
fa24d6914062f565f1ea,0.181488
20011f721292320eb4f9,0.220721
22eca0b061490f04497f,0.879861
2ee5d1484276078cb77c,0.787700
605772cc9d74a02b0424,0.535743
6fa9ff1142a4adf17ffe,0.751566
9b84e3d2e6666307af0b,0.505011
932e71f6a5138a9280fb,0.168765
cbf4e485e8119a3fbc0f,0.519821
c7ac20f03422edeeb7e1,0.115861
c720c2f034cb118f8e32,0.334806
fc9a360c3210a4d49610,0.058542
2258f24ad09095ee69e2,0.735586
5bcd662f08ec04eff036,0.859048
9c7caa4709a54e2a6fdf,0.656456
572d952ee52feaaa33c6,0.492669
d3567005a3a5a4650e70,0.490502
550149c81e0bb5d8a886,0.863883
0138492928ec727cf34b,0.434363
97ee3c63c491f2e8a082,0.811283
3484948dac605addeb14,0.598687
ee162f10761f66b7fdc8,0.291644
0801b1071adf5e746c22,0.866560
f3e632c799042c72ff83,0.564599
e1e1a363076da29febeb,0.263914
3cac384e18081e284fdc,0.308174
909591fa798e08e25bbb,0.731259
9f20b728e9582ae84f33,0.740780
f3a7e22cc5286c4217fd,0.662542
ddb0fccf6bfc9fd5536b,0.296255
50721f2030a0eb7b3b8f,0.612551
50da355e84b667f7ea63,0.277863
3d9e25cbee8cd1366ad4,0.425534
54b11fa1bca50b855f5d,0.865087
aaed374d64fcff38a7fc,0.521209
15843f8966f59b88474f,0.256638
a5c286ef744e53b7f87f,0.670848
7cb5981b1c88255561dc,0.798339
12ca20913523d8586b89,0.740501
276a1145cc751ba85789,0.224454
34e0f3fbfc597b1dafb1,0.319131
a5c0f7ae4279647b196c,0.501578
8f20c36b91ea540e5839,0.822829
709a41384fa8214e26a2,0.814751
351d03791f78c9cac327,0.183789
1dc45025390d2611eaa9,0.486087
13ffb536e0bb1282bd3a,0.679824
a41848525621fc1d4a4d,0.121171
c28e2d7aa87aaa1c3ae1,0.709373
3562b2348e600720556b,0.784909
18fa56913bfbb7f258cf,0.725486
91a67c15dd4d8a57991d,0.789997
c5f41c33d2e35b157adf,0.250796
94021c5bc5f4bbcd3748,0.088095
185dd82736344b5968a8,0.819171
0d7bb48c1a0f93c7617e,0.304768
2f4845fc069d2e6e567b,0.315750
858e4fdc27f90c7283ec,0.357433
79e27ac492335c7c974f,0.132041
6bdc909901a5e44a4fb8,0.357040
08c22c46ecede3a0f211,0.585164
78a262fadb300db64de0,0.478201
95f72cdb9d9d39cd2ab6,0.611371
3e74f71a8c451770cff8,0.110342
3b6a696073e80649b89f,0.325384
a275f2df60e1801fa372,0.444714
3eed1298e57ef51cc146,0.878080
24928d1c97a505f7707a,0.706246
ff275acb6a29ba7de4c8,0.639721
05b04172c58dabab8620,0.542745
a4ac00c4b7a4d71f5ace,0.198148
aa00eeb9dc6f4d537105,0.292081
30ac16dd18d53eb5c6df,0.492382
0600ec7f6cb3a3652e20,0.257159
a58e6e5bed848cc02270,0.400459
ccbcde673081d60e4ffa,0.498105
8d6da399ee135277b303,0.827986
bdbdb90c1e1e2d044e69,0.864007
69b1745724fdaa46a2cd,0.287188
526c5e2b6700b3d1919a,0.390232
7a09de6e3060aacb3eae,0.712985
b014ccbb29d0ec4ac288,0.328428
058b93f3a9fa41b075fe,0.731770
7265f4bc4d35bc4e5f2a,0.291798
a4ef268d5c5f602d4f9b,0.400651
5ab5689f31634d870a33,0.726776
0c99ede7a71b8a0895b2,0.392427
0de2767a2c13962174d0,0.257406
79969d6f57204541cc8b,0.864546
cb1b29ba3b6afe71161d,0.531769
8daac499987839bf941b,0.552198
7cc32bf5e46682029f6c,0.551149
cd5583bc3291f0ba04c9,0.817967
f5eff73da5aba1dd9d2c,0.551212
3193af56f0dddf64057f,0.787703
a16644bfdad909d51632,0.615814
e0aff846795d75d6703f,0.359902
233de42ee372227d2c35,0.580967
1e6f86aa748e6f46a979,0.519248
c0d3191335be3d49c089,0.639456
4f803215addf532c8a8f,0.488407
092310905df0113210d5,0.777353
e83556676bf587a6999a,0.370977
af9b752f8d54dae24009,0.386295
d4327fa7412cd84fbb7f,0.318833
404cc14f942690845133,0.712806
f2d063a002f0aa7f96a6,0.546520
1b5319e3369c643d13e0,0.258341
0259857d34f553d21213,0.224994
340c6910112a684d51a6,0.805512
9b5d5e7cd571fe485286,0.109571
2e026cdc31eb04756ad2,0.448012
2bc06b9db0d8f6e0b9f0,0.536889
3d86477215581ca44ae4,0.601303
331e1320d11209e7daf8,0.254015
d2ea6a582d8c1f615b88,0.121311
439e81285b0e966e0ed4,0.532563
b06eaa5fe4d66eb4495a,0.284697
694dfbc37da60713d22d,0.146694
851aa0c43024baa69ac7,0.232967
7dcccd396cd669ebb2c2,0.078897
5c02d9254d18e5af1564,0.626461
45333bec0db666001623,0.848835
5e226013ef16ddcc5825,0.369132
13d1a29279e708417804,0.451876
126cd3bb82735474be79,0.231983
4e6e71657f53330c95c4,0.201565
dadcb3706df2ab91d736,0.058061
bdb93b04a6446f291f10,0.470953
54127f38447453488ae5,0.822955
1a4ce6f4aa629b2d4081,0.543863
084f04e52f69e43aafd6,0.223280
231c72a8f311f896269b,0.361591
8c6c9e69d3ffd41f42d7,0.503643
16ff59087a1e76e59d7b,0.206079
f7a75377f000ec984a92,0.578259
851162f7b71a6cf3c929,0.461947
53c40f253f81272037c7,0.172880
a849cc414dd1a7f97c86,0.215915
e7f5070698b6c0a04959,0.813114
5a3e54a3b8d1779d6462,0.471993
8f6a9551b43e430fdde3,0.457062
9479d471f6115cc4aacd,0.300390
657a0a31269d4ea1a2f4,0.254799
b5ebb5d97ec065a044db,0.511242
ac0ffe7f2c4df83dc440,0.586763
acb339fd48051b793b02,0.489383
fadff70a12e9b017f337,0.286344
79ecbd9811ee50ae438c,0.360591
a0e37c52b5a23c2552f2,0.307083
b59662f0e2b10deecae9,0.779302
1fb4c754ac87ea912adc,0.483988
1142af379f192c566d8c,0.159557
534e3a534446e852810e,0.397948
99767c3830ece609788c,0.069354
beb9256735db9446c39c,0.574468
086cc8cb5e16ec996845,0.395142
31537cd1f6e468827f6b,0.442740
a116a00ab9c5f470f6ba,0.241356
6b228da7117210ff323e,0.523862
f18e1dca1b7c7cc82094,0.601800
0bb0a3d0188b9a3a2edf,0.958408
5e97c919b1b7b7b53a25,0.457594
1a6cd2213597c4277ba9,0.150436
5e69a71f693587ccaa08,0.280970
b95d3974989459bcf083,0.762678
4b70e71888f454633235,0.894730
b6e2ae64dcd5a3294675,0.129849
0d03f1fe2e71646fc777,0.214029
546498510539896392e2,0.486721
227dfaa3b9ee9a27f697,0.855506
7ab6b1a5bc116915021e,0.800181
37ea94d630237f021c60,0.802447
3d9fd643e9dd6abe75c0,0.236798
8492bcf37df6eecb3f10,0.334192
0c88fbb6c4a4aea892cf,0.039123
9c91cd74e9bb049ddd35,0.632702
336b6e3eb83c4efc37ea,0.958853
6ecf859398147bb4688a,0.442014
bdc477dea68750bb2dab,0.557719
ba240defcd4f8dfb1150,0.770459
18febb56adae14650aa1,0.190558
b40b666520567126c121,0.804580
54cd1e6746ecb68784a5,0.421650
614472cba4f639965df7,0.484832
b1d77a763323811d09e6,0.727297
791636aa5d78659d7ec0,0.710042
b1c6c6982cdd82769f7a,0.362355
193a28b6590b4b66bd4e,0.711949
616646d94e0a86a4a4b4,0.426238
23f5fd54d79cba1d364a,0.682894
0ac2531be05fa8a12396,0.612592
5f6c3729abab70b1edb2,0.133022
e167cb41e48d767b9ab9,0.833334
204f41ca694b8b6ad593,0.290253
ae71a3f93a4b8f9328b4,0.493278
a040e351cdbf92ca0b00,0.457647
eec16ec3257382e987c6,0.727170
57b0cd8a879067ae73b0,0.294604
c09f59ecf8341c6d4afd,0.095077
d5090afe52b8b8592264,0.759507
709432f054d6c2ac9d57,0.223175
889294e5ae1e63329f05,0.456336
3cdde05ecacf413671c0,0.471223
ca4dced4e1ba7ceeb4c4,0.754728
aef7c9b1621b32043362,0.388934
dc52309c18d46af2d34d,0.161537
6ceb8574f1a2159851e0,0.120889
2081c6873a47bbd20699,0.597070
24972113af35c52bf991,0.581735
cd046fa0da8606ccd7c0,0.706951
b6b484989fa90dfbef6f,0.491329
75aae203b85630d2679f,0.357261
4b1738c9740a168e9460,0.874993
6c440941f6e686e0b9b5,0.463856
4f9aff4b80dd5a230182,0.751653
d623309e8c9071791372,0.587333
f2f37a223db221785b6a,0.466894
5bbb6808f02bdfb86e5e,0.697644
17fa8e1e33b5dcd7ea8a,0.110640
33c0f70fd01d641a640a,0.490711
6bd5ba1b4eb9575f4945,0.463375
089605e1dff7ab300210,0.424348
2b0bf16fce65d5609548,0.297256
beb9a2e9e3afadc7f591,0.509971
3674f86bb859c1c34e38,0.556372
d8943664ab7fddceeb4b,0.632255
94af5c9e2c141386c20c,0.454116
b572d9b751dc0e1742e7,0.524599
6f935f26bf2279a044d9,0.686266
a1abce6ea75e729d548d,0.361235
62509608eeabc4770b60,0.654328
98166245d91d024725ad,0.810692
8e3e3d1f6d38cb518bba,0.374899
30ec93197a9fad7426ad,0.551022
e58de356d4c2ccc41075,0.244315
b7cb7b9dace4454f9cdc,0.513943
da16115b606adc89ee9a,0.279071
19d14bf51fcea9257998,0.623733
e8cb4e4afbc13132ce12,0.695078
3ff3861c2a8db5c83259,0.271046
e52baeae256fd03506c3,0.507943
86fa395e0242958087d2,0.695015
520c0d23f393037a6534,0.157836
d76bd34ec051b0c756d0,0.710550
58adf66821f578a05934,0.452813
b5f3681c8f0579badb53,0.681058
d7311f4bf5a6df47f796,0.388891
d89e06a4c0b53889d2da,0.951588
32411fdf61f3f9700075,0.232647
427cf08d12cb27418b4c,0.457253
390a22652566e313bcc5,0.208571
550829a90479d90d5add,0.122229
c8ca86e9741c006877fe,0.379343
d8e5f0df754132e9279f,0.602141
c44fbf321f49b636ce83,0.533049
5dab3eb64ab153e2c559,0.737724
2c0ab13d5083f5647fd1,0.644281
e578fe53468465a97780,0.295197
57a8618ff5c60b47086e,0.417017
822a5f231adb27257261,0.671488
7c0e652290e8607adf22,0.778488
0aabdb3fc9b4d4676f80,0.421974
1042a22e3f2077b6b800,0.110964
af3d9d1e0c65ba7a742a,0.645931
8640d1f79348849ef52b,0.304352
e333e64e38434e79e5bf,0.319588
1cf9f2a51caf22769033,0.477904
a9e5362438acc0f8eebd,0.135529
2edafbc2a6c1864bbcca,0.871010
ef8a12bb0686409aefd2,0.326289
91ab631d4fd3f43f97c4,0.476504
2774ad5e8960514b59eb,0.444351
b64c20aff75bb85d3705,0.865351
7c181ec13f797eb23594,0.329851
170bd5dc903445ec3888,0.617714
681d3e64fc1203457ea6,0.311170
0594786c66505f78ecec,0.701940
c359c8f91ac2ff878a44,0.117630
2f6bd0273e374c665023,0.392618
7c18b490438b9e77cb53,0.263081
cd1b124b4a989345a100,0.548939
7897bd348fc73995a9f1,0.957957
5b162ce8af1c10bb0f11,0.285872
31d0aad52513b85ba154,0.240676
0ff365d2929a11394391,0.823917
3c1b30d0af04c75ebda9,0.213165
1a9dee5ad3ddd94f058d,0.070507
803bcddf83d3a817bf69,0.579019
526a7a3f67d2a60d8966,0.523313
22ce2ddcceddc1c04c3f,0.213732
253b681b3d21ed8f293f,0.730407
1323484addfc79273c13,0.745243
21cafdc64c1b12f54057,0.563669
a0c38cc2131eeacb3e4d,0.194214
e5b2746bf1a9eb859599,0.128827
a21ee943dfe445ca1d34,0.244349
0806741180f32885b615,0.400480
83083323e76f02c6fa6d,0.358062
0b11d3ed150cd086ae39,0.653164
1f30dd70343ae50ad52d,0.798146
d82c38436ed5369de1b9,0.240364
0f7ed8382904670a22dc,0.810546
bd15d585d944c53eab5a,0.305470
615c1056e3d35f286a75,0.154925
b1719633600e3c1d57d8,0.785305
bb9d88c449e27e65dbc4,0.310463
bf7515dde97f1798db33,0.720824
9b8d44c868f27299b2a1,0.322984
b231f6481ac6de3cda7a,0.617331
333612a9bca3cc440544,0.133061
91095ce624448b40d544,0.280723
767ae5bbd875f1bc4a46,0.254248
17e92f07041553d64c6a,0.806275
d36746415ecf9e8d0319,0.422611
c328215bd1a2653e3605,0.303193
9844b363824ff94ec0a6,0.093328
1600af74de6f00acdd69,0.867626
0e48fc84a5033d0f76ac,0.380908
852208a4502e6f8dfe75,0.752109
f393b30337ba53cf1575,0.753914
692d42ce03c197c6959c,0.767851
1f39a11b5105461821bc,0.637403
8489105b0161bcdbcf3f,0.328931
ef39c653a6a443b7cedf,0.757325
d2980817a6e182a47761,0.333045
4f6dc1a5fd6842130b08,0.818324
3652942c5ff0dc66f7d4,0.417302
ea093df25422a5f3f159,0.769829
9f4f851d97b67f2414f3,0.599054
ff097c3b2829cb272c1c,0.534649
ce9a417885ee8e06f9a5,0.903485
ff322bacd45bfd9306f6,0.640082
4b8fcf2889eb1cbfe63e,0.790243
30078b0c2eebd55c57e4,0.552632
167545efec0a2d2b0896,0.525838
1215e9cbef515a3bd490,0.829573
892ae76dc486ba943472,0.363024
b076f9c0a967e0599edf,0.302571
8f3f99bfaa6b9a0dabf0,0.484593
8d5ba3bfbcf99f80e82d,0.804583
30a127c5ca8feeea1dec,0.581160
de55f89c9fd74538c120,0.744253
74e18b6883633f3d15ae,0.179687
6cddcea02a267d089ae4,0.509665
39335b38b4a49448da47,0.482761
949618270cafa0dd7e16,0.056841
9f0f6660cbfedd33442e,0.746880
4aec82c2686a4c155c26,0.855517
903461c3ef1202b60338,0.689681
c5df171e662939f59b15,0.558136
a9b23505b9dc796628de,0.048832
fdccec3c83d08292237e,0.873855
26707451bfbeff14e781,0.507499
ac495ec5d2bb1b8574a5,0.148301
bb47ca31cf233dc496a3,0.844724
cc1a1295c36cd02bee69,0.123062
6fd77f065492c61d9c57,0.290737
58518dff63fea8694d47,0.490693
f983dfbf3672814bfb58,0.634236
fe89757a72685c07ff6e,0.311283
01d20dd38a497dc91b72,0.337787
f89eaa9d2b5a2e53b2c9,0.375940
96117ff530c897d6ca35,0.383237
e661076f9d71dab828c7,0.210205
f34ea9e88f6eb641acce,0.788785
c11a665ee62373ca1a06,0.618483
adf3c3fbebbc26368edd,0.166730
cc94523b8381ca38770f,0.432465
6cc9773863d0955eef57,0.459978
57241e77670857f65e45,0.400549
d16b003107c7193dd92e,0.304135
5c516ed3c35eddd6a2fd,0.783838
7b3fe872e48b95b74760,0.578453
d837598e72cca0dc928d,0.680634
9cb34f3147324b5bdf95,0.699141
d6c2a64ebd1005364679,0.673010
159b255d499e2e591474,0.759917
c317b1587926c889575d,0.189463
9bc88b1ae4cc13f322d6,0.828276
40518d1e717f5d697d6a,0.461996
497fa424a4cb23c5acbf,0.243967
c2ecd6673c047f8a9b44,0.513147
4bb8dab9805ef263c43a,0.418854
bf9d335a5797cc8883bc,0.681181
86f3a77225915b40022c,0.624100
0afe50db5817aad69de4,0.774059
adee284491ab5234f770,0.697279
83d73ea254bde9aefe8b,0.396381
9b1278a4a1a8d2b51749,0.477213
d1c8dc2740c75e90385a,0.256569
917a02eea33f606e4ff1,0.916936
ae63a324ef195af59cd5,0.084258
2a361f7dc46801d00dbb,0.577112
bafe673d9f2b2a1be23d,0.434072
b49ee9d3f7af7880b66b,0.862723
fb35f2bf78eb25933ecc,0.359797
5a0e06dc2365b73608f3,0.779900
1b1c8a3fc50359c9b3d2,0.374313
2127545bd3a8f471762e,0.397118
a1592b124aa435dc7ebc,0.593960
2df9309e86734eddc1b9,0.326428
8e964a2608255075d732,0.829281
914eb3e231b302b3cb53,0.800584
7d6e7d499d85dc0158eb,0.849401
6d91e5ea6b19dccc5eb5,0.721238
562a467c64683df24df5,0.395321
7706061e25bce35f7b63,0.714708
09478c8a84a5654df20f,0.587459
2b9bad58a8613a6990ac,0.622772
883ade628f16759d7b47,0.127062
16039b15eb5f4d4901be,0.418455
cbcee981ca6f18114746,0.157685
3d1b734bbfd8780df2cd,0.442381
a8ae964ce687a4c87df4,0.590834
69090293abaf7506fd5f,0.507139
f45c9d36f83f4e92f470,0.118749
9589cccecbf2713ab1ab,0.559143
fc1240da3a574b5e0eb5,0.484856
ab1c2b1907c19a6e18be,0.130351
854a546c80872a30e4fa,0.870957
773c3a762b8df4ed9f1a,0.550102
113228ca892bb3921a02,0.399464
5a34c9bba020dc61a3b4,0.784578
3db02e1c3d1d50d4e336,0.882484
e5d7cbd9aa12e7f0dd28,0.540648
1a70176493bb7c12502a,0.389764
c56600032aa92d484d90,0.412461
66e8baec798a4bfb2a14,0.133100
5ec8f887f0077ce4a2a2,0.537079
507bdc5396e4e11988a1,0.811880
87adaaff7ac88e5ac4a8,0.178914
f4d01ff3e4e9fd665e6e,0.378401
022ca756da4936db1c0e,0.573723
c4375d48f4c6431d6e2e,0.448272
014efb156e9d3248f77f,0.135913
d418cf4202ebd4b84aa7,0.557357
1271f96ac676ff4a699b,0.527390
fa7515751eadc71c2fe8,0.389862
7a741889055081b126df,0.856857
d14dd2842bd591b7f721,0.563231
6913f76688e3cda0007e,0.099613
c195a85119b2ef0fea4d,0.941590
b49054b40805e3a698a6,0.687810
b3ac0ffd743b8b35a572,0.840243
001cc489d7ad04081078,0.422100
38de5eaffb233a53a8a7,0.266848
2cb007055d5dae9c1a55,0.894516
d38b9a6858c9a735118a,0.171726
108f966ea795cdd8c607,0.746401
1fb280b7b32853d94151,0.468878
12c6aa48b8f7973e2ab2,0.085223
772cc9f4c54bd300b888,0.911837
8a833b6dec8b411065b7,0.149009
e7c033ff0c6cb6797127,0.287625
f36bd6a88aefe450d867,0.878442
82e5ccd783940683065d,0.287891
c0c38ce30ce51d771ca5,0.389885
94fee11f401bd722a523,0.235677
cd3a5356d33ef060b7d1,0.302953
0a961b34bcad1ca53dcf,0.777547
2342b5632df4da016a7d,0.957434
42794a3bfc28cf75943a,0.523154
02035106bdfd482ac595,0.579373
dfdf628034d0732ca649,0.391426
fce17d56874bd31ae4cd,0.489586
56d481c29e9ba581a3ce,0.200737
32d57ec2a4a5e9da1fc7,0.168567
3b96a048b93945a30421,0.205582
13954418b452e03f8c2f,0.423019
b3613ab7913515d4ab49,0.810052
0b9192e74c9c5cc517fe,0.030305
8e7a3b45ef5003f7222e,0.437862
cc5ff46d0f410b1d57e3,0.805978
310fe0a947cdc51c3200,0.714422
706ed61cdfd6818bf8dd,0.694110
f5d38aa113cdbd316a2b,0.317179
7600ee4463301f4dc581,0.240497
e036ea7f8a4a7b3bff98,0.214347
ab734274101c2b8288fa,0.150934
ac391dbec6d7df5323c4,0.406237
b55fdc843d4fe9f483ed,0.646954
0aa52c0f111f9406d95a,0.043778
04a8b39ad8557adb3dd0,0.935897
228897f9af6cba4ddd27,0.585166
7898dedd75ec402bd19a,0.300048
d9c54e7407229931c881,0.409272
05ad25dd22d0e2dd46c5,0.315839
eb6d0229473b252521a6,0.361179
aa8bcc890bb613d6c4b1,0.654393
2050ce1f6e7ef5a06af5,0.241189
683136ed59e342f6181a,0.374893
e8db6f3da7fe2038ba18,0.576384
210f690e21dd2cd8b112,0.679457
15edd37f82f9cc914928,0.954502
fbb814c56dc763d8b569,0.416975
3e73dc46a40a36709c15,0.263122
8e9673a1812f1ae3b739,0.805713
c51980ea60d32d0d63dc,0.931049
cb12aa08e2ed7c264eff,0.531453
5b0e73f1869af777a376,0.719542
20bd956339e8e31cbbe9,0.519395
f5b8649f6cb0ddb3197a,0.240377
38a5e7caa7e191ccc7b2,0.533111
11b4074d7f8dfd47b208,0.672138
bc32a1cc54b98176e62d,0.163672
9b34074bd55ef4eaf3f9,0.123456
4dd829d1bb75dbfc4e59,0.653214
f608a313364f18c3240a,0.761212
a65a024a276714210525,0.243698
212d5bd47628bbd6ff3f,0.568102
50ee6e8a5a364c02a43c,0.050436
03eb4dde1735016c8d0e,0.575624
8dff1c447bf14254b63c,0.196853
12965d4d90f38c982ece,0.554754
290b7307f92ef93639e2,0.490330
eb8226e4164f20ff91b8,0.713714
3128012e0d9bceb6278e,0.027151
47719b8d656376743e32,0.547074
c3774656c46567c34ccc,0.214897
ae5c3108344beb782193,0.302249
b1ef6badd022e1e45d53,0.354227
da62b275a146f513a366,0.261379
2263b8b7f60a4a55334c,0.820006
b74128d13c0bb4f11f76,0.411429
4ce0f0882ff4e45570a5,0.057213
9fbb306561aab78c36b6,0.868351
18bfd1d391a988b359b7,0.760202
5f6daad3b406ae47dcf3,0.404515
c02240215feaaafb81b6,0.080876
8876774d8f8bb18dfca4,0.388049
f94c3851f6a10d9f84a0,0.156401
d01c1f6a9692937a3be1,0.153319
aa525ab13bf15840e38c,0.378552
78d94ae62afec2350637,0.315868
29af8597905656ce5570,0.812464
a7dab33262100f200046,0.447409
daafdb89dab5a9a32528,0.592940
9d4ce1f4d03c8ad2edc0,0.583504
fd03ae765eb3923a4098,0.388249
8d45b5f5f7d7f2782582,0.705067
345fdaeadc95609dabca,0.315716
337424f894423b21b25a,0.102195
77e4b35f3d468828c624,0.304308
7debaeae926bf8d3f878,0.491036
db8e4f667ce5c77f8e90,0.508770
b5ff6e3a9dd6dd16b70d,0.115756
780cdf1c3fb9c0acf7f4,0.436725
caf5f5fd420fba88f0fb,0.151855
f852fffae557733729d9,0.301304
5c7d726ca111a4610e16,0.969061
180fa16c0bb0b54097a0,0.149248
0dee08a12a01ed47cf9b,0.478022
9eb48fd2d4a6586f0f29,0.711334
37677a184ac9a53d0f83,0.639832
9d71c1b2fcde7bf45cf0,0.450425
5e1b3602f3c96de09112,0.373548
d961e059367e74df2a73,0.910779
139c506ca73ccfa98824,0.164261
5abca45c638fcb1d44c2,0.176679
7095dd31c7a8796e6e43,0.433960
ee6ea394b7f374700f77,0.066367
16ca6ab7fef18d2bd019,0.493021
3a3050732f150ecccf1a,0.662823
4bed01fc82e8c624ad71,0.195438
37f894d40aade9fb7a1d,0.489247
8a7160ece19fcb9693fe,0.533322
1a40afd662676a606d43,0.496586
3164ac8b6b8a8deda33f,0.396739
80516fd87c88f52e8503,0.059943
c24261539766dedadb1c,0.191203
873a370146c9e2017ad9,0.752429
ae3d6da60a2ff456aea2,0.119117
621c597b174040e2ac38,0.796658
95f01c5aa6b87e09f376,0.702119
f1ffe5b92e7fd525be1c,0.805072
1138c326cfb2f5605954,0.385280
d7b9f840eedcdad3209c,0.313685
be5ba08be8813ecaf2ae,0.501923
48e9b2d19f1caa304584,0.722308
cccfc2df3dda3ae2c660,0.352330
98a1314b24b264a12f05,0.707646
fb13d5bfa8ce267ef37e,0.667414
4b16ba6939b35821a5d4,0.476423
fa8983ccff924dc53805,0.807833
9579793520669ee58394,0.740493
326f34f7a85044d8fdfd,0.316544
eb073841658f2a463628,0.073717
fc29ecaa66d051c32b30,0.407763
0d247215967435a93c22,0.329259
9f21e226ed005be6787f,0.712771
1eafc8c0ae75e2be2ca5,0.677490
d1678000868f6e885300,0.742202
eeb6d868a0b6de4dde57,0.777254
25708b14982de16e6159,0.355153
cbe11d67cf253a6ebe68,0.654240
546516e987c88a636ac4,0.788868
83e4b2afca5cf22896f8,0.858291
853618a4fdee71af5ad8,0.924689
365eda508557e9700703,0.380699
f5f65d6444a8ef4df43a,0.623886
3f93654f393f5613be1e,0.237955
f26e5a90ceb5814af566,0.333683
cee23f7e40fe74505a23,0.373005
7ff905f129c26284705c,0.776424
2d18370aafeb06fabbd4,0.527137
e72de06e704aa24172f5,0.620182
a4cd6c1d83ce57ecd812,0.144240
a39b5da89904582a2618,0.381723
8284256f439527389f53,0.536590
346d6ea496baebb0de8e,0.318123
77ad3f9d1b618bf769fc,0.737686
20b7d1b8af543f8676b5,0.085707
321abb8df0b93b34ff57,0.803261
acc4a929f97e6f8e99e3,0.823417
1b606f185743053c1581,0.686699
263d1e12e21d9aa23bb2,0.437014
4a389eb6b6df9722a514,0.517051
c279b47c4990270ecee4,0.738280
880992b8c2d1a7a4b35e,0.829321
d4ec9b92be4656fd5df5,0.858043
00582c148e7040023c10,0.679861
c70dbf1fb8525ec96bee,0.877818
d422fded4afaad132db4,0.545121
0aab267aa1283534c8f7,0.802412
68efa3fd249e5c741e73,0.333741
b13f768bd42aa4c5a3ef,0.912086
3dfacf0f0e172cb427a3,0.090792
6393adf88e05b92fbd31,0.835439
4719b5b333e65d9643f5,0.870937
c83845b68030db63d6d7,0.737701
5c25e0926749ba137519,0.798575
5b7fd1a8fa88fad213e7,0.976492
f89c21dbad258ab08ce4,0.067669
a57dbc0b69d1b039fbcc,0.393546
7f308c4e1a12a90411ad,0.479978
987e8f01af5644fc72a5,0.884738
fe8b8ecd61552edbef91,0.592854
7a7d58a17080003602ac,0.563803
ab7476d3f2d9a729b4a4,0.437555
28fe057575130246c273,0.714500
ae1994afce451ebad6a4,0.461131
665cba81677c8a631c10,0.015792
24dc64e5185d16c75b69,0.413188
34a7f2c2707dc628f1c3,0.564226
0026e75817f0d01b2543,0.794834
b14844d4862e6deda1f8,0.666694
c011fdc2f678c70e8090,0.667853
755e7ba3f490573bb5a7,0.641639
91d5d28977ef6b401169,0.726509
961bcf0a8fb5f6aaef8e,0.429372
e9243049fc05134c76a0,0.743191
e5cb66421e7d294f4d1d,0.526747
d011edebb98a5596482d,0.176436
178a37872e0603300ed1,0.301948
18167652f21e3815cc3b,0.622250
d49df3c64e20d5085b28,0.080457
33bff03be70d27aa38e2,0.815072
77c3333a0403990e8a3c,0.449284
4058f62c3a8863ea2058,0.194262
be2e6af23ef362f9b68b,0.166740
a9c07ad53b127c213d98,0.322371
e2e6b9a14de4bb16c187,0.854898
dd8e996d91cc8403fa95,0.208649
7016f729ca25302c80dd,0.730019
3c3ef7f55c238a165b02,0.689298
b7eb5f8db9b062ad59b7,0.653903
39b1339ce4eee585ad8e,0.478404
96e42c884419ce98ba31,0.352188
62c9cb55837a29913592,0.540184
a96c4a2c2a8bb4568186,0.180511
31d1b03165f963924574,0.341960
6cd54e0e6e5d236f7f89,0.884264
1093e1f29b851cb50d98,0.837041
a8ca88995ca16cbb2b8e,0.435368
145ba0be5f5c32132c01,0.728239
962f01a521f71b5e79b5,0.712136
487ccc5b11622e38ebf0,0.310824
6d11a1d0daf1fbb2b512,0.525549
4d65a774cdc88164c8cb,0.488853
cc6bcedc6a4b3ba206ce,0.201129
ae9baa93194cc025026d,0.857771
5fedf491d817c960f601,0.258292
70a4b2be21eb3b390078,0.622007
a76c3b036958b8fc76e6,0.200573
d63a85bbe2d96214e2a3,0.348852
edd5069b720c7ce896a7,0.864774
54dbeb46ab2ef920a8ca,0.270885
7583dd7321bcacf6e059,0.779613
795553bdda2ffb3b6f9b,0.545152
5e3cec85a764a5eb7342,0.717170
30817aeae9076676a28f,0.705984
a0b7e20d628542b0f7df,0.519170
f2f33ad95379e8b0c4e0,0.677440
d431488013ea51433af0,0.777365
a064c929721f2a81f026,0.970663
34390ebe4653049f23f7,0.785701
044aec9eabed3736cb82,0.418304
5416d6049ce065d77236,0.039238
74ea6bf57f742f559685,0.486357
4588b7899a7f6ea86ad1,0.497217
397c5367cd208dea7ad4,0.463094
fa236cc9438022eb2410,0.710709
578149f99aca96224eff,0.807907
c77a9e1a160b50774986,0.080825
0c320ca86ade73b2e009,0.227327
d87c2947331d3c59ba00,0.724648
b64c24e12181dae96fce,0.922305
b0a3e51d70ad2d875512,0.551482
46d5b2bb12d371275a47,0.711554
523d8576d4b0cdbe22ae,0.796433
3c24f345bc110d963a88,0.659072
25aff50ccb643663536c,0.301319
e24f9d5f82b662fcfe18,0.541549
cfa8387e45e5daeaff9d,0.207078
c23bca4dd754a2153e36,0.252254
9c33f59de26d2bd27d3c,0.560751
9ef1c6b5f088e5110eb0,0.360681
0035fb998aba41248dda,0.310183
4361e618efc260fcaf67,0.253009
bcd8872304ad1a451239,0.496481
2865cea2b37086dc53a5,0.140574
