id,predicted_stack
00282646f5de3ed8,I01 I02 I03 I04 I05 I06
00785c78fec6def5,I01 I02 I03 I04 I05 I06
009810c6ea1d6be3,I01 I02 I03 I04 I05 I06
0119cdc83b5cb316,I01 I02 I03 I04 I05 I06
012592d5ec147d81,I01 I02 I03 I04 I05 I06
01553ca9789de07c,I01 I02 I03 I04 I05 I06
01ddbe61c11fd578,I01 I02 I03 I04 I05 I06
01f508d81ce691f4,I01 I02 I03 I04 I05 I06
022f7d921a1a786e,I01 I02 I03 I04 I05 I06
024f45586c0177ad,I01 I02 I03 I04 I05 I06
026a9edb3296c9ca,I01 I02 I03 I04 I05 I06
0274625f64421b9b,I01 I02 I03 I04 I05 I06
0274743c3106d6b9,I01 I02 I03 I04 I05 I06
02e4a2520029b221,I01 I02 I03 I04 I05 I06
03bfdee33ad5afb3,I01 I02 I03 I04 I05 I06
03fe288349333632,I01 I02 I03 I04 I05 I06
03ff1e8c4a6bc8d6,I01 I02 I03 I04 I05 I06
0426a8ac236c2bb4,I01 I02 I03 I04 I05 I06
043ab6efb39b584a,I01 I02 I03 I04 I05 I06
0502fbc07f746f52,I01 I02 I03 I04 I05 I06
06191aa6d1ccbd86,I01 I02 I03 I04 I05 I06
06fb10f15093efac,I01 I02 I03 I04 I05 I06
07230840f1c7d66f,I01 I02 I03 I04 I05 I06
07a13739531d813c,I01 I02 I03 I04 I05 I06
07dc0a93cac6d3e3,I01 I02 I03 I04 I05 I06
08061a9c03d87acb,I01 I02 I03 I04 I05 I06
0820b5c0877ce11c,I01 I02 I03 I04 I05 I06
082edeca80ca3dcc,I01 I02 I03 I04 I05 I06
087faddb735a5d0a,I01 I02 I03 I04 I05 I06
08bd7d8343c07fe3,I01 I02 I03 I04 I05 I06
08cc8d2aadc6eef2,I01 I02 I03 I04 I05 I06
091f78e9c43d6238,I01 I02 I03 I04 I05 I06
09315f70a81bdac0,I01 I02 I03 I04 I05 I06
0987050f2dfd6145,I01 I02 I03 I04 I05 I06
09e2f26092c4a17e,I01 I02 I03 I04 I05 I06
09ebb70b3a35b215,I01 I02 I03 I04 I05 I06
0a140c4e056503ad,I01 I02 I03 I04 I05 I06
0a2b33ce621bf853,I01 I02 I03 I04 I05 I06
0a372a99baec7c32,I01 I02 I03 I04 I05 I06
0a4426a6bdcbffac,I01 I02 I03 I04 I05 I06
0a57067be1072330,I01 I02 I03 I04 I05 I06
0ae3ebef292da106,I01 I02 I03 I04 I05 I06
0b011321ae8ca0b8,I01 I02 I03 I04 I05 I06
0b3484a9c1a42298,I01 I02 I03 I04 I05 I06
0bcb7d48a3ea06e7,I01 I02 I03 I04 I05 I06
0c21cd1fdef328b5,I01 I02 I03 I04 I05 I06
0c300c2ba51d375d,I01 I02 I03 I04 I05 I06
0d5fa92b39ba3c44,I01 I02 I03 I04 I05 I06
0d6d201bfce68a4f,I01 I02 I03 I04 I05 I06
0dcf38964696e2dc,I01 I02 I03 I04 I05 I06
0e5799f3b391e06b,I01 I02 I03 I04 I05 I06
0f052f5946a98f41,I01 I02 I03 I04 I05 I06
0f43078cc0f301c7,I01 I02 I03 I04 I05 I06
0fece3e59367d26f,I01 I02 I03 I04 I05 I06
105c383aa33c280a,I01 I02 I03 I04 I05 I06
10b510936726390f,I01 I02 I03 I04 I05 I06
11280b93d7ad33e2,I01 I02 I03 I04 I05 I06
11833e021a45a863,I01 I02 I03 I04 I05 I06
11d4a7487b8ad159,I01 I02 I03 I04 I05 I06
1295995b7711361e,I01 I02 I03 I04 I05 I06
129dbbb14d40c41c,I01 I02 I03 I04 I05 I06
12f408c25bbc4b9e,I01 I02 I03 I04 I05 I06
13151ae55d82f065,I01 I02 I03 I04 I05 I06
133517559f43f66b,I01 I02 I03 I04 I05 I06
1352cb0a3e3a3a3c,I01 I02 I03 I04 I05 I06
139738b6ff7daa29,I01 I02 I03 I04 I05 I06
13a9c673a4030eef,I01 I02 I03 I04 I05 I06
13aa4cab28cd768a,I01 I02 I03 I04 I05 I06
1415415722004e9a,I01 I02 I03 I04 I05 I06
14229bd25210863e,I01 I02 I03 I04 I05 I06
14444d9075e2c9d3,I01 I02 I03 I04 I05 I06
145697751611aba4,I01 I02 I03 I04 I05 I06
14756791573881f7,I01 I02 I03 I04 I05 I06
154f68fea6c0ff9d,I01 I02 I03 I04 I05 I06
155ffeeba94cdd77,I01 I02 I03 I04 I05 I06
156ca43b7781e970,I01 I02 I03 I04 I05 I06
159f6e0bf21bdd46,I01 I02 I03 I04 I05 I06
15b51d01d02d6d2c,I01 I02 I03 I04 I05 I06
15e4ef4328fe8234,I01 I02 I03 I04 I05 I06
167ef9b4da03ed47,I01 I02 I03 I04 I05 I06
1719bb6a5d2843ce,I01 I02 I03 I04 I05 I06
1784f94d6d834805,I01 I02 I03 I04 I05 I06
17c5311ab1526cb3,I01 I02 I03 I04 I05 I06
18933256a46a8d73,I01 I02 I03 I04 I05 I06
18c0857d723c9818,I01 I02 I03 I04 I05 I06
1923ff88b03be3ce,I01 I02 I03 I04 I05 I06
193ac8347dc84b72,I01 I02 I03 I04 I05 I06
19640ad6c49d91bd,I01 I02 I03 I04 I05 I06
1a002a729bcfa5cb,I01 I02 I03 I04 I05 I06
1a094493014b3134,I01 I02 I03 I04 I05 I06
1a1d657f7b57091f,I01 I02 I03 I04 I05 I06
1a456d04727d3d54,I01 I02 I03 I04 I05 I06
1a78ed747af86799,I01 I02 I03 I04 I05 I06
1af5b60be2a2b10b,I01 I02 I03 I04 I05 I06
1ba393d69b15d658,I01 I02 I03 I04 I05 I06
1bb292cce5f26bdd,I01 I02 I03 I04 I05 I06
1bbe03cdccd6e214,I01 I02 I03 I04 I05 I06
1be988163e40e95a,I01 I02 I03 I04 I05 I06
1ca66778483af29d,I01 I02 I03 I04 I05 I06
1cb2603f83bffb84,I01 I02 I03 I04 I05 I06
1cdd00dc195256ca,I01 I02 I03 I04 I05 I06
1d20b481b13eff34,I01 I02 I03 I04 I05 I06
1d46541fe61c3110,I01 I02 I03 I04 I05 I06
1d8ae902e72713af,I01 I02 I03 I04 I05 I06
1d8b5fc402152eb8,I01 I02 I03 I04 I05 I06
1db8ec2174481538,I01 I02 I03 I04 I05 I06
1e0c3e30cd18beca,I01 I02 I03 I04 I05 I06
1e3b724742e44b5c,I01 I02 I03 I04 I05 I06
1ea0a5f20d57f023,I01 I02 I03 I04 I05 I06
1f08df7a06496101,I01 I02 I03 I04 I05 I06
1fb2813520ae9c23,I01 I02 I03 I04 I05 I06
1ff6603f60de3f0f,I01 I02 I03 I04 I05 I06
20245950a01fde16,I01 I02 I03 I04 I05 I06
21104b6c6d499fb3,I01 I02 I03 I04 I05 I06
2121b2e8e39bbf00,I01 I02 I03 I04 I05 I06
221ea025bc1344a3,I01 I02 I03 I04 I05 I06
22207b17f5cc1a8c,I01 I02 I03 I04 I05 I06
228e9f3fe5621612,I01 I02 I03 I04 I05 I06
22a26c80507f3825,I01 I02 I03 I04 I05 I06
22a2c159d0596a3e,I01 I02 I03 I04 I05 I06
22cfe6bb3c8c9c72,I01 I02 I03 I04 I05 I06
23707cba3d028fd1,I01 I02 I03 I04 I05 I06
2379609c2b79b58a,I01 I02 I03 I04 I05 I06
23c35d9f35ba37d2,I01 I02 I03 I04 I05 I06
245a8d45ada0908d,I01 I02 I03 I04 I05 I06
2480954e1c22232f,I01 I02 I03 I04 I05 I06
25677e4c8559e04c,I01 I02 I03 I04 I05 I06
256901eb42a4abc0,I01 I02 I03 I04 I05 I06
25a31d02f5bf4d18,I01 I02 I03 I04 I05 I06
25e22f2df470823c,I01 I02 I03 I04 I05 I06
25f280941e6e0481,I01 I02 I03 I04 I05 I06
26437b864cd15a24,I01 I02 I03 I04 I05 I06
2663f3fd98191418,I01 I02 I03 I04 I05 I06
26927d747e5d7baf,I01 I02 I03 I04 I05 I06
26ec7d4eb54f7d37,I01 I02 I03 I04 I05 I06
275b5be0dde4b74d,I01 I02 I03 I04 I05 I06
276f12ae75fa96ed,I01 I02 I03 I04 I05 I06
27a2a3231ed631ac,I01 I02 I03 I04 I05 I06
286738638a1e45a6,I01 I02 I03 I04 I05 I06
299b9f892ab80ea2,I01 I02 I03 I04 I05 I06
2aa161c0565e85bc,I01 I02 I03 I04 I05 I06
2b0890bf495e4c4f,I01 I02 I03 I04 I05 I06
2b2233d6f2debe9b,I01 I02 I03 I04 I05 I06
2b467a0aa833ddcc,I01 I02 I03 I04 I05 I06
2b6599555799ecb5,I01 I02 I03 I04 I05 I06
2b6895a3c80d9014,I01 I02 I03 I04 I05 I06
2b6e7f91729b934f,I01 I02 I03 I04 I05 I06
2b74af3353122dcd,I01 I02 I03 I04 I05 I06
2b8186208841423b,I01 I02 I03 I04 I05 I06
2c312bc8139b5ebc,I01 I02 I03 I04 I05 I06
2c851d566629632e,I01 I02 I03 I04 I05 I06
2cae5dcf1fda70d3,I01 I02 I03 I04 I05 I06
2cbe1c0556b7f4dd,I01 I02 I03 I04 I05 I06
2d4e662d83454b73,I01 I02 I03 I04 I05 I06
2d7198d05e220276,I01 I02 I03 I04 I05 I06
2de9a4ae5f59059c,I01 I02 I03 I04 I05 I06
2deddf99ebf368ef,I01 I02 I03 I04 I05 I06
2e1ab2f1de3b419e,I01 I02 I03 I04 I05 I06
2eb14554f128e12e,I01 I02 I03 I04 I05 I06
2ecb0bf906071352,I01 I02 I03 I04 I05 I06
2f83dced4144229e,I01 I02 I03 I04 I05 I06
2fad26ae8db7cc9c,I01 I02 I03 I04 I05 I06
2fdf35aa4f5a9636,I01 I02 I03 I04 I05 I06
300da225267f0823,I01 I02 I03 I04 I05 I06
304374878616068e,I01 I02 I03 I04 I05 I06
3045c76ead8be90e,I01 I02 I03 I04 I05 I06
30906492cee43711,I01 I02 I03 I04 I05 I06
30da1072d84d34d3,I01 I02 I03 I04 I05 I06
30de75ef9cbf1368,I01 I02 I03 I04 I05 I06
30e2eb797ff6fe54,I01 I02 I03 I04 I05 I06
3219164c1bc474de,I01 I02 I03 I04 I05 I06
327bb744b7c9b1bc,I01 I02 I03 I04 I05 I06
32cb12a579456e95,I01 I02 I03 I04 I05 I06
334673a87a713cc1,I01 I02 I03 I04 I05 I06
338881cc574f4e86,I01 I02 I03 I04 I05 I06
339dd0adf73e4133,I01 I02 I03 I04 I05 I06
33c61bcd06ff0f7e,I01 I02 I03 I04 I05 I06
342b77f526b6da78,I01 I02 I03 I04 I05 I06
34349d340cebd02e,I01 I02 I03 I04 I05 I06
3469c28e4043a6fc,I01 I02 I03 I04 I05 I06
35224eee2bf888e7,I01 I02 I03 I04 I05 I06
35876dd1936b6bd2,I01 I02 I03 I04 I05 I06
35d859891d282d8b,I01 I02 I03 I04 I05 I06
35dd1bbeb1477e7a,I01 I02 I03 I04 I05 I06
35df65a5dc32cadf,I01 I02 I03 I04 I05 I06
35ed585985fd8fac,I01 I02 I03 I04 I05 I06
366482f6a7281f3b,I01 I02 I03 I04 I05 I06
3693ef9ac9e3b0fc,I01 I02 I03 I04 I05 I06
36dad78d6905b642,I01 I02 I03 I04 I05 I06
36e9c3dbf1b6e0a3,I01 I02 I03 I04 I05 I06
37201726bd751453,I01 I02 I03 I04 I05 I06
3759078a40c5d57b,I01 I02 I03 I04 I05 I06
377835760ff42cc7,I01 I02 I03 I04 I05 I06
37f2e188750f1cc2,I01 I02 I03 I04 I05 I06
37f3ffcdb0227c63,I01 I02 I03 I04 I05 I06
380dfffaf4a106da,I01 I02 I03 I04 I05 I06
382617d3fc545c71,I01 I02 I03 I04 I05 I06
385f4d874c7949a5,I01 I02 I03 I04 I05 I06
38841968173c5f76,I01 I02 I03 I04 I05 I06
38adf4d405261fc9,I01 I02 I03 I04 I05 I06
3915aca9111f8de3,I01 I02 I03 I04 I05 I06
394247bed41f0376,I01 I02 I03 I04 I05 I06
3944f0265ad9ea4d,I01 I02 I03 I04 I05 I06
3954521c14b8a431,I01 I02 I03 I04 I05 I06
398f7a9923da2745,I01 I02 I03 I04 I05 I06
3999766e7ebf2a27,I01 I02 I03 I04 I05 I06
3a2480024038107a,I01 I02 I03 I04 I05 I06
3a9583c7f5e6f7e1,I01 I02 I03 I04 I05 I06
3af9bfed1b8bc534,I01 I02 I03 I04 I05 I06
3b1457cf6afb53b9,I01 I02 I03 I04 I05 I06
3be11f58b832f7dc,I01 I02 I03 I04 I05 I06
3c0c9821f42ca0c2,I01 I02 I03 I04 I05 I06
3c780d3fb918699f,I01 I02 I03 I04 I05 I06
3cc2b8ceb296ed26,I01 I02 I03 I04 I05 I06
3ccedc610fa6c18e,I01 I02 I03 I04 I05 I06
3cd1885ca3207061,I01 I02 I03 I04 I05 I06
3cde5af1f6ef7b38,I01 I02 I03 I04 I05 I06
3e6d7a1087c28737,I01 I02 I03 I04 I05 I06
3f07d109598d92e4,I01 I02 I03 I04 I05 I06
3f961ad92da91471,I01 I02 I03 I04 I05 I06
3fabb25cebbd46cb,I01 I02 I03 I04 I05 I06
3fb7102fd688a4a8,I01 I02 I03 I04 I05 I06
3ff0fb4bcfe66f61,I01 I02 I03 I04 I05 I06
403cc660b9ef77ef,I01 I02 I03 I04 I05 I06
4045f96cc77b4bce,I01 I02 I03 I04 I05 I06
4076a702b6bd3e19,I01 I02 I03 I04 I05 I06
411bf730027199f1,I01 I02 I03 I04 I05 I06
41477e88bda21ccc,I01 I02 I03 I04 I05 I06
41636bd558dc2f9d,I01 I02 I03 I04 I05 I06
41d0fcd58fc91ca4,I01 I02 I03 I04 I05 I06
424916209452005e,I01 I02 I03 I04 I05 I06
430af856ad0a456e,I01 I02 I03 I04 I05 I06
43444c20e4ec8ab2,I01 I02 I03 I04 I05 I06
438280372cd7488e,I01 I02 I03 I04 I05 I06
43c1c4aff0132abe,I01 I02 I03 I04 I05 I06
43d9cdf2f0745d7f,I01 I02 I03 I04 I05 I06
43f0344deab1046c,I01 I02 I03 I04 I05 I06
44068b7dc1717f4b,I01 I02 I03 I04 I05 I06
446391b0c491d63d,I01 I02 I03 I04 I05 I06
44730d388c10430d,I01 I02 I03 I04 I05 I06
447315a1fedae945,I01 I02 I03 I04 I05 I06
452aae414226bdb5,I01 I02 I03 I04 I05 I06
45614cf7cb963f28,I01 I02 I03 I04 I05 I06
4563e2a11c533929,I01 I02 I03 I04 I05 I06
45645fd20ae7781b,I01 I02 I03 I04 I05 I06
459ee8d73b3352d3,I01 I02 I03 I04 I05 I06
45b7a123ffda9e77,I01 I02 I03 I04 I05 I06
45e93adc7ed12d82,I01 I02 I03 I04 I05 I06
45fbb0c3e1a255cd,I01 I02 I03 I04 I05 I06
4602e0020f55d1cd,I01 I02 I03 I04 I05 I06
461fba0425e938b4,I01 I02 I03 I04 I05 I06
462da19f971819b6,I01 I02 I03 I04 I05 I06
464e3957ec5cdf24,I01 I02 I03 I04 I05 I06
465f9eb52124134c,I01 I02 I03 I04 I05 I06
46e1ba2961337af4,I01 I02 I03 I04 I05 I06
474297719ab3d765,I01 I02 I03 I04 I05 I06
474df53ce3cb0970,I01 I02 I03 I04 I05 I06
479c7c9f7b27c349,I01 I02 I03 I04 I05 I06
487ccb3a5d73fe0c,I01 I02 I03 I04 I05 I06
48aa44cceb7e7da0,I01 I02 I03 I04 I05 I06
48dc270da31a4709,I01 I02 I03 I04 I05 I06
48e74c3d675ea4f8,I01 I02 I03 I04 I05 I06
4903a52b5fff98b6,I01 I02 I03 I04 I05 I06
4905b86816a4d5b5,I01 I02 I03 I04 I05 I06
495f399b3962eddb,I01 I02 I03 I04 I05 I06
495fa57f8b8597b4,I01 I02 I03 I04 I05 I06
495fb7b9a103cd11,I01 I02 I03 I04 I05 I06
497c9a0a4f9903a4,I01 I02 I03 I04 I05 I06
49947dc18b77f335,I01 I02 I03 I04 I05 I06
49a76a9e409dda26,I01 I02 I03 I04 I05 I06
49f9ca0d8448767b,I01 I02 I03 I04 I05 I06
4a070efcd0ccf968,I01 I02 I03 I04 I05 I06
4ad1216c32c61b74,I01 I02 I03 I04 I05 I06
4ba2189264c0f023,I01 I02 I03 I04 I05 I06
4d3b8d1afde2eb91,I01 I02 I03 I04 I05 I06
4dec169a62b47dc4,I01 I02 I03 I04 I05 I06
4e5810fb31e8b9b3,I01 I02 I03 I04 I05 I06
4e85c6914dd61d3c,I01 I02 I03 I04 I05 I06
4f0e74f2f55ae255,I01 I02 I03 I04 I05 I06
4f2b90f991b28425,I01 I02 I03 I04 I05 I06
4f2d54a4d0bc9cdf,I01 I02 I03 I04 I05 I06
4f44cc3ce573e011,I01 I02 I03 I04 I05 I06
4f7065ffd8842495,I01 I02 I03 I04 I05 I06
5004af7c85cd1a02,I01 I02 I03 I04 I05 I06
50a587c18d8bd46e,I01 I02 I03 I04 I05 I06
50b4851e493e3b7b,I01 I02 I03 I04 I05 I06
5126fbcab025565e,I01 I02 I03 I04 I05 I06
51b84823292202bf,I01 I02 I03 I04 I05 I06
52c8e6f43c5dbd70,I01 I02 I03 I04 I05 I06
52e1898e18424f29,I01 I02 I03 I04 I05 I06
53f51dee6365c1a1,I01 I02 I03 I04 I05 I06
5402d8d86d716cbd,I01 I02 I03 I04 I05 I06
540fbb253fabc3b6,I01 I02 I03 I04 I05 I06
542f47adcca13d05,I01 I02 I03 I04 I05 I06
55842e6b1f6a0a04,I01 I02 I03 I04 I05 I06
558f6f39c19c1845,I01 I02 I03 I04 I05 I06
55b96236aa0e7a0d,I01 I02 I03 I04 I05 I06
55fbdb33bdbd5a34,I01 I02 I03 I04 I05 I06
5614e9ebc5724eaf,I01 I02 I03 I04 I05 I06
5658ec78bbaad89f,I01 I02 I03 I04 I05 I06
566fbe8d559e9bc0,I01 I02 I03 I04 I05 I06
56bf692fe1031f3b,I01 I02 I03 I04 I05 I06
56ca8220a4e11745,I01 I02 I03 I04 I05 I06
577b62c498b2ca03,I01 I02 I03 I04 I05 I06
579faecc473a302c,I01 I02 I03 I04 I05 I06
57e0d2e8314fadc3,I01 I02 I03 I04 I05 I06
5895a0d6a2dc3d67,I01 I02 I03 I04 I05 I06
58c3ff3faa928894,I01 I02 I03 I04 I05 I06
5971837ad2f8b3f2,I01 I02 I03 I04 I05 I06
5973f7a1ec4f2f4c,I01 I02 I03 I04 I05 I06
59b77518263ee84f,I01 I02 I03 I04 I05 I06
5a184801e2e06bd1,I01 I02 I03 I04 I05 I06
5a186ce3399e0a65,I01 I02 I03 I04 I05 I06
5a19ab0483b542ac,I01 I02 I03 I04 I05 I06
5a5c08091f64da96,I01 I02 I03 I04 I05 I06
5ac3334522872b5b,I01 I02 I03 I04 I05 I06
5b90b83c2e7862cd,I01 I02 I03 I04 I05 I06
5b943f100b92c344,I01 I02 I03 I04 I05 I06
5b96970c0de1d768,I01 I02 I03 I04 I05 I06
5bcc4c852e881bb2,I01 I02 I03 I04 I05 I06
5c9c4f891439ea9d,I01 I02 I03 I04 I05 I06
5cf3bcb9f13ebc91,I01 I02 I03 I04 I05 I06
5e02a74ab1f04f24,I01 I02 I03 I04 I05 I06
5e0b2e77e8fb507e,I01 I02 I03 I04 I05 I06
5e750158000c108a,I01 I02 I03 I04 I05 I06
5ea576ae5085017f,I01 I02 I03 I04 I05 I06
5f27da4153a6ab2b,I01 I02 I03 I04 I05 I06
5f4360182fd9ac11,I01 I02 I03 I04 I05 I06
5f5432fe7f371b80,I01 I02 I03 I04 I05 I06
5faabbffce1b9cec,I01 I02 I03 I04 I05 I06
5fc060386ae5ac6e,I01 I02 I03 I04 I05 I06
5fd977b8c63fb9a5,I01 I02 I03 I04 I05 I06
602343e679d072eb,I01 I02 I03 I04 I05 I06
60a1868b6fcd2713,I01 I02 I03 I04 I05 I06
60a41d5ca587601d,I01 I02 I03 I04 I05 I06
61351543621542be,I01 I02 I03 I04 I05 I06
6261b06ff5fdf654,I01 I02 I03 I04 I05 I06
6269abf0a60a5464,I01 I02 I03 I04 I05 I06
628a91bd1dc7e23f,I01 I02 I03 I04 I05 I06
630c941712013a6e,I01 I02 I03 I04 I05 I06
640ecbc7765ebad4,I01 I02 I03 I04 I05 I06
64693421f7079294,I01 I02 I03 I04 I05 I06
647688d34f8d0265,I01 I02 I03 I04 I05 I06
6479becd5861904b,I01 I02 I03 I04 I05 I06
64ed407505477c55,I01 I02 I03 I04 I05 I06
6554d1e7b02b2fc2,I01 I02 I03 I04 I05 I06
65956da26a0a40e7,I01 I02 I03 I04 I05 I06
65fb70146890d624,I01 I02 I03 I04 I05 I06
6662a674980195e5,I01 I02 I03 I04 I05 I06
66bc02dd957267a3,I01 I02 I03 I04 I05 I06
66e4b2c2b87c7eee,I01 I02 I03 I04 I05 I06
673b5b20d2f13373,I01 I02 I03 I04 I05 I06
67c13ef783d2b613,I01 I02 I03 I04 I05 I06
67e199d796198996,I01 I02 I03 I04 I05 I06
67e1b6246a7c981d,I01 I02 I03 I04 I05 I06
682a7899b22e8d81,I01 I02 I03 I04 I05 I06
68d25fb537193f1d,I01 I02 I03 I04 I05 I06
690f23b5f83ad1c0,I01 I02 I03 I04 I05 I06
69b1268daf2f7331,I01 I02 I03 I04 I05 I06
69ea38a5639a4432,I01 I02 I03 I04 I05 I06
6a2c7f1908a7bc43,I01 I02 I03 I04 I05 I06
6a2f71437c15a239,I01 I02 I03 I04 I05 I06
6a77a7ce12253d33,I01 I02 I03 I04 I05 I06
6b1432dce666da38,I01 I02 I03 I04 I05 I06
6b18e89c7f30e447,I01 I02 I03 I04 I05 I06
6b1fc87af06fa1f7,I01 I02 I03 I04 I05 I06
6b2e7d03eea1b75a,I01 I02 I03 I04 I05 I06
6b3ccaea90704b92,I01 I02 I03 I04 I05 I06
6b48535638e11352,I01 I02 I03 I04 I05 I06
6b4ef54b8a0a6689,I01 I02 I03 I04 I05 I06
6b81288c04ae5c78,I01 I02 I03 I04 I05 I06
6c9b6412c286e4a7,I01 I02 I03 I04 I05 I06
6e4760aae7beb14e,I01 I02 I03 I04 I05 I06
6e882dea10f641f7,I01 I02 I03 I04 I05 I06
6ea50c52c288fc81,I01 I02 I03 I04 I05 I06
6f3a19de2ed476a7,I01 I02 I03 I04 I05 I06
6f48843a3a74074d,I01 I02 I03 I04 I05 I06
6fd7b946a10bdca5,I01 I02 I03 I04 I05 I06
7042ed1eaa59361a,I01 I02 I03 I04 I05 I06
710e6ad8e7296b1d,I01 I02 I03 I04 I05 I06
7122e0e01dc6ef54,I01 I02 I03 I04 I05 I06
717713be25c66af0,I01 I02 I03 I04 I05 I06
71ada03e8fba6d65,I01 I02 I03 I04 I05 I06
71afa1d112a6865e,I01 I02 I03 I04 I05 I06
724a88d7af173d4c,I01 I02 I03 I04 I05 I06
7259bad91f2d914a,I01 I02 I03 I04 I05 I06
72724ffcaa42e7ea,I01 I02 I03 I04 I05 I06
7302f6d37f03f9f9,I01 I02 I03 I04 I05 I06
731bb89f3fc2de3f,I01 I02 I03 I04 I05 I06
73f769b3fc7727e0,I01 I02 I03 I04 I05 I06
7446545d02198d13,I01 I02 I03 I04 I05 I06
744879efe3ca6906,I01 I02 I03 I04 I05 I06
744ac393ec648d5b,I01 I02 I03 I04 I05 I06
74c85465d482e817,I01 I02 I03 I04 I05 I06
755c3114fdd73802,I01 I02 I03 I04 I05 I06
7581c012fd60ede5,I01 I02 I03 I04 I05 I06
75c607374273851a,I01 I02 I03 I04 I05 I06
766cd47dd9542016,I01 I02 I03 I04 I05 I06
770e2fb40603be0a,I01 I02 I03 I04 I05 I06
77b40b648990bb75,I01 I02 I03 I04 I05 I06
77d8a2ac995aba1d,I01 I02 I03 I04 I05 I06
7828335a259f4d95,I01 I02 I03 I04 I05 I06
784500d4aacf8e92,I01 I02 I03 I04 I05 I06
785d03fcf99ce43c,I01 I02 I03 I04 I05 I06
789463dbd57cb649,I01 I02 I03 I04 I05 I06
78c88914b028edaf,I01 I02 I03 I04 I05 I06
78d1c36c03144f28,I01 I02 I03 I04 I05 I06
796bdacb717c578a,I01 I02 I03 I04 I05 I06
79c437b2e313776e,I01 I02 I03 I04 I05 I06
7a4c4ee38bee91fc,I01 I02 I03 I04 I05 I06
7a503999c1e5b2bb,I01 I02 I03 I04 I05 I06
7a9cbbc818d9b117,I01 I02 I03 I04 I05 I06
7aef13bc3c12ccf9,I01 I02 I03 I04 I05 I06
7b2e9682a46030d2,I01 I02 I03 I04 I05 I06
7c2c98035fd95d1a,I01 I02 I03 I04 I05 I06
7c2eca9441e59684,I01 I02 I03 I04 I05 I06
7c613f35daaed58b,I01 I02 I03 I04 I05 I06
7c655cfa02b8dec3,I01 I02 I03 I04 I05 I06
7c8b18929b2c233b,I01 I02 I03 I04 I05 I06
7c94623c27e571d1,I01 I02 I03 I04 I05 I06
7c9dc90cc20f8081,I01 I02 I03 I04 I05 I06
7ccf5bd1fe0ecfd5,I01 I02 I03 I04 I05 I06
7cf8b96aaf03b26d,I01 I02 I03 I04 I05 I06
7d395b9425f14430,I01 I02 I03 I04 I05 I06
7df57b9ec91a0805,I01 I02 I03 I04 I05 I06
7e74eaf4a61bb627,I01 I02 I03 I04 I05 I06
7ee9ef365c4a168a,I01 I02 I03 I04 I05 I06
7f1d86c986e3f29a,I01 I02 I03 I04 I05 I06
7f8ccbb14110f481,I01 I02 I03 I04 I05 I06
7fdecf765da4040d,I01 I02 I03 I04 I05 I06
8038d907e49eca63,I01 I02 I03 I04 I05 I06
8061f5b2dc38c2cc,I01 I02 I03 I04 I05 I06
80eb28531c71d8a8,I01 I02 I03 I04 I05 I06
8171f3849197a9d3,I01 I02 I03 I04 I05 I06
81bc5695da291f74,I01 I02 I03 I04 I05 I06
81fc77814c35e24e,I01 I02 I03 I04 I05 I06
828de056dc5c6d1b,I01 I02 I03 I04 I05 I06
82986ca22f128a28,I01 I02 I03 I04 I05 I06
82b567e5e29feb63,I01 I02 I03 I04 I05 I06
82b9a1ee3b9ff0af,I01 I02 I03 I04 I05 I06
82d577ea684638a8,I01 I02 I03 I04 I05 I06
83257d9bc894aaea,I01 I02 I03 I04 I05 I06
83426dc5e3db70cb,I01 I02 I03 I04 I05 I06
835180986d4bd6c9,I01 I02 I03 I04 I05 I06
841ea5b627c2e221,I01 I02 I03 I04 I05 I06
844ebd983571512d,I01 I02 I03 I04 I05 I06
849b522a78c92b4f,I01 I02 I03 I04 I05 I06
84f38ed94ecdff01,I01 I02 I03 I04 I05 I06
857b53e3dbf7ec36,I01 I02 I03 I04 I05 I06
85b12e203b6013eb,I01 I02 I03 I04 I05 I06
8652c3ad9e854563,I01 I02 I03 I04 I05 I06
86a470fd2ecb0170,I01 I02 I03 I04 I05 I06
86aac6e0c7c61f1b,I01 I02 I03 I04 I05 I06
86ddf412300bac00,I01 I02 I03 I04 I05 I06
871cb3d104e700b3,I01 I02 I03 I04 I05 I06
872dc4f93fb6ebdc,I01 I02 I03 I04 I05 I06
873b9e4cd2c1a271,I01 I02 I03 I04 I05 I06
87653634ca52f474,I01 I02 I03 I04 I05 I06
879b400bfd193706,I01 I02 I03 I04 I05 I06
87d02af1a8c38ba5,I01 I02 I03 I04 I05 I06
87e690f3e3c51d4a,I01 I02 I03 I04 I05 I06
881aff805c6831cf,I01 I02 I03 I04 I05 I06
88b19494d774828a,I01 I02 I03 I04 I05 I06
89104f9af2659e48,I01 I02 I03 I04 I05 I06
895169fa3d3444c4,I01 I02 I03 I04 I05 I06
89c5b376b89002fe,I01 I02 I03 I04 I05 I06
8a3c39beaf3eb288,I01 I02 I03 I04 I05 I06
8ae09633d787b85c,I01 I02 I03 I04 I05 I06
8b3bab94af0444d8,I01 I02 I03 I04 I05 I06
8b584bc8103aee17,I01 I02 I03 I04 I05 I06
8b5e9f4d1682fb00,I01 I02 I03 I04 I05 I06
8bb4e3f036522a15,I01 I02 I03 I04 I05 I06
8c3de3f6f436aa37,I01 I02 I03 I04 I05 I06
8c45f63ae97e3041,I01 I02 I03 I04 I05 I06
8c717b9b77d040b5,I01 I02 I03 I04 I05 I06
8cbacdd2a435913b,I01 I02 I03 I04 I05 I06
8d4bd96f48ef2edf,I01 I02 I03 I04 I05 I06
8d8214df4a736ab3,I01 I02 I03 I04 I05 I06
8d9e3f4b1a24adb5,I01 I02 I03 I04 I05 I06
8dd6212f32093cd2,I01 I02 I03 I04 I05 I06
8dda267f86da67fa,I01 I02 I03 I04 I05 I06
8e172a7240c11361,I01 I02 I03 I04 I05 I06
8e32f30635c3d820,I01 I02 I03 I04 I05 I06
8e3d7c1a9b46e4ff,I01 I02 I03 I04 I05 I06
8e40aa663ea6cb10,I01 I02 I03 I04 I05 I06
8e44c634ae19ef36,I01 I02 I03 I04 I05 I06
8e55958dec311b55,I01 I02 I03 I04 I05 I06
8ee33c89e2bb112a,I01 I02 I03 I04 I05 I06
8f91f067ecd82653,I01 I02 I03 I04 I05 I06
8f9bd63227f020dd,I01 I02 I03 I04 I05 I06
90dae8ddd6d6dd9a,I01 I02 I03 I04 I05 I06
9197621012839eb9,I01 I02 I03 I04 I05 I06
9198aded1b2f1f2e,I01 I02 I03 I04 I05 I06
91a79dd1c61fe8cc,I01 I02 I03 I04 I05 I06
91deb7e6fbcdcfb0,I01 I02 I03 I04 I05 I06
91e20f644a9b8cda,I01 I02 I03 I04 I05 I06
920f7cb5bf2940a2,I01 I02 I03 I04 I05 I06
92689ef80b58a417,I01 I02 I03 I04 I05 I06
92f5dd91563af32e,I01 I02 I03 I04 I05 I06
931c14bed6714ced,I01 I02 I03 I04 I05 I06
9320b586df36f3e6,I01 I02 I03 I04 I05 I06
933366475771d8ad,I01 I02 I03 I04 I05 I06
9382404650a1ce6d,I01 I02 I03 I04 I05 I06
942338a13a18b050,I01 I02 I03 I04 I05 I06
94818c5c2179dbab,I01 I02 I03 I04 I05 I06
94cbca1a8de449ac,I01 I02 I03 I04 I05 I06
9503526ba031ae64,I01 I02 I03 I04 I05 I06
956ade95f596b0bf,I01 I02 I03 I04 I05 I06
95758d3300e7d038,I01 I02 I03 I04 I05 I06
95d1645566337dff,I01 I02 I03 I04 I05 I06
9633a16c6185c553,I01 I02 I03 I04 I05 I06
963a9aa0b04bb877,I01 I02 I03 I04 I05 I06
964677380473bde8,I01 I02 I03 I04 I05 I06
96c268a92cf540dc,I01 I02 I03 I04 I05 I06
96df5e7befa7a0ba,I01 I02 I03 I04 I05 I06
973751a4fe9dc6b1,I01 I02 I03 I04 I05 I06
973b782a06c0961f,I01 I02 I03 I04 I05 I06
9770ba1eb4cfffb3,I01 I02 I03 I04 I05 I06
9819050741deb6a7,I01 I02 I03 I04 I05 I06
987c0a861acf0e5b,I01 I02 I03 I04 I05 I06
987dff4c9e14132d,I01 I02 I03 I04 I05 I06
988f98e5277ffcaa,I01 I02 I03 I04 I05 I06
98c96a402d335e5d,I01 I02 I03 I04 I05 I06
98d8ab256c0307ce,I01 I02 I03 I04 I05 I06
98ec6af723121a8e,I01 I02 I03 I04 I05 I06
99028d9970a0677b,I01 I02 I03 I04 I05 I06
990d08f2cabc8fd4,I01 I02 I03 I04 I05 I06
9944b192a8cda1ed,I01 I02 I03 I04 I05 I06
994b8d702ee0eee7,I01 I02 I03 I04 I05 I06
99553409bb4fcde8,I01 I02 I03 I04 I05 I06
99803f98595a9866,I01 I02 I03 I04 I05 I06
9980e34610a1d125,I01 I02 I03 I04 I05 I06
99a1b5cd06f4ea12,I01 I02 I03 I04 I05 I06
9bc851e2639cd932,I01 I02 I03 I04 I05 I06
9c7534dd54b83365,I01 I02 I03 I04 I05 I06
9ca857f3e8efa875,I01 I02 I03 I04 I05 I06
9cad2177292f4f98,I01 I02 I03 I04 I05 I06
9cad7709dee5c643,I01 I02 I03 I04 I05 I06
9d1ebfb8581b38d2,I01 I02 I03 I04 I05 I06
9d4f17251d9559f7,I01 I02 I03 I04 I05 I06
9d82907be9b962f3,I01 I02 I03 I04 I05 I06
9d98dfa7c101d9b6,I01 I02 I03 I04 I05 I06
9e01b3e38ba7dd60,I01 I02 I03 I04 I05 I06
9e05ca4ea541eee5,I01 I02 I03 I04 I05 I06
9e3f5de11d09d259,I01 I02 I03 I04 I05 I06
9eaac9e242b4db90,I01 I02 I03 I04 I05 I06
9eed6b5f695eebb2,I01 I02 I03 I04 I05 I06
9ef2b2f24708ffa4,I01 I02 I03 I04 I05 I06
9f6d04f494173902,I01 I02 I03 I04 I05 I06
9fa8b38d0e2460ea,I01 I02 I03 I04 I05 I06
a04248eedc24f247,I01 I02 I03 I04 I05 I06
a0895c6b1dc9ecef,I01 I02 I03 I04 I05 I06
a0c88c251bb33e64,I01 I02 I03 I04 I05 I06
a0e044fbb31df254,I01 I02 I03 I04 I05 I06
a0ea0015dcd5c19a,I01 I02 I03 I04 I05 I06
a0fb1c4f6a71fe70,I01 I02 I03 I04 I05 I06
a10db6a2d118b32a,I01 I02 I03 I04 I05 I06
a1436a328c1d03a4,I01 I02 I03 I04 I05 I06
a1780cca00f0feca,I01 I02 I03 I04 I05 I06
a191f69558eec053,I01 I02 I03 I04 I05 I06
a1991b36ea1afcc7,I01 I02 I03 I04 I05 I06
a19e347bc8fc49e9,I01 I02 I03 I04 I05 I06
a1dfe88c08a66473,I01 I02 I03 I04 I05 I06
a1f17007562d7922,I01 I02 I03 I04 I05 I06
a26325b4e3f62166,I01 I02 I03 I04 I05 I06
a27a1483d4b15df6,I01 I02 I03 I04 I05 I06
a291283537e08150,I01 I02 I03 I04 I05 I06
a32a099e945a4d55,I01 I02 I03 I04 I05 I06
a3492ac4966384a8,I01 I02 I03 I04 I05 I06
a385106153777446,I01 I02 I03 I04 I05 I06
a3eaf7c6105767e7,I01 I02 I03 I04 I05 I06
a4431c80e05b8200,I01 I02 I03 I04 I05 I06
a51c8e2140d5e0be,I01 I02 I03 I04 I05 I06
a57be3978544d96d,I01 I02 I03 I04 I05 I06
a5ab191ad0004b05,I01 I02 I03 I04 I05 I06
a5c0ec8d51c4e90c,I01 I02 I03 I04 I05 I06
a5ed918c23f645aa,I01 I02 I03 I04 I05 I06
a61558f8d4533d3e,I01 I02 I03 I04 I05 I06
a622b808ba36f0a2,I01 I02 I03 I04 I05 I06
a6c51e9a416c6d32,I01 I02 I03 I04 I05 I06
a6d90b39749e3506,I01 I02 I03 I04 I05 I06
a74a49f2f8e029a2,I01 I02 I03 I04 I05 I06
a791d2d2678e46f2,I01 I02 I03 I04 I05 I06
a7ee0c35443ece22,I01 I02 I03 I04 I05 I06
a80a8d642fb5c207,I01 I02 I03 I04 I05 I06
a81ae1db0b19b5c5,I01 I02 I03 I04 I05 I06
a81b4250a20525c4,I01 I02 I03 I04 I05 I06
a86cc3a963bf063a,I01 I02 I03 I04 I05 I06
a880d4da68067955,I01 I02 I03 I04 I05 I06
a88dd12d35a8dba5,I01 I02 I03 I04 I05 I06
a8cd9f170998bbb5,I01 I02 I03 I04 I05 I06
a8e06505dd203efb,I01 I02 I03 I04 I05 I06
a8f5eb7adb8cb75c,I01 I02 I03 I04 I05 I06
a92a3619fad19569,I01 I02 I03 I04 I05 I06
a93f4b179f9684b0,I01 I02 I03 I04 I05 I06
a950ced93b62d8d7,I01 I02 I03 I04 I05 I06
a97324bbc3d6ee49,I01 I02 I03 I04 I05 I06
a9860ccf52d31a37,I01 I02 I03 I04 I05 I06
a9a9cebb1e0e88b4,I01 I02 I03 I04 I05 I06
aa58434895f6948e,I01 I02 I03 I04 I05 I06
aa6f7f909100fde8,I01 I02 I03 I04 I05 I06
aa73990459f99c3b,I01 I02 I03 I04 I05 I06
aa89a01568ce8066,I01 I02 I03 I04 I05 I06
aae5b81a15c073d9,I01 I02 I03 I04 I05 I06
ab462dd1c1751e3c,I01 I02 I03 I04 I05 I06
ac33c9bec225144e,I01 I02 I03 I04 I05 I06
ac34ae8742b38e45,I01 I02 I03 I04 I05 I06
ac7f78946a0937fa,I01 I02 I03 I04 I05 I06
ac87e4c2fd5e03e3,I01 I02 I03 I04 I05 I06
acc73b5bb80d1498,I01 I02 I03 I04 I05 I06
ad4e66d72e1eacad,I01 I02 I03 I04 I05 I06
ad59b8857a965e4b,I01 I02 I03 I04 I05 I06
ad8eefa837e4d2d3,I01 I02 I03 I04 I05 I06
ad94d5accc72768b,I01 I02 I03 I04 I05 I06
adc0caafebe5d123,I01 I02 I03 I04 I05 I06
ae18e33c557deccd,I01 I02 I03 I04 I05 I06
ae227d5848a152ef,I01 I02 I03 I04 I05 I06
aec3a2f0c8892dcc,I01 I02 I03 I04 I05 I06
af1884ef30ba274c,I01 I02 I03 I04 I05 I06
af2ef4a50874740a,I01 I02 I03 I04 I05 I06
af5f7a6919fc6a34,I01 I02 I03 I04 I05 I06
af92b33e60d4b18a,I01 I02 I03 I04 I05 I06
af998a2b2fe24c79,I01 I02 I03 I04 I05 I06
af9f567a11ffaf54,I01 I02 I03 I04 I05 I06
b00f64f14aa2bb89,I01 I02 I03 I04 I05 I06
b066491b841eaf1d,I01 I02 I03 I04 I05 I06
b077b57e4cd631dd,I01 I02 I03 I04 I05 I06
b1198e675cef8620,I01 I02 I03 I04 I05 I06
b1685daf675b99b4,I01 I02 I03 I04 I05 I06
b1b08631c28588f1,I01 I02 I03 I04 I05 I06
b2437b3fd6ce87e1,I01 I02 I03 I04 I05 I06
b272fff35683fd33,I01 I02 I03 I04 I05 I06
b27bcb90a1e1de9f,I01 I02 I03 I04 I05 I06
b322c6d46b3b59d4,I01 I02 I03 I04 I05 I06
b3504255dcabe974,I01 I02 I03 I04 I05 I06
b39437bad0cf67b0,I01 I02 I03 I04 I05 I06
b3ca1b5a25a89f10,I01 I02 I03 I04 I05 I06
b3f589f3aee401af,I01 I02 I03 I04 I05 I06
b4094d366e9461dc,I01 I02 I03 I04 I05 I06
b416cb93a1786d25,I01 I02 I03 I04 I05 I06
b45b72beb26be6fd,I01 I02 I03 I04 I05 I06
b5927ba810b192d4,I01 I02 I03 I04 I05 I06
b5a848b91d97a9e8,I01 I02 I03 I04 I05 I06
b5b04e3bd72387a8,I01 I02 I03 I04 I05 I06
b5ebeaedefc4324e,I01 I02 I03 I04 I05 I06
b6328c20b8d7b350,I01 I02 I03 I04 I05 I06
b680bd3ab3282210,I01 I02 I03 I04 I05 I06
b6d176b3da15de00,I01 I02 I03 I04 I05 I06
b6d434d263ccf66b,I01 I02 I03 I04 I05 I06
b73eb2d10eeda311,I01 I02 I03 I04 I05 I06
b78111536d943158,I01 I02 I03 I04 I05 I06
b7e5860f24dad53e,I01 I02 I03 I04 I05 I06
b7ef183f9ecf2907,I01 I02 I03 I04 I05 I06
b800d890e31db64d,I01 I02 I03 I04 I05 I06
b809b1345781af6d,I01 I02 I03 I04 I05 I06
b8a9051f3b73f1b4,I01 I02 I03 I04 I05 I06
b8b0929e3a328bc0,I01 I02 I03 I04 I05 I06
b93f4d3d9f4c0031,I01 I02 I03 I04 I05 I06
b9e4b611cdef76f3,I01 I02 I03 I04 I05 I06
ba2d185a50f7170d,I01 I02 I03 I04 I05 I06
ba4ab121079ca1d4,I01 I02 I03 I04 I05 I06
baa8b3335544d023,I01 I02 I03 I04 I05 I06
bab4d9899a124ce4,I01 I02 I03 I04 I05 I06
baf5b59653a75828,I01 I02 I03 I04 I05 I06
bb452f31f314ab75,I01 I02 I03 I04 I05 I06
bb7805669a399d50,I01 I02 I03 I04 I05 I06
bc205d08af31dacb,I01 I02 I03 I04 I05 I06
bc8f7425e38af221,I01 I02 I03 I04 I05 I06
bc9f5375668f731a,I01 I02 I03 I04 I05 I06
bcc729e8b3c458b3,I01 I02 I03 I04 I05 I06
bd1dba5267e48598,I01 I02 I03 I04 I05 I06
bd4c781aa176c33d,I01 I02 I03 I04 I05 I06
bd8a215246810b7f,I01 I02 I03 I04 I05 I06
bdb10958747780d4,I01 I02 I03 I04 I05 I06
bdb71dd1ddbf90e7,I01 I02 I03 I04 I05 I06
be246484053ed7ac,I01 I02 I03 I04 I05 I06
be2ba60d37632fc3,I01 I02 I03 I04 I05 I06
be65e337972e0b3b,I01 I02 I03 I04 I05 I06
beaf50eb90d4a50a,I01 I02 I03 I04 I05 I06
bf1aaf4ef3189819,I01 I02 I03 I04 I05 I06
bf25ad59b30b1687,I01 I02 I03 I04 I05 I06
bf2f75dcdad43d55,I01 I02 I03 I04 I05 I06
bf4c266e344a1fbd,I01 I02 I03 I04 I05 I06
bf998a7ad250d540,I01 I02 I03 I04 I05 I06
bfb0cc17b9fda743,I01 I02 I03 I04 I05 I06
bfe9205dd7f0c2b5,I01 I02 I03 I04 I05 I06
bff09c92cf1a894c,I01 I02 I03 I04 I05 I06
c0694930a0ea600c,I01 I02 I03 I04 I05 I06
c106e3b826e68bd1,I01 I02 I03 I04 I05 I06
c11f6f977b8b6a89,I01 I02 I03 I04 I05 I06
c12a5225079b1837,I01 I02 I03 I04 I05 I06
c1e2457ccb2fab05,I01 I02 I03 I04 I05 I06
c29c70ea8936ad1c,I01 I02 I03 I04 I05 I06
c29e17cc34e1210a,I01 I02 I03 I04 I05 I06
c2dc82fa593301cd,I01 I02 I03 I04 I05 I06
c33af24e5b18a613,I01 I02 I03 I04 I05 I06
c3799c585c88efed,I01 I02 I03 I04 I05 I06
c39b31b53aec8cc0,I01 I02 I03 I04 I05 I06
c39dbe491c174a67,I01 I02 I03 I04 I05 I06
c4557616d20bf4e7,I01 I02 I03 I04 I05 I06
c46991f3d9e46543,I01 I02 I03 I04 I05 I06
c4bb58ab5403f28a,I01 I02 I03 I04 I05 I06
c4dbec4287369a2f,I01 I02 I03 I04 I05 I06
c4f1b3a124035e1f,I01 I02 I03 I04 I05 I06
c4f46e95fb4f5cbb,I01 I02 I03 I04 I05 I06
c50e6374dbff0d20,I01 I02 I03 I04 I05 I06
c559ea063fccc29c,I01 I02 I03 I04 I05 I06
c5672fa2975cbbfb,I01 I02 I03 I04 I05 I06
c57f9121659aed44,I01 I02 I03 I04 I05 I06
c5bedf78b3ce6f72,I01 I02 I03 I04 I05 I06
c62fcf09f625fbe3,I01 I02 I03 I04 I05 I06
c656feb8360b6328,I01 I02 I03 I04 I05 I06
c66b745a6b4c33d0,I01 I02 I03 I04 I05 I06
c68764e06937808f,I01 I02 I03 I04 I05 I06
c6954791e4580429,I01 I02 I03 I04 I05 I06
c6aa418e12e8e5d3,I01 I02 I03 I04 I05 I06
c6b08a8a765e9447,I01 I02 I03 I04 I05 I06
c780fd8d0de9fa4b,I01 I02 I03 I04 I05 I06
c78cfa8b596b7c7b,I01 I02 I03 I04 I05 I06
c8bea6dc60b9bc6f,I01 I02 I03 I04 I05 I06
c8c798459de8984b,I01 I02 I03 I04 I05 I06
c90a9101c58b20c8,I01 I02 I03 I04 I05 I06
c928b2c26f030374,I01 I02 I03 I04 I05 I06
c9fae462ab32281c,I01 I02 I03 I04 I05 I06
ca72770e00174d77,I01 I02 I03 I04 I05 I06
ca9dfee6fc644520,I01 I02 I03 I04 I05 I06
caadda7009cc48cf,I01 I02 I03 I04 I05 I06
cb148d1743cfa87a,I01 I02 I03 I04 I05 I06
cbfa15cbea498f83,I01 I02 I03 I04 I05 I06
cc6383348148dd16,I01 I02 I03 I04 I05 I06
cd54b51b31472cdc,I01 I02 I03 I04 I05 I06
cd7369fed751dc92,I01 I02 I03 I04 I05 I06
cdabeb8e2b2bf64c,I01 I02 I03 I04 I05 I06
cdf911697caf50c8,I01 I02 I03 I04 I05 I06
cebb389cc36e450e,I01 I02 I03 I04 I05 I06
cf132b7cb0a9c6d0,I01 I02 I03 I04 I05 I06
d00544c1e6bb65b4,I01 I02 I03 I04 I05 I06
d03c865212fbeafb,I01 I02 I03 I04 I05 I06
d03f77f1a21f7c7c,I01 I02 I03 I04 I05 I06
d123b95b8af1aa81,I01 I02 I03 I04 I05 I06
d138d06347d44d6d,I01 I02 I03 I04 I05 I06
d1a15be06eb937ce,I01 I02 I03 I04 I05 I06
d24480bea542b297,I01 I02 I03 I04 I05 I06
d3287d0c9ca4622a,I01 I02 I03 I04 I05 I06
d33a225b75d83c01,I01 I02 I03 I04 I05 I06
d3a0a74c21dd4339,I01 I02 I03 I04 I05 I06
d3d30f1c23f70f8b,I01 I02 I03 I04 I05 I06
d3d460668e932bf2,I01 I02 I03 I04 I05 I06
d3e512ee7bbc4a34,I01 I02 I03 I04 I05 I06
d4d30f5479094d48,I01 I02 I03 I04 I05 I06
d520b7c4574d8347,I01 I02 I03 I04 I05 I06
d546b1f2bc456be1,I01 I02 I03 I04 I05 I06
d55ac47a5b31fafb,I01 I02 I03 I04 I05 I06
d5a600e1dbd99e52,I01 I02 I03 I04 I05 I06
d6929792f6f3cf21,I01 I02 I03 I04 I05 I06
d6f08b681bd02bb0,I01 I02 I03 I04 I05 I06
d6f6e162b566fded,I01 I02 I03 I04 I05 I06
d715d479cc54ac5e,I01 I02 I03 I04 I05 I06
d75bae91cc6416df,I01 I02 I03 I04 I05 I06
d7a819508abacc86,I01 I02 I03 I04 I05 I06
d7da8d444a17449f,I01 I02 I03 I04 I05 I06
d7fb44c207f22db9,I01 I02 I03 I04 I05 I06
d81faa6ff4bb261b,I01 I02 I03 I04 I05 I06
d82643a3cb2acd8b,I01 I02 I03 I04 I05 I06
d82a515d16be7136,I01 I02 I03 I04 I05 I06
d832de05353abf00,I01 I02 I03 I04 I05 I06
d85c403d449c5e69,I01 I02 I03 I04 I05 I06
d89482b0de4ddc28,I01 I02 I03 I04 I05 I06
d8b046aef89e91ab,I01 I02 I03 I04 I05 I06
da22240b8b6a28ca,I01 I02 I03 I04 I05 I06
da82c4a4ce4c8b7c,I01 I02 I03 I04 I05 I06
db178220d0cd1482,I01 I02 I03 I04 I05 I06
db20581ea60a424a,I01 I02 I03 I04 I05 I06
db762d6feb5d40d9,I01 I02 I03 I04 I05 I06
dbb289fbdff98f7f,I01 I02 I03 I04 I05 I06
dbcf4ff24be2d741,I01 I02 I03 I04 I05 I06
dc40baa31c9f47fc,I01 I02 I03 I04 I05 I06
dc6537d8c772d59b,I01 I02 I03 I04 I05 I06
dc8aa1932a18e79c,I01 I02 I03 I04 I05 I06
ddd4af61dbaef8d2,I01 I02 I03 I04 I05 I06
de3c0c03d2f8a85d,I01 I02 I03 I04 I05 I06
debdfced2e0a4cb6,I01 I02 I03 I04 I05 I06
dece08e4069ffe1c,I01 I02 I03 I04 I05 I06
dee20f290b6a329c,I01 I02 I03 I04 I05 I06
df6b52007ef06896,I01 I02 I03 I04 I05 I06
dfb2686a8a831db7,I01 I02 I03 I04 I05 I06
dffd110c31959574,I01 I02 I03 I04 I05 I06
e027318e89f51362,I01 I02 I03 I04 I05 I06
e03df7338defc7cb,I01 I02 I03 I04 I05 I06
e0513151219d8565,I01 I02 I03 I04 I05 I06
e12d07129ff84980,I01 I02 I03 I04 I05 I06
e131bd5b7864b9ea,I01 I02 I03 I04 I05 I06
e194636c44e0066f,I01 I02 I03 I04 I05 I06
e1a20073202f1c82,I01 I02 I03 I04 I05 I06
e1f87d3e5a33fd88,I01 I02 I03 I04 I05 I06
e1fa0ea6aee5ee45,I01 I02 I03 I04 I05 I06
e21e9da7c17b5f56,I01 I02 I03 I04 I05 I06
e22139f82125f63a,I01 I02 I03 I04 I05 I06
e26d4b28dd05ec22,I01 I02 I03 I04 I05 I06
e287458f2ddd7d92,I01 I02 I03 I04 I05 I06
e2fc4e714c954b0e,I01 I02 I03 I04 I05 I06
e31ffac078f01137,I01 I02 I03 I04 I05 I06
e3c14f2f5676de6c,I01 I02 I03 I04 I05 I06
e4374eefe089b0fe,I01 I02 I03 I04 I05 I06
e464eb2386665180,I01 I02 I03 I04 I05 I06
e513f7bf70460428,I01 I02 I03 I04 I05 I06
e51bc4ce3c352bda,I01 I02 I03 I04 I05 I06
e5e0f738a752686c,I01 I02 I03 I04 I05 I06
e6ea4ecfcbcfbcf7,I01 I02 I03 I04 I05 I06
e71ce33974aefa9f,I01 I02 I03 I04 I05 I06
e754710aa87f7e1a,I01 I02 I03 I04 I05 I06
e76fdef05ae80288,I01 I02 I03 I04 I05 I06
e7b1827d156f0b18,I01 I02 I03 I04 I05 I06
e7d99206fa71a38e,I01 I02 I03 I04 I05 I06
e87167f176aa77f1,I01 I02 I03 I04 I05 I06
e8aad80ba1c85a80,I01 I02 I03 I04 I05 I06
e949ed1edd28706f,I01 I02 I03 I04 I05 I06
e955d3fce45c0735,I01 I02 I03 I04 I05 I06
e9d5179f06ecf087,I01 I02 I03 I04 I05 I06
ea018ab3c551a828,I01 I02 I03 I04 I05 I06
ea245b46b0ecb753,I01 I02 I03 I04 I05 I06
ea5cc29a48885ca1,I01 I02 I03 I04 I05 I06
ea6451c690f290b0,I01 I02 I03 I04 I05 I06
eaa63a27e330ed9e,I01 I02 I03 I04 I05 I06
ebae1e06dda0b377,I01 I02 I03 I04 I05 I06
ebb681443b21c686,I01 I02 I03 I04 I05 I06
ebce06e5e93133f6,I01 I02 I03 I04 I05 I06
ebd2c917209a7a7c,I01 I02 I03 I04 I05 I06
ebf72e47e9728cff,I01 I02 I03 I04 I05 I06
ec091c3512bff20a,I01 I02 I03 I04 I05 I06
ec7caeeb5f913712,I01 I02 I03 I04 I05 I06
ece3c7d163c8689f,I01 I02 I03 I04 I05 I06
ee1db58fb1a413ce,I01 I02 I03 I04 I05 I06
ee50d2b92e68e61e,I01 I02 I03 I04 I05 I06
eea65ac402d91078,I01 I02 I03 I04 I05 I06
eeb4d172e3987d2b,I01 I02 I03 I04 I05 I06
eee0b13e1bb213cf,I01 I02 I03 I04 I05 I06
ef77ec972f746001,I01 I02 I03 I04 I05 I06
ef8d4ea56e1a4060,I01 I02 I03 I04 I05 I06
efddea17851c7035,I01 I02 I03 I04 I05 I06
f010f998e483c4aa,I01 I02 I03 I04 I05 I06
f01f1dd5303b5dde,I01 I02 I03 I04 I05 I06
f072d9a6aa641abf,I01 I02 I03 I04 I05 I06
f09ee43de587ad0b,I01 I02 I03 I04 I05 I06
f0a38232d9480691,I01 I02 I03 I04 I05 I06
f0a85ec23d5fc2fc,I01 I02 I03 I04 I05 I06
f1036028a003e1b7,I01 I02 I03 I04 I05 I06
f14b621fe4a852cd,I01 I02 I03 I04 I05 I06
f14b652dad4dd5be,I01 I02 I03 I04 I05 I06
f16bd3d5a50defef,I01 I02 I03 I04 I05 I06
f18ae93ed801173c,I01 I02 I03 I04 I05 I06
f21b7be736f28b2d,I01 I02 I03 I04 I05 I06
f24afec8f09bde90,I01 I02 I03 I04 I05 I06
f33ded3ded64ec7f,I01 I02 I03 I04 I05 I06
f376d922cff14935,I01 I02 I03 I04 I05 I06
f3825506cf267ef1,I01 I02 I03 I04 I05 I06
f39009e015c3a0c9,I01 I02 I03 I04 I05 I06
f3a0a4b5d736443b,I01 I02 I03 I04 I05 I06
f3c7994973659c86,I01 I02 I03 I04 I05 I06
f4a838fcd971d786,I01 I02 I03 I04 I05 I06
f4f33e7e79360fe2,I01 I02 I03 I04 I05 I06
f5278810ddc50462,I01 I02 I03 I04 I05 I06
f575aadb59a34fab,I01 I02 I03 I04 I05 I06
f6263f633d70338e,I01 I02 I03 I04 I05 I06
f6ca6f0a8a6fc192,I01 I02 I03 I04 I05 I06
f74cfbb1ad926891,I01 I02 I03 I04 I05 I06
f75c063ab67e0abb,I01 I02 I03 I04 I05 I06
f7c1c3bb5144af69,I01 I02 I03 I04 I05 I06
f7db772dba71335f,I01 I02 I03 I04 I05 I06
f80d84d584c1d84b,I01 I02 I03 I04 I05 I06
f81766e2e6bd7375,I01 I02 I03 I04 I05 I06
f87b73bd6a83102e,I01 I02 I03 I04 I05 I06
f88982bbc4741d84,I01 I02 I03 I04 I05 I06
f8b2c86fb8a7c162,I01 I02 I03 I04 I05 I06
f8cab72d59cac3f6,I01 I02 I03 I04 I05 I06
f8db87ff817ccf7b,I01 I02 I03 I04 I05 I06
f98d3d17d5f741fa,I01 I02 I03 I04 I05 I06
f9911bf8910dd4c8,I01 I02 I03 I04 I05 I06
f9cb39212901387d,I01 I02 I03 I04 I05 I06
fa355c7f65220e3e,I01 I02 I03 I04 I05 I06
fa4e9bc727fe96d7,I01 I02 I03 I04 I05 I06
fa51f8be18daee0e,I01 I02 I03 I04 I05 I06
fab202d7179615e8,I01 I02 I03 I04 I05 I06
fb149d9f2c276940,I01 I02 I03 I04 I05 I06
fb56e4e0a9c13b7b,I01 I02 I03 I04 I05 I06
fbd9b9cc0470143d,I01 I02 I03 I04 I05 I06
fc06dce60a6b23e0,I01 I02 I03 I04 I05 I06
fc082c9089fa3a6f,I01 I02 I03 I04 I05 I06
fcabb266b0f17006,I01 I02 I03 I04 I05 I06
fcf0ef4280128d21,I01 I02 I03 I04 I05 I06
fcf0f56954dd48d2,I01 I02 I03 I04 I05 I06
fd2182786a5bc50c,I01 I02 I03 I04 I05 I06
fd35de805fc98de3,I01 I02 I03 I04 I05 I06
fd5a187cfd016267,I01 I02 I03 I04 I05 I06
fd9e5021db6f5e68,I01 I02 I03 I04 I05 I06
fdb384146b038b4b,I01 I02 I03 I04 I05 I06
fe8d3665f00cc4d8,I01 I02 I03 I04 I05 I06
fe9dfcd601c09c60,I01 I02 I03 I04 I05 I06
ff10cbb71e0630c4,I01 I02 I03 I04 I05 I06
ffcb24f653099221,I01 I02 I03 I04 I05 I06
