query_id,rec_1,rec_2,rec_3,rec_4,rec_5
bq_001124c0045fb778,pat_19e9f1e0d16d,pat_b9add9917d29,pat_b743eb5c3bbf,pat_022e5c52db2c,pat_367ad5a74816
bq_00fa99a55b91815f,pat_dd4f3fb10042,pat_09d8fae33e15,pat_28bb9428b262,pat_018353b410a4,pat_1b85d3e71c0e
bq_0113cbe8b555d987,pat_b7528a5aa16f,pat_628994a8af7b,pat_7a82d3d98e17,pat_e73945d6a25e,pat_217d8042f847
bq_01e8ccb5f1cd2957,pat_7fe6e1e26572,pat_4fb28f877f6a,pat_3731ab5bb0cd,pat_bac3a81effa8,pat_f582a1ae0e53
bq_01f2b0f0c958bb6c,pat_6bebd7867436,pat_d65b55f84588,pat_88a0c49e2df7,pat_ae277123dac0,pat_f31c96e22201
bq_02ed55219a1da077,pat_7f7d9395c25c,pat_5cbecedef077,pat_5c16c0431887,pat_038bb21b71cc,pat_212c29478454
bq_0316e35736c2a2b1,pat_fc8201e35170,pat_d974bddd4cda,pat_d3f6038786cc,pat_b5363b0135a0,pat_1d585bb64a49
bq_0365c2610d7285d4,pat_981d4cc74d94,pat_022e5c52db2c,pat_fc321a8d7f32,pat_deba8568188d,pat_53e410f722ea
bq_03dbc2362c4e3ee8,pat_5874fc0223c4,pat_e5c1c8a7ce80,pat_628994a8af7b,pat_217d8042f847,pat_cba66894f985
bq_03fa733bedece4f7,pat_28deeb4870ee,pat_7dabbdd6b1bd,pat_738b1705bfde,pat_36198d06a478,pat_0c9cea7147b6
bq_0463b8e1f4d1edf8,pat_e91e5eab8ca1,pat_217d8042f847,pat_f1a6f6ba6c7c,pat_5b6189031973,pat_2e7aa0199209
bq_04b57f273ad76f66,pat_9f98827935c5,pat_b6906018f6fe,pat_fd8710c4ec8b,pat_8c124564bef2,pat_a35f1f703d4c
bq_057b8ba9065b022c,pat_ab8e7f3d2423,pat_ca5ba45844a6,pat_b0e360d58bf5,pat_f3853e7e53f8,pat_f51edfe02a73
bq_0641faadbedbdb4d,pat_82e22dd4943e,pat_e14562121a44,pat_637efcdc1d74,pat_a02c75f91773,pat_36000355b376
bq_06a1fea060dd9298,pat_78a25dc59c33,pat_4f8e818cf35f,pat_46c893262d24,pat_c378ec5da8ce,pat_dbd6ef1aeb10
bq_06b126feb9f31b91,pat_587163b292d9,pat_18569c0d601a,pat_d02013213a92,pat_67f5dff380ec,pat_07d9764ab878
bq_06d5eb3ef5879a54,pat_cf823c25ffb4,pat_b9add9917d29,pat_022e5c52db2c,pat_c3e1c7231668,pat_051750f32fb7
bq_07453cdb95392aaf,pat_28437a53e9a6,pat_738b1705bfde,pat_d0933c5b6f01,pat_33c3f6191fb2,pat_28deeb4870ee
bq_0821a19d328ce75f,pat_5a8e613b8c9f,pat_28280b6793a7,pat_23bec062c63c,pat_1142affa2b48,pat_023c4f40da55
bq_092eb90c83da7731,pat_d3bd432ed318,pat_b5e23764fac8,pat_b002131d483a,pat_d8bb33c242b7,pat_7cff0a0d8ced
bq_097df77827c23aa9,pat_f3853e7e53f8,pat_15a38a6801d9,pat_766d4f6d525b,pat_aa2dced5f89d,pat_b2ebec9ba79a
bq_098261fdc705760b,pat_42adae40909f,pat_88a0c49e2df7,pat_506f293bbff6,pat_f25f523b31e9,pat_4cd8a5df083a
bq_0a0ee276b9210bcc,pat_c005f86b315a,pat_882d90cb6af4,pat_0cb3d51c4d6e,pat_cf7198009f99,pat_c6a8dc00b526
bq_0a10153f15287aa9,pat_650d05134a40,pat_e5d25e0abc08,pat_28bb9428b262,pat_113ee9fb05f9,pat_1b85d3e71c0e
bq_0a360bed5b168970,pat_a797180f9385,pat_505ea9da00f9,pat_637efcdc1d74,pat_da1666c5a054,pat_94c91690a86f
bq_0aafae435339f4b2,pat_b7528a5aa16f,pat_5f414287bbd1,pat_5e0781dca853,pat_b1d41ed66775,pat_49e7c8ac0a69
bq_0ab34083f0fe326a,pat_d2a81190bae5,pat_dd1327495947,pat_887d43e27264,pat_d37d8813d6f4,pat_4abf67bd248f
bq_0b735efc5428877c,pat_0cb3d51c4d6e,pat_882d90cb6af4,pat_c005f86b315a,pat_cf7198009f99,pat_de675a7ef07c
bq_0b97c3bdcddb0d65,pat_1255f055d3c9,pat_25499b0286a4,pat_82e4cf673a6d,pat_2413ecb38f08,pat_f264c4e50a90
bq_0b99cecb76509bed,pat_9d3cccf9b459,pat_e4cc50af5acb,pat_6be9994e3446,pat_a547666c532d,pat_fb64486a16fc
bq_0bb9936b9da5adad,pat_0cb3d51c4d6e,pat_36000355b376,pat_4f5c8fd32e7e,pat_e14562121a44,pat_a02c75f91773
bq_0c23cd0975080411,pat_b5e23764fac8,pat_c0af3cfb8f89,pat_7513d616ced2,pat_48d0997451b4,pat_1255f055d3c9
bq_0cb79c66c2120e22,pat_f264c4e50a90,pat_f1e0bd51df13,pat_343977f77d7e,pat_239ed4416be7,pat_2413ecb38f08
bq_0cd868fa7a03477b,pat_7d79b07ca568,pat_49c6fecd004c,pat_9936599861b9,pat_5e7dc1c52766,pat_1cddccbf8ee9
bq_0d2a892ff6d765a3,pat_17d8fc3480d3,pat_e2d64fe33019,pat_186c66bd3afa,pat_b0064cbb219a,pat_30696af21704
bq_0d956d91d935f152,pat_d677f0635ca5,pat_6bebd7867436,pat_d65b55f84588,pat_e4293ca006bf,pat_88a0c49e2df7
bq_0dc4cfe5cd02608c,pat_e5d25e0abc08,pat_113ee9fb05f9,pat_28bb9428b262,pat_650d05134a40,pat_3f07cc46b230
bq_0e0ca914678a3899,pat_eb160abda6f5,pat_1d585bb64a49,pat_d3f6038786cc,pat_5a8e613b8c9f,pat_fc8201e35170
bq_0e3ef7092aa388a4,pat_ae76138a2151,pat_e4402d953cf2,pat_d01c8549065c,pat_5e4ca978ef5a,pat_25499b0286a4
bq_0eb7f1012433b4fc,pat_9d3cccf9b459,pat_e4cc50af5acb,pat_e4402d953cf2,pat_d5340f50d5be,pat_fb64486a16fc
bq_0ef3e115d86496a5,pat_148d214dc1bc,pat_d02013213a92,pat_911c8b219aed,pat_d262427b854b,pat_90167d4a1f3a
bq_0ef88074a7e359b3,pat_d677f0635ca5,pat_57ffe9b5bbb2,pat_fb5a878ac5c4,pat_3db4cd48937a,pat_b7da9b4d8685
bq_0fa3f4e09aaa3cd4,pat_3f07cc46b230,pat_40d3c3c68c4e,pat_86cb6414df81,pat_48a88b723b1c,pat_a1d42b3f6bf1
bq_0fac333945dbadcc,pat_d65b55f84588,pat_f31c96e22201,pat_6bebd7867436,pat_53831fbba58a,pat_4404b25cfd49
bq_0fc9d10d584bcd04,pat_1b85d3e71c0e,pat_95daaf0b522c,pat_1f7c87837381,pat_77561b940134,pat_ecee03630449
bq_0fcf77d18226783c,pat_d2b87d0c8a65,pat_556d0be885ad,pat_4190c239cc07,pat_018353b410a4,pat_53d30ac6aa31
bq_0ff182e009d75248,pat_42adae40909f,pat_4cd8a5df083a,pat_91d08ee09885,pat_76f1cd7e2b4b,pat_2bcd240982ed
bq_10b309a848e11238,pat_160ad7131914,pat_ae277123dac0,pat_2565a955271a,pat_2ae5faa97a8d,pat_6c013d5ed53f
bq_10e61998231d4eae,pat_6bebd7867436,pat_d65b55f84588,pat_5b9459dbe596,pat_d677f0635ca5,pat_e4293ca006bf
bq_111777cb4054acf6,pat_4183b970acc6,pat_9d3cccf9b459,pat_e4cc50af5acb,pat_22ce3a0067a3,pat_d54a5585706b
bq_11837f5739be2d31,pat_5329c35a680f,pat_939e9799f315,pat_b9691948aaa5,pat_e6e5c8644c52,pat_3c774da9554e
bq_11e28487707bba57,pat_97ef3a6826ff,pat_bf554d63c554,pat_c0179120555b,pat_b737d0a29627,pat_cacc6f1c3df7
bq_122253ddd3d2a2ec,pat_a02fddf02549,pat_587163b292d9,pat_e91e5eab8ca1,pat_a37e56f3d298,pat_f1a6f6ba6c7c
bq_138774be3fe853f5,pat_5a46f6dd9726,pat_ebb54dd234d2,pat_206bd16e2b29,pat_a74ba206fd3c,pat_b2ebec9ba79a
bq_13a60d301324ba4f,pat_e08febd93ebd,pat_179291839a1a,pat_ad6071be40f9,pat_b054ee973b8b,pat_15e6403c9dd7
bq_13ded9f8db407a68,pat_90167d4a1f3a,pat_31b4c8b38088,pat_a37e56f3d298,pat_631abb0b9bee,pat_4297217b537f
bq_143aaa9e8e64376d,pat_1c927556810d,pat_da1666c5a054,pat_95f5510d7b7a,pat_bca72ffb2a20,pat_bf48fe66a106
bq_1490b9fe63d0f664,pat_e1e29b4e8a25,pat_4fb28f877f6a,pat_f822a05844eb,pat_3a4c7d8c0984,pat_bfb4f2acb0e5
bq_14a3fc5eb91da91b,pat_19e9f1e0d16d,pat_882d90cb6af4,pat_e85326ead49b,pat_53e410f722ea,pat_0cb3d51c4d6e
bq_14e63803917a1063,pat_db26bc7e9d98,pat_d01c8549065c,pat_981d4cc74d94,pat_53e410f722ea,pat_f827fabde2a1
bq_150dca6dd8449963,pat_76e00c5ef25b,pat_fe71242214b0,pat_30a632cc6af0,pat_160ad7131914,pat_ec785a4c571e
bq_15ac47d287d36029,pat_981d4cc74d94,pat_deba8568188d,pat_a35f1f703d4c,pat_d01c8549065c,pat_145dd805542e
bq_15aee312b6fed954,pat_9cc47c99f65c,pat_ef68586ae76b,pat_da1666c5a054,pat_c005f86b315a,pat_4f5c8fd32e7e
bq_15da45f50c22d6a6,pat_6bcf10752df9,pat_8933c5d29621,pat_c3542c60b382,pat_d8f5ebb8c699,pat_5e0781dca853
bq_15dc69bdbb4bea8b,pat_07a75d61b98b,pat_574bed917b7b,pat_939e9799f315,pat_732d29e0838a,pat_d06c0c12a744
bq_1633bcbc66294420,pat_db26bc7e9d98,pat_cf7198009f99,pat_5e4ca978ef5a,pat_de675a7ef07c,pat_c005f86b315a
bq_16a63837352324bc,pat_db26bc7e9d98,pat_d01c8549065c,pat_64372cf7a5f7,pat_43d94be2ca14,pat_350912e5fa1b
bq_1733ddd953725853,pat_943fca0c97e4,pat_9ac7c3fde140,pat_f31c96e22201,pat_5a8e613b8c9f,pat_3ee6f3d67b32
bq_179d721dd222cd82,pat_7bf2bb18ad86,pat_25379c52229c,pat_df03ae01d285,pat_307edf45be52,pat_d4f02519c8f8
bq_187c42ad983a3c77,pat_b7528a5aa16f,pat_217d8042f847,pat_0b47544d5c3f,pat_f4d06c054cc1,pat_49e7c8ac0a69
bq_193d4a54366754af,pat_c005f86b315a,pat_350912e5fa1b,pat_5a05aeff9c04,pat_ff1c6ecb0337,pat_c6a8dc00b526
bq_1969856df64326d7,pat_e5c1c8a7ce80,pat_628994a8af7b,pat_8a5c4cae79a8,pat_5329c35a680f,pat_d44d8d8e1b2b
bq_199e65ed9310fcfb,pat_f02b4aea00cf,pat_a37e56f3d298,pat_5b6189031973,pat_d02013213a92,pat_67f5dff380ec
bq_1a56619d72f30c84,pat_cf823c25ffb4,pat_8c4fe546a9fc,pat_981d4cc74d94,pat_e029bb25603e,pat_0343e0c736bf
bq_1a6fe6da1533c987,pat_28deeb4870ee,pat_7dabbdd6b1bd,pat_11cf072f7128,pat_55e684607c2d,pat_6445e9f55750
bq_1a79a82b4ab21a8f,pat_126d4d2d32a3,pat_9ac7c3fde140,pat_1912033005ff,pat_023c4f40da55,pat_5a8e613b8c9f
bq_1acc2e1d12dda13f,pat_637efcdc1d74,pat_505ea9da00f9,pat_e029bb25603e,pat_d7683cf502d1,pat_da1666c5a054
bq_1b1082c785c44191,pat_5508636fbc27,pat_b7da9b4d8685,pat_1c6b208947a3,pat_d6c8c913bb61,pat_96b47d7b2bcf
bq_1b115edc08066516,pat_1c6b208947a3,pat_5508636fbc27,pat_dbb1aff5da53,pat_d6c8c913bb61,pat_c7fe8b8b4632
bq_1b959b89e2ef9c1b,pat_350912e5fa1b,pat_5c9d413ff65f,pat_671624ec6524,pat_de675a7ef07c,pat_64372cf7a5f7
bq_1bb0f927e7ca3eaa,pat_79d71ec78d58,pat_76f1cd7e2b4b,pat_023c4f40da55,pat_28280b6793a7,pat_9ac7c3fde140
bq_1bf5a1e44e397a09,pat_015cf12dfe45,pat_49ed7ba6cbde,pat_7513d616ced2,pat_48d0997451b4,pat_cf474b702635
bq_1c3e81e3de78e954,pat_91d1e653e6d0,pat_19e9f1e0d16d,pat_3dd6f9dfcdd0,pat_6e30c53a27bb,pat_b9add9917d29
bq_1ca585ca15b12a1f,pat_33c3f6191fb2,pat_ca2fa15c30b9,pat_d0933c5b6f01,pat_49ca11a106c5,pat_f50897f63466
bq_1eb5880f9b79ee69,pat_3f9cb0ad773e,pat_48a88b723b1c,pat_25796429d78a,pat_3f07cc46b230,pat_a1d42b3f6bf1
bq_1f1c9f73fb8492d2,pat_5c9d413ff65f,pat_e38b9ffa9cbc,pat_fd8710c4ec8b,pat_b6906018f6fe,pat_22a398a4565f
bq_1f49ba389cd2b1cb,pat_1142affa2b48,pat_28280b6793a7,pat_4cfc3d88034b,pat_bfb4f2acb0e5,pat_23bec062c63c
bq_1f5184cf77b039c0,pat_42c279f09f08,pat_4aca7db07ce5,pat_934338501d8f,pat_015cf12dfe45,pat_84db4a444e1c
bq_1f6fd241f2820314,pat_76e00c5ef25b,pat_9004b17a9bcf,pat_ec785a4c571e,pat_4120482fab9f,pat_fe71242214b0
bq_1fabe19a0d5db0c8,pat_25499b0286a4,pat_395ed8a4d3da,pat_0a4aaf2d2a5d,pat_1255f055d3c9,pat_23d43944cb00
bq_206b5890eb7e135b,pat_7fe6e1e26572,pat_d65b55f84588,pat_76f1cd7e2b4b,pat_0185af68d16c,pat_d02013213a92
bq_20b30b3b835cbabb,pat_eb160abda6f5,pat_a4cc92c0ae29,pat_fc8201e35170,pat_3dd6f9dfcdd0,pat_892e629b7848
bq_20b6e22cf45c507b,pat_395ed8a4d3da,pat_5e4ca978ef5a,pat_25499b0286a4,pat_e3ea504596f3,pat_de675a7ef07c
bq_20e662d622332a45,pat_4d8198ac226f,pat_36198d06a478,pat_035343eda556,pat_b2ebec9ba79a,pat_bc7be415120f
bq_214881769b169a51,pat_961e6f6bd455,pat_d5340f50d5be,pat_d3a566a4a1fd,pat_56d2aa84ada7,pat_6be9994e3446
bq_21ba6b927988a987,pat_506f293bbff6,pat_f25f523b31e9,pat_88a0c49e2df7,pat_3c359826d239,pat_d8bb33c242b7
bq_21d303618362eaf4,pat_cacc6f1c3df7,pat_e85326ead49b,pat_0188e6a9fff3,pat_19e9f1e0d16d,pat_91d1e653e6d0
bq_2230630b24d8e7c8,pat_7d79b07ca568,pat_610e6d388013,pat_9936599861b9,pat_49c6fecd004c,pat_dbb1aff5da53
bq_2240fbd6e9e7e1d6,pat_892e629b7848,pat_cefeeb282543,pat_3dd6f9dfcdd0,pat_b9add9917d29,pat_0343e0c736bf
bq_2351a69cb4fa402a,pat_d3a566a4a1fd,pat_c005f86b315a,pat_5a05aeff9c04,pat_cf7198009f99,pat_f827fabde2a1
bq_2367e9ae59b3129f,pat_91d1e653e6d0,pat_19e9f1e0d16d,pat_b9add9917d29,pat_3dd6f9dfcdd0,pat_4ecb45bc48ab
bq_238967b0d48a7a89,pat_d5340f50d5be,pat_e14562121a44,pat_961e6f6bd455,pat_36000355b376,pat_a02c75f91773
bq_2474d127312ff208,pat_b9add9917d29,pat_892e629b7848,pat_cf823c25ffb4,pat_cefeeb282543,pat_0343e0c736bf
bq_24bb2c5ddc82aede,pat_53e410f722ea,pat_8efc614eea1d,pat_f827fabde2a1,pat_b1664306a130,pat_8cfc39043c56
bq_259e9ef27437d0cc,pat_7cff0a0d8ced,pat_8f3aa0296045,pat_2fe8b68e9b68,pat_3492b16c7f70,pat_17d8fc3480d3
bq_25db79a21441f737,pat_18569c0d601a,pat_f618aa60595c,pat_16e19c71ccda,pat_587163b292d9,pat_5da74055eb56
bq_264f8aa074688915,pat_7bf2bb18ad86,pat_217d8042f847,pat_307edf45be52,pat_df03ae01d285,pat_5b6189031973
bq_26dade68ac770ee9,pat_876511dab095,pat_179291839a1a,pat_5fc6d69dd653,pat_b054ee973b8b,pat_53d30ac6aa31
bq_277bdb67032a9c6b,pat_5c1d3d604d72,pat_1f7c87837381,pat_0053b713e5b6,pat_e08febd93ebd,pat_e2d64fe33019
bq_279e7e1664735a03,pat_5c16c0431887,pat_5cbecedef077,pat_038bb21b71cc,pat_7f7d9395c25c,pat_0d6e1ee4c88b
bq_27b7e5facc5aaf0d,pat_631abb0b9bee,pat_31b4c8b38088,pat_a37e56f3d298,pat_90167d4a1f3a,pat_0b47544d5c3f
bq_27d2e9a3493cbc6b,pat_db26bc7e9d98,pat_d01c8549065c,pat_43d94be2ca14,pat_5e4ca978ef5a,pat_f1497442b09f
bq_27fc3f4ee733a18a,pat_fb64486a16fc,pat_a3b9d346131e,pat_1255f055d3c9,pat_5fc6d69dd653,pat_9d3cccf9b459
bq_285cf430becbeebd,pat_75da18f6f93a,pat_064ab4cfcb76,pat_9ee5e0cf0dfe,pat_066a5149ce95,pat_981d4cc74d94
bq_2948596f2a53b6d2,pat_8c124564bef2,pat_3f86897c047b,pat_b698954b61be,pat_b6906018f6fe,pat_6e88f21b1611
bq_2a096cc671be022d,pat_5c9d413ff65f,pat_64372cf7a5f7,pat_e38b9ffa9cbc,pat_350912e5fa1b,pat_671624ec6524
bq_2a6d402652fce6bf,pat_443f40b18778,pat_4d1ccade8a8f,pat_e5d25e0abc08,pat_003bc31eee33,pat_010cfd45712b
bq_2b1dce565df974c9,pat_1c3b51072864,pat_8933c5d29621,pat_6bcf10752df9,pat_5e0781dca853,pat_d5cf64d5f603
bq_2b6a7bab2ea2b07b,pat_04463bf25944,pat_ced02ecf6bd1,pat_31b4c8b38088,pat_d8f5ebb8c699,pat_c3542c60b382
bq_2bb198dd0784bc7d,pat_5c59bb48ca21,pat_0c21c92c465c,pat_52e810fa42a2,pat_87b94bccfdb8,pat_038bb21b71cc
bq_2d6d6ba9f607ada0,pat_5e4ca978ef5a,pat_0a4aaf2d2a5d,pat_d5340f50d5be,pat_d3a566a4a1fd,pat_db26bc7e9d98
bq_2e98283668e2977f,pat_5b6189031973,pat_7bf2bb18ad86,pat_587163b292d9,pat_25379c52229c,pat_18569c0d601a
bq_2eae55c457a4210b,pat_75d6cc3ab1ce,pat_76e00c5ef25b,pat_7d6827c89fc2,pat_9004b17a9bcf,pat_ec785a4c571e
bq_2f3ea85fe6971c3f,pat_c005f86b315a,pat_350912e5fa1b,pat_c6a8dc00b526,pat_671624ec6524,pat_5a05aeff9c04
bq_2f76199c9101cdbd,pat_db26bc7e9d98,pat_c005f86b315a,pat_53e410f722ea,pat_cf7198009f99,pat_d01c8549065c
bq_30fae8829d5283dc,pat_deba8568188d,pat_d01c8549065c,pat_5e4ca978ef5a,pat_ae76138a2151,pat_f1497442b09f
bq_31e7191f69dc0224,pat_bac3a81effa8,pat_1c760d84a3d2,pat_e1e29b4e8a25,pat_c70808fb33b7,pat_27da6af9f5a1
bq_3209eeb54525626e,pat_a797180f9385,pat_505ea9da00f9,pat_da1666c5a054,pat_1c927556810d,pat_637efcdc1d74
bq_3251d3036bda816b,pat_7bf2bb18ad86,pat_df03ae01d285,pat_217d8042f847,pat_307edf45be52,pat_25379c52229c
bq_326769da0a7227de,pat_7bf2bb18ad86,pat_df03ae01d285,pat_25379c52229c,pat_5b6189031973,pat_217d8042f847
bq_327cce81067585e3,pat_671624ec6524,pat_350912e5fa1b,pat_5c9d413ff65f,pat_e38b9ffa9cbc,pat_64372cf7a5f7
bq_3426dc7dd786daf2,pat_5da74055eb56,pat_18569c0d601a,pat_12b556260537,pat_587163b292d9,pat_f618aa60595c
bq_342efc90de8f4f2f,pat_3e09e5a3d380,pat_b046040509d4,pat_0d6e1ee4c88b,pat_d12e3abf52a5,pat_0a6aba513908
bq_34c839bee0cf5b85,pat_4ecb45bc48ab,pat_5e4ca978ef5a,pat_e38b9ffa9cbc,pat_022e5c52db2c,pat_de675a7ef07c
bq_3563850e7349e0a5,pat_77561b940134,pat_186c66bd3afa,pat_95daaf0b522c,pat_1b85d3e71c0e,pat_018353b410a4
bq_364972ae918c24a9,pat_35b194c4c180,pat_1cddccbf8ee9,pat_068a154303d5,pat_d9653da7b65e,pat_c378ec5da8ce
bq_36bfc35e82828c44,pat_972a973e88b6,pat_5545f13b2731,pat_7fe86e29cbef,pat_76e00c5ef25b,pat_160ad7131914
bq_36c80addbd080738,pat_b5e23764fac8,pat_ae277123dac0,pat_6bebd7867436,pat_88a0c49e2df7,pat_f1e0bd51df13
bq_36ccf9ac9d216e7a,pat_4fb28f877f6a,pat_7fe6e1e26572,pat_f02b4aea00cf,pat_e1e29b4e8a25,pat_1c760d84a3d2
bq_37543acea9b9653b,pat_367ad5a74816,pat_cde76421f9af,pat_0343e0c736bf,pat_5131d7ed5911,pat_3b6f5efdf6d6
bq_37ab6581dc6634e8,pat_15a38a6801d9,pat_aa2dced5f89d,pat_f3853e7e53f8,pat_28deeb4870ee,pat_738b1705bfde
bq_37c349c49a4b7add,pat_3accb0495529,pat_fbb8ed0ec7ee,pat_e029bb25603e,pat_75da18f6f93a,pat_2413ecb38f08
bq_37d1adc7842667bc,pat_86cb6414df81,pat_3f07cc46b230,pat_40d3c3c68c4e,pat_48a88b723b1c,pat_d98170d996aa
bq_382fb4c45cd83714,pat_1e81075b44e1,pat_62b04ae6e745,pat_f28a590e64aa,pat_c0af3cfb8f89,pat_3c038ea29b54
bq_383718441046b579,pat_217d8042f847,pat_5f414287bbd1,pat_7bf2bb18ad86,pat_b7528a5aa16f,pat_b1d41ed66775
bq_38513b7cae5adf6a,pat_67f5dff380ec,pat_2622b8dcde9f,pat_e782fc64cb77,pat_96b47d7b2bcf,pat_148d214dc1bc
bq_393960b510415396,pat_c6187f02e99e,pat_18569c0d601a,pat_16e19c71ccda,pat_a7816c1406a3,pat_587163b292d9
bq_396c79d05c37af04,pat_7986f1f6303c,pat_b6906018f6fe,pat_581091f891ab,pat_906b841bdf5c,pat_8c124564bef2
bq_39a2f0326f219cea,pat_86cb6414df81,pat_3f07cc46b230,pat_40d3c3c68c4e,pat_2bcd240982ed,pat_f5ef4435ef81
bq_39f65437fc46b9f6,pat_91d1e653e6d0,pat_c5d6d7be1668,pat_ced02ecf6bd1,pat_71b44094a1ef,pat_505cdeb0eb28
bq_3a7f1320229f879a,pat_cba66894f985,pat_5810a50eede5,pat_217d8042f847,pat_206bd16e2b29,pat_628994a8af7b
bq_3ba6380b4e92d547,pat_de675a7ef07c,pat_0188e6a9fff3,pat_22a398a4565f,pat_e85326ead49b,pat_e38b9ffa9cbc
bq_3bab9ff93cf18ecc,pat_cba66894f985,pat_b7528a5aa16f,pat_206bd16e2b29,pat_217d8042f847,pat_d3bdc225addc
bq_3be6812943dec1f0,pat_5cbecedef077,pat_a547666c532d,pat_0a6aba513908,pat_e4cc50af5acb,pat_4183b970acc6
bq_3bed47e3f48fcee9,pat_d663e4bd03e2,pat_e73945d6a25e,pat_a74ba206fd3c,pat_f3853e7e53f8,pat_9c076ae10505
bq_3c9474f4d4bad6cf,pat_dd1327495947,pat_4abf67bd248f,pat_7681ebb1244b,pat_8a5c4cae79a8,pat_04f871db5377
bq_3cd3201a9ee37443,pat_53e410f722ea,pat_8efc614eea1d,pat_0e77b97b0dd7,pat_d3a566a4a1fd,pat_23d43944cb00
bq_3da14c09e3ad4128,pat_b5363b0135a0,pat_0188e6a9fff3,pat_cacc6f1c3df7,pat_e85326ead49b,pat_1898278b7396
bq_3db84fd6ebf2af86,pat_de675a7ef07c,pat_cf7198009f99,pat_d5340f50d5be,pat_0cb3d51c4d6e,pat_4f5c8fd32e7e
bq_3e6f65dfd7b3158e,pat_19e9f1e0d16d,pat_6ced9578e1f8,pat_91d1e653e6d0,pat_b9add9917d29,pat_892e629b7848
bq_3e858c94e80eca94,pat_113ee9fb05f9,pat_e5d25e0abc08,pat_9ac7c3fde140,pat_28bb9428b262,pat_1b85d3e71c0e
bq_3ed730bc5e0525c4,pat_4d1ccade8a8f,pat_8ad1a2d12764,pat_2062b2d93d51,pat_48a88b723b1c,pat_443f40b18778
bq_3f1e6836ae0ce88d,pat_76f1cd7e2b4b,pat_42adae40909f,pat_79d71ec78d58,pat_28280b6793a7,pat_91d08ee09885
bq_3fe0c953a557393e,pat_1c6b208947a3,pat_5508636fbc27,pat_dbb1aff5da53,pat_8ad1a2d12764,pat_b7da9b4d8685
bq_40f220031d83cd09,pat_650d05134a40,pat_c416bea5efc9,pat_fc321a8d7f32,pat_018353b410a4,pat_066a5149ce95
bq_410d26b8640faa9a,pat_e7ad5ccc9d4e,pat_0e77b97b0dd7,pat_335017812bb3,pat_8efc614eea1d,pat_ae76138a2151
bq_414b991c05422517,pat_3f9cb0ad773e,pat_a1d42b3f6bf1,pat_2062b2d93d51,pat_16e19c71ccda,pat_48a88b723b1c
bq_417f05f184bbf2db,pat_556d0be885ad,pat_4190c239cc07,pat_d2b87d0c8a65,pat_9cff0eeff657,pat_dfd13df86252
bq_41f9f03416b81dbe,pat_2ae5faa97a8d,pat_5545f13b2731,pat_ae277123dac0,pat_160ad7131914,pat_e3ea504596f3
bq_435ae18d169dad45,pat_6bebd7867436,pat_d677f0635ca5,pat_88a0c49e2df7,pat_113b83eafb3d,pat_d8bb33c242b7
bq_43b629b9a61fb5b0,pat_aa6f6fa32615,pat_7334d3edde76,pat_5c6e6849ff59,pat_6b637edc2460,pat_1c927556810d
bq_441f835d01d2f3df,pat_ecee03630449,pat_113b83eafb3d,pat_40d3c3c68c4e,pat_dd4f3fb10042,pat_1b85d3e71c0e
bq_4472320bbab5c694,pat_4755c7bdf112,pat_293af3b1b24c,pat_1898278b7396,pat_e961124d11d2,pat_d474811de885
bq_450c0e25a0d20760,pat_ca5ba45844a6,pat_d57407d68d98,pat_ab8e7f3d2423,pat_b0e360d58bf5,pat_f3853e7e53f8
bq_4584fea9b70711a2,pat_2a22419c0e5a,pat_e1ac458c047a,pat_e6a84ec6a2b3,pat_11cf072f7128,pat_838b11dcf728
bq_45ea69a9e2b89eaa,pat_1e104c226cbf,pat_95433a640865,pat_e5d25e0abc08,pat_3b6f5efdf6d6,pat_cefeeb282543
bq_461af7100ae19661,pat_d3a566a4a1fd,pat_d5340f50d5be,pat_961e6f6bd455,pat_0cb3d51c4d6e,pat_6be9994e3446
bq_47a3f99f71212c6e,pat_76f1cd7e2b4b,pat_79d71ec78d58,pat_6c013d5ed53f,pat_9ac7c3fde140,pat_2565a955271a
bq_4853ee591d402205,pat_04463bf25944,pat_b5363b0135a0,pat_f822a05844eb,pat_4120482fab9f,pat_fc8201e35170
bq_48e4bde63c5a81b2,pat_d663e4bd03e2,pat_a74ba206fd3c,pat_683a5d8bc7fe,pat_f3853e7e53f8,pat_9c076ae10505
bq_49319571aaa85570,pat_f1a6f6ba6c7c,pat_a02fddf02549,pat_34861c8f368a,pat_df03ae01d285,pat_de5e7aacf622
bq_49da2b34e9c6693a,pat_5b9459dbe596,pat_4aca7db07ce5,pat_e4293ca006bf,pat_3db4cd48937a,pat_0a3b19f80567
bq_4ac4b4b116860140,pat_b1664306a130,pat_145dd805542e,pat_deba8568188d,pat_fc321a8d7f32,pat_cbe71169556b
bq_4af7da42c624086e,pat_4aca7db07ce5,pat_84db4a444e1c,pat_e4293ca006bf,pat_5b9459dbe596,pat_934338501d8f
bq_4b272c103ad0beec,pat_7fe86e29cbef,pat_6ced9578e1f8,pat_0e77b97b0dd7,pat_23d43944cb00,pat_051750f32fb7
bq_4b425dc5c77d0ba8,pat_f582a1ae0e53,pat_3731ab5bb0cd,pat_8172383c20a9,pat_4468c97aa9d9,pat_887d43e27264
bq_4c6ddfb3caf1bd30,pat_17d8fc3480d3,pat_e2d64fe33019,pat_30696af21704,pat_15e6403c9dd7,pat_ad6071be40f9
bq_4c7f4055f1856ba4,pat_b7da9b4d8685,pat_77abe0b2850e,pat_fb5a878ac5c4,pat_d6c8c913bb61,pat_d677f0635ca5
bq_4ca21f9b84f1c25f,pat_6ced9578e1f8,pat_d8f5ebb8c699,pat_fc8201e35170,pat_c3542c60b382,pat_a5dfbce67875
bq_4d92ca8908bdeb67,pat_3167bab0b243,pat_6d9f3bfcab3e,pat_3f86897c047b,pat_b3ae05fd6b48,pat_e3d39ec1baab
bq_4da7e1b9b5cb9c90,pat_b046040509d4,pat_0d6e1ee4c88b,pat_0a6aba513908,pat_a547666c532d,pat_a35f1f703d4c
bq_4e71390dba9f4f5f,pat_91d1e653e6d0,pat_23d43944cb00,pat_ced02ecf6bd1,pat_6aeb6fb8a93d,pat_53e410f722ea
bq_4fc5e93209ee5905,pat_b9691948aaa5,pat_3c774da9554e,pat_939e9799f315,pat_5329c35a680f,pat_106d84967e76
bq_50170981f857d636,pat_77abe0b2850e,pat_9cff0eeff657,pat_d6c8c913bb61,pat_c58448eb6ba8,pat_7e2e0adf2ab2
bq_5086882a563c86ec,pat_5a8e613b8c9f,pat_9ac7c3fde140,pat_79d71ec78d58,pat_023c4f40da55,pat_4cfc3d88034b
bq_50a42fc53993427d,pat_31b4c8b38088,pat_bfb4f2acb0e5,pat_b1d41ed66775,pat_c3542c60b382,pat_4fb28f877f6a
bq_50ef53d11de8c357,pat_1c760d84a3d2,pat_bac3a81effa8,pat_e1e29b4e8a25,pat_e91e5eab8ca1,pat_587163b292d9
bq_51232a00295b1dcc,pat_28bb9428b262,pat_1b85d3e71c0e,pat_1f7c87837381,pat_dd4f3fb10042,pat_09d8fae33e15
bq_51782b38e797c8bb,pat_eb160abda6f5,pat_fc8201e35170,pat_6445e9f55750,pat_443f40b18778,pat_d3f6038786cc
bq_526b2b42da1b3f73,pat_f827fabde2a1,pat_53e410f722ea,pat_d3a566a4a1fd,pat_d5340f50d5be,pat_db26bc7e9d98
bq_53746415a180cfcc,pat_e73945d6a25e,pat_206bd16e2b29,pat_5a46f6dd9726,pat_33c3f6191fb2,pat_7a82d3d98e17
bq_53c43df64875a060,pat_c7fe8b8b4632,pat_f80f19cd7906,pat_5bfe23a03337,pat_8c124564bef2,pat_3f86897c047b
bq_54147391dfb95016,pat_bf48fe66a106,pat_1c927556810d,pat_5c6e6849ff59,pat_a797180f9385,pat_350912e5fa1b
bq_5422514ddac01b8c,pat_a37e56f3d298,pat_d02013213a92,pat_5b6189031973,pat_7bf2bb18ad86,pat_0b47544d5c3f
bq_54b70020fdf795b5,pat_5329c35a680f,pat_e91e5eab8ca1,pat_939e9799f315,pat_e6e5c8644c52,pat_3c774da9554e
bq_54ee656549ad2329,pat_85c28cdeaec6,pat_535f25c983c8,pat_87b94bccfdb8,pat_539213b914cc,pat_30696af21704
bq_54f802469373aebc,pat_9ee5e0cf0dfe,pat_066a5149ce95,pat_5131d7ed5911,pat_981d4cc74d94,pat_95433a640865
bq_560988d68471002d,pat_628994a8af7b,pat_5a46f6dd9726,pat_e73945d6a25e,pat_e5c1c8a7ce80,pat_206bd16e2b29
bq_5618aa8c94193452,pat_85e525b5f73b,pat_d6c8c913bb61,pat_7e2e0adf2ab2,pat_fb5a878ac5c4,pat_1f7c87837381
bq_57dbc5aee97650ea,pat_deba8568188d,pat_31939e082996,pat_b1664306a130,pat_7a57133b11fc,pat_e09dc3edee75
bq_57ed516360fe00f7,pat_a7816c1406a3,pat_b7da9b4d8685,pat_c6187f02e99e,pat_148d214dc1bc,pat_fb5a878ac5c4
bq_586018a05e26159e,pat_84db4a444e1c,pat_4aca7db07ce5,pat_934338501d8f,pat_e4293ca006bf,pat_3c359826d239
bq_58fbdaae9c343847,pat_e73945d6a25e,pat_ca2fa15c30b9,pat_33c3f6191fb2,pat_628994a8af7b,pat_8a5c4cae79a8
bq_598eee8f6c186888,pat_7f7d9395c25c,pat_0d6e1ee4c88b,pat_b046040509d4,pat_3e09e5a3d380,pat_24e77445680d
bq_59b747fbeb134620,pat_587163b292d9,pat_18569c0d601a,pat_c6187f02e99e,pat_a02fddf02549,pat_7a9651c1bbe5
bq_5aa358fee2d46235,pat_9695e4ae7f3d,pat_07ef6e866d00,pat_e029bb25603e,pat_82e22dd4943e,pat_5e7dc1c52766
bq_5ad6b969472bdf37,pat_75da18f6f93a,pat_cf823c25ffb4,pat_8cfc39043c56,pat_981d4cc74d94,pat_051750f32fb7
bq_5ae9bb7b1a95dd50,pat_6b637edc2460,pat_a547666c532d,pat_5c16c0431887,pat_b046040509d4,pat_0a6aba513908
bq_5b07c6c1451d4769,pat_5545f13b2731,pat_2ae5faa97a8d,pat_7d6827c89fc2,pat_b5d932852c2b,pat_160ad7131914
bq_5be9cf3afba915a9,pat_16a360a1b606,pat_9004b17a9bcf,pat_f3b6913da90a,pat_75d6cc3ab1ce,pat_76e00c5ef25b
bq_5c5aca897c598e29,pat_7513d616ced2,pat_1255f055d3c9,pat_49ed7ba6cbde,pat_cf474b702635,pat_015cf12dfe45
bq_5c75a0050261a6a1,pat_b12e49d1f6a3,pat_3db4cd48937a,pat_1df044b3a0da,pat_3167bab0b243,pat_3f86897c047b
bq_5d5df5e15d62a843,pat_cf7198009f99,pat_c005f86b315a,pat_0cb3d51c4d6e,pat_c6a8dc00b526,pat_350912e5fa1b
bq_5e26e367b763fcb8,pat_3accb0495529,pat_2413ecb38f08,pat_2c55641048e2,pat_e3ea504596f3,pat_f3b6913da90a
bq_5e2815b881ff8935,pat_33c3f6191fb2,pat_628994a8af7b,pat_e73945d6a25e,pat_c6edbe7b64cc,pat_738b1705bfde
bq_5e5794e3e4b89442,pat_5329c35a680f,pat_2e7aa0199209,pat_e91e5eab8ca1,pat_07d9764ab878,pat_7bf2bb18ad86
bq_5e9ae0197cf3dfe5,pat_7cff0a0d8ced,pat_b002131d483a,pat_c58448eb6ba8,pat_07a587180fa4,pat_f28a590e64aa
bq_610aae0fbf3ef0da,pat_4aca7db07ce5,pat_3db4cd48937a,pat_1df044b3a0da,pat_e4293ca006bf,pat_5b9459dbe596
bq_6252d701396cb3c7,pat_88a0c49e2df7,pat_4cd8a5df083a,pat_ecee03630449,pat_ae277123dac0,pat_2bcd240982ed
bq_62a14ae695b977b8,pat_ffe799e5222f,pat_fa4483e7e568,pat_439f97368b8f,pat_6811f7298bf0,pat_94d9dc6cd040
bq_62e77e849f4a72ee,pat_91d08ee09885,pat_64c7b0ee026a,pat_fa52ca58f199,pat_28280b6793a7,pat_1142affa2b48
bq_6356a64a9a0ee3c7,pat_5c16c0431887,pat_7f7d9395c25c,pat_212c29478454,pat_038bb21b71cc,pat_6b637edc2460
bq_6396dee56ed8e95f,pat_b235ade9dd8a,pat_30a632cc6af0,pat_f582a1ae0e53,pat_887d43e27264,pat_53831fbba58a
bq_642e5cdb9544d88f,pat_fc321a8d7f32,pat_b0064cbb219a,pat_8f3aa0296045,pat_9f98827935c5,pat_145dd805542e
bq_652d7531156de95e,pat_b737d0a29627,pat_cdf12b9ce022,pat_783ac66c805b,pat_c3e1c7231668,pat_97ef3a6826ff
bq_65acacb859e8336a,pat_d663e4bd03e2,pat_e73945d6a25e,pat_a74ba206fd3c,pat_5a46f6dd9726,pat_b2ebec9ba79a
bq_664c361233b58575,pat_4cd8a5df083a,pat_42adae40909f,pat_f5ef4435ef81,pat_2bcd240982ed,pat_88a0c49e2df7
bq_67710d215412652c,pat_23d43944cb00,pat_d8303557e586,pat_7fe86e29cbef,pat_7d6827c89fc2,pat_b235ade9dd8a
bq_67f71782a66fbe98,pat_f582a1ae0e53,pat_3731ab5bb0cd,pat_30a632cc6af0,pat_4468c97aa9d9,pat_49af0bae08f5
bq_680db91fe0ff38ce,pat_46ba7edc0981,pat_09fb9b2792e6,pat_27da6af9f5a1,pat_106d84967e76,pat_c70808fb33b7
bq_68efca0c43f7a771,pat_49ca11a106c5,pat_ad35b4779009,pat_d23d18ac3c20,pat_911c8b219aed,pat_e3d39ec1baab
bq_695b592d3de105b1,pat_1436dc0ccf29,pat_b0064cbb219a,pat_c416bea5efc9,pat_fc321a8d7f32,pat_9f98827935c5
bq_6961030dfce890f3,pat_b9691948aaa5,pat_5329c35a680f,pat_3c774da9554e,pat_939e9799f315,pat_8c1630f73244
bq_698f47a4bbc9116c,pat_1255f055d3c9,pat_015cf12dfe45,pat_7513d616ced2,pat_42c279f09f08,pat_1e81075b44e1
bq_69d304a976b58a68,pat_4d1ccade8a8f,pat_48a88b723b1c,pat_3f9cb0ad773e,pat_a02fddf02549,pat_8059ebb2fe99
bq_6a08d15a4a78ee66,pat_e73945d6a25e,pat_5a46f6dd9726,pat_206bd16e2b29,pat_ebb54dd234d2,pat_a74ba206fd3c
bq_6a0a7cc1b41457d4,pat_0d6e1ee4c88b,pat_a35f1f703d4c,pat_5c6e6849ff59,pat_8f3aa0296045,pat_7334d3edde76
bq_6a104720a018205f,pat_506f293bbff6,pat_30a632cc6af0,pat_42adae40909f,pat_f25f523b31e9,pat_972a973e88b6
bq_6a1c2ffb6c6b9455,pat_1142affa2b48,pat_64c7b0ee026a,pat_fa52ca58f199,pat_2f786a0430ba,pat_dfe03d2906af
bq_6b1e421896d3d1a0,pat_3f9cb0ad773e,pat_16e19c71ccda,pat_25796429d78a,pat_5da74055eb56,pat_c6187f02e99e
bq_6cb16d3037a600bd,pat_a02fddf02549,pat_587163b292d9,pat_87330f8eb388,pat_1cc1eae25d69,pat_116480959c69
bq_6ccf5caae6693f8c,pat_671624ec6524,pat_e38b9ffa9cbc,pat_5c9d413ff65f,pat_ff1c6ecb0337,pat_350912e5fa1b
bq_6d7a178ace44d35f,pat_aa6f6fa32615,pat_7334d3edde76,pat_48046dbaefaa,pat_6b637edc2460,pat_5c6e6849ff59
bq_6e8fd6865ef89702,pat_5e0781dca853,pat_5f414287bbd1,pat_6bcf10752df9,pat_b7528a5aa16f,pat_b1d41ed66775
bq_6e90188703a64430,pat_015cf12dfe45,pat_42c279f09f08,pat_b5e23764fac8,pat_d54a5585706b,pat_1255f055d3c9
bq_6ec6d3d40cefb49a,pat_e2d64fe33019,pat_95daaf0b522c,pat_30696af21704,pat_77561b940134,pat_17d8fc3480d3
bq_6ff985e25d4ec7e5,pat_8efc614eea1d,pat_53e410f722ea,pat_0e77b97b0dd7,pat_051750f32fb7,pat_7fe86e29cbef
bq_700a8ce6afa04977,pat_8cfc39043c56,pat_343977f77d7e,pat_2413ecb38f08,pat_f1e0bd51df13,pat_3accb0495529
bq_705be3c3be9d3aa5,pat_350912e5fa1b,pat_671624ec6524,pat_c005f86b315a,pat_ff1c6ecb0337,pat_cf7198009f99
bq_70a739587b67759c,pat_671624ec6524,pat_367ad5a74816,pat_5131d7ed5911,pat_a797180f9385,pat_c13491771e75
bq_70cdd457353e09aa,pat_b9add9917d29,pat_3dd6f9dfcdd0,pat_19e9f1e0d16d,pat_892e629b7848,pat_b743eb5c3bbf
bq_71c03033ba089558,pat_d65b55f84588,pat_fbb8ed0ec7ee,pat_f31c96e22201,pat_6bebd7867436,pat_2c55641048e2
bq_71f4c38caa0972ff,pat_cf7198009f99,pat_bf554d63c554,pat_305286fba277,pat_0ce275f8816d,pat_c005f86b315a
bq_72af0aa0fd28dbbe,pat_535f25c983c8,pat_539213b914cc,pat_87b94bccfdb8,pat_15e6403c9dd7,pat_30696af21704
bq_72bfeb81affb3ae5,pat_a547666c532d,pat_4183b970acc6,pat_6dba57764564,pat_e4cc50af5acb,pat_5fc6d69dd653
bq_738a0537129d8195,pat_525a63318460,pat_023c4f40da55,pat_23bec062c63c,pat_2bcd240982ed,pat_9ac7c3fde140
bq_73a3c037ec5de133,pat_d12e3abf52a5,pat_409626892ca0,pat_2182f1b594ff,pat_5131d7ed5911,pat_a45a25655ffc
bq_73d312d104b3024b,pat_3f9cb0ad773e,pat_116480959c69,pat_a02fddf02549,pat_1cc1eae25d69,pat_587163b292d9
bq_740b8a3fe74f05c1,pat_e4293ca006bf,pat_84db4a444e1c,pat_4aca7db07ce5,pat_5b9459dbe596,pat_e84091616d2f
bq_74df6d2f7f3a21d7,pat_3a4c7d8c0984,pat_ecdd416b3f81,pat_2f786a0430ba,pat_dfe03d2906af,pat_27da6af9f5a1
bq_758a89e0f0c1ec03,pat_19e9f1e0d16d,pat_b743eb5c3bbf,pat_c3e1c7231668,pat_b737d0a29627,pat_ff1c6ecb0337
bq_768e82fce602b155,pat_e38b9ffa9cbc,pat_de675a7ef07c,pat_22a398a4565f,pat_0188e6a9fff3,pat_e85326ead49b
bq_76ffc57a384f8be2,pat_535f25c983c8,pat_85c28cdeaec6,pat_15e6403c9dd7,pat_87b94bccfdb8,pat_539213b914cc
bq_771054749310b502,pat_88a0c49e2df7,pat_506f293bbff6,pat_42adae40909f,pat_3c359826d239,pat_f25f523b31e9
bq_772456cee706d37b,pat_eb160abda6f5,pat_fc8201e35170,pat_6ced9578e1f8,pat_d8f5ebb8c699,pat_bfb4f2acb0e5
bq_7758c46b36099bdb,pat_bca72ffb2a20,pat_3492b16c7f70,pat_94c91690a86f,pat_f1e0bd51df13,pat_dfee357735a0
bq_77a4c305f280aed9,pat_1cc1eae25d69,pat_587163b292d9,pat_a02fddf02549,pat_34861c8f368a,pat_f1a6f6ba6c7c
bq_77a6755ecdbeefc2,pat_eb160abda6f5,pat_43906ef50941,pat_212c2f29b8bc,pat_fc8201e35170,pat_d3f6038786cc
bq_77d505ba06231f8d,pat_e38b9ffa9cbc,pat_ff1c6ecb0337,pat_5c9d413ff65f,pat_671624ec6524,pat_5e4ca978ef5a
bq_781a2696fed1fb80,pat_07d9764ab878,pat_5b6189031973,pat_2e7aa0199209,pat_d44d8d8e1b2b,pat_4fb28f877f6a
bq_785fcc41dc3107da,pat_5bfe23a03337,pat_9cff0eeff657,pat_53d30ac6aa31,pat_5c1d3d604d72,pat_0053b713e5b6
bq_7863e871d762613b,pat_b9add9917d29,pat_19e9f1e0d16d,pat_022e5c52db2c,pat_cf823c25ffb4,pat_4ecb45bc48ab
bq_7883a9290b1bbfd6,pat_5c1d3d604d72,pat_5bfe23a03337,pat_0053b713e5b6,pat_9cff0eeff657,pat_53d30ac6aa31
bq_791edd2315742775,pat_650d05134a40,pat_018353b410a4,pat_77561b940134,pat_fc321a8d7f32,pat_066a5149ce95
bq_79aa58f47fb9741d,pat_4ecb45bc48ab,pat_b5363b0135a0,pat_0188e6a9fff3,pat_b9add9917d29,pat_e38b9ffa9cbc
bq_7adc96296f8fc61f,pat_42adae40909f,pat_fe71242214b0,pat_76f1cd7e2b4b,pat_6c013d5ed53f,pat_2565a955271a
bq_7adddbff03849544,pat_0185af68d16c,pat_3ee6f3d67b32,pat_f02b4aea00cf,pat_67f5dff380ec,pat_7fe6e1e26572
bq_7b1e0e5d772e26cc,pat_95daaf0b522c,pat_1f7c87837381,pat_5c1d3d604d72,pat_0053b713e5b6,pat_e2d64fe33019
bq_7b55d23bbac25b3d,pat_42c279f09f08,pat_1e81075b44e1,pat_c0af3cfb8f89,pat_4aca7db07ce5,pat_dfee357735a0
bq_7b5c34d7dccfb58c,pat_55e684607c2d,pat_2a22419c0e5a,pat_11cf072f7128,pat_6445e9f55750,pat_28deeb4870ee
bq_7b5f634b0b7941d8,pat_91d08ee09885,pat_28280b6793a7,pat_fa52ca58f199,pat_79d71ec78d58,pat_64c7b0ee026a
bq_7c57c8254391649f,pat_5c1d3d604d72,pat_0053b713e5b6,pat_186c66bd3afa,pat_1f7c87837381,pat_1b85d3e71c0e
bq_7c75e98659db7b34,pat_9ee5e0cf0dfe,pat_96987464c24a,pat_75da18f6f93a,pat_fc321a8d7f32,pat_066a5149ce95
bq_7d2cef0eb7451d76,pat_42c279f09f08,pat_015cf12dfe45,pat_934338501d8f,pat_4aca7db07ce5,pat_1e81075b44e1
bq_7d35420aa98ca0f3,pat_e73945d6a25e,pat_5a46f6dd9726,pat_206bd16e2b29,pat_7a82d3d98e17,pat_a74ba206fd3c
bq_7d53d1644e2e3b47,pat_038bb21b71cc,pat_539213b914cc,pat_212c29478454,pat_535f25c983c8,pat_b054ee973b8b
bq_7d56029f0f6fbdd9,pat_f1e0bd51df13,pat_113b83eafb3d,pat_6bebd7867436,pat_8cfc39043c56,pat_343977f77d7e
bq_7d67faedf6b296d8,pat_c005f86b315a,pat_c6a8dc00b526,pat_c13491771e75,pat_ff1c6ecb0337,pat_350912e5fa1b
bq_7da19d217d3bdc76,pat_e5c1c8a7ce80,pat_217d8042f847,pat_628994a8af7b,pat_7bf2bb18ad86,pat_5329c35a680f
bq_7e1dee57a9c7bc69,pat_49ca11a106c5,pat_1df044b3a0da,pat_911c8b219aed,pat_3db4cd48937a,pat_e782fc64cb77
bq_7e2680851628ec81,pat_dfe03d2906af,pat_3a4c7d8c0984,pat_2f786a0430ba,pat_e1e29b4e8a25,pat_64c7b0ee026a
bq_7e37736fa92fb3df,pat_671624ec6524,pat_ff1c6ecb0337,pat_c005f86b315a,pat_c6a8dc00b526,pat_350912e5fa1b
bq_7e4087ba2cd58a4e,pat_4f5c8fd32e7e,pat_0cb3d51c4d6e,pat_cf7198009f99,pat_de675a7ef07c,pat_961e6f6bd455
bq_7ed420c0ce2c21fc,pat_3f9cb0ad773e,pat_18569c0d601a,pat_25796429d78a,pat_116480959c69,pat_71d2e7efdd21
bq_7ef27eaf9fbaef7a,pat_8ab0e6956ad8,pat_4d8198ac226f,pat_b2ebec9ba79a,pat_f3853e7e53f8,pat_1515c1c2e8ea
bq_7f6df3b4800ff6eb,pat_ae76138a2151,pat_e4402d953cf2,pat_25499b0286a4,pat_5e4ca978ef5a,pat_a9d218f4e4fd
bq_8038a10ceeb884b7,pat_c58448eb6ba8,pat_07a587180fa4,pat_57ffe9b5bbb2,pat_d677f0635ca5,pat_fb5a878ac5c4
bq_810c35f269ca1683,pat_83ab1b8c6156,pat_c7fe8b8b4632,pat_5c59bb48ca21,pat_ef1418747359,pat_7b547fd2fc76
bq_817aec5c1bcf7d70,pat_5e4ca978ef5a,pat_981d4cc74d94,pat_e4402d953cf2,pat_53e410f722ea,pat_d01c8549065c
bq_81800e4a724165a9,pat_5bfe23a03337,pat_b0064cbb219a,pat_53d30ac6aa31,pat_5c1d3d604d72,pat_8c124564bef2
bq_82276f168cea83c1,pat_c005f86b315a,pat_ff1c6ecb0337,pat_671624ec6524,pat_19e9f1e0d16d,pat_db26bc7e9d98
bq_830025a9e316ace9,pat_b0064cbb219a,pat_8f3aa0296045,pat_ad6071be40f9,pat_fc321a8d7f32,pat_a35f1f703d4c
bq_836e0a0011af047a,pat_a77dfa9be9bd,pat_892e629b7848,pat_3dd6f9dfcdd0,pat_a4cc92c0ae29,pat_11cf072f7128
bq_83ae381eb4debc65,pat_cacc6f1c3df7,pat_1898278b7396,pat_0188e6a9fff3,pat_6aeb6fb8a93d,pat_e85326ead49b
bq_8505e5649f591269,pat_4abf67bd248f,pat_ca2fa15c30b9,pat_0b47544d5c3f,pat_d02013213a92,pat_07d9764ab878
bq_854a6bb1c0b86341,pat_1e81075b44e1,pat_c0af3cfb8f89,pat_1255f055d3c9,pat_dfee357735a0,pat_1513fbb97d64
bq_858a24a7772926b3,pat_78a25dc59c33,pat_4f8e818cf35f,pat_517f9ace9f30,pat_eba6d1c492c8,pat_16b5c6276a7a
bq_85cff3196aaf73c7,pat_206bd16e2b29,pat_e73945d6a25e,pat_5a46f6dd9726,pat_cba66894f985,pat_ebb54dd234d2
bq_8603677c1d67b9b2,pat_e38b9ffa9cbc,pat_19e9f1e0d16d,pat_22a398a4565f,pat_4ecb45bc48ab,pat_de675a7ef07c
bq_86603c3a996cfa70,pat_4957460e8062,pat_25796429d78a,pat_574bed917b7b,pat_f618aa60595c,pat_07a75d61b98b
bq_877c2be3a2606cbf,pat_650d05134a40,pat_018353b410a4,pat_4190c239cc07,pat_77561b940134,pat_1e104c226cbf
bq_8818e23a3bd180a8,pat_d6c8c913bb61,pat_2062b2d93d51,pat_8bef8af25552,pat_85e525b5f73b,pat_1c6b208947a3
bq_88d4654b377f5ed0,pat_deba8568188d,pat_e09dc3edee75,pat_31939e082996,pat_b1664306a130,pat_24e77445680d
bq_88e54761b7bf9b56,pat_bf48fe66a106,pat_aa6f6fa32615,pat_ad0cfdf1096c,pat_6b637edc2460,pat_a547666c532d
bq_89d4dd7d6179c7bc,pat_a797180f9385,pat_505ea9da00f9,pat_1c927556810d,pat_da1666c5a054,pat_94c91690a86f
bq_89f54bbafaea629d,pat_de675a7ef07c,pat_5c9d413ff65f,pat_e38b9ffa9cbc,pat_22a398a4565f,pat_671624ec6524
bq_89fb33aca3f700f6,pat_3accb0495529,pat_2413ecb38f08,pat_75da18f6f93a,pat_066a5149ce95,pat_064ab4cfcb76
bq_8aa0aa840dfbcd7c,pat_505ea9da00f9,pat_da1666c5a054,pat_6cca66dca16f,pat_a797180f9385,pat_bca72ffb2a20
bq_8ab87b26e5656326,pat_148d214dc1bc,pat_5d8eef806600,pat_a7816c1406a3,pat_67f5dff380ec,pat_d02013213a92
bq_8b28213db1601abb,pat_3f07cc46b230,pat_86cb6414df81,pat_8bef8af25552,pat_40d3c3c68c4e,pat_ecee03630449
bq_8b6a1daf9e8b8a6d,pat_b6906018f6fe,pat_e38b9ffa9cbc,pat_5c9d413ff65f,pat_3b6f5efdf6d6,pat_3525340c3302
bq_8b99061dbc22bffc,pat_ab8e7f3d2423,pat_04f871db5377,pat_f3853e7e53f8,pat_9b9ec7f47898,pat_8935dab30d59
bq_8b9be95408ac78bf,pat_556d0be885ad,pat_1b85d3e71c0e,pat_650d05134a40,pat_77561b940134,pat_4190c239cc07
bq_8bbc69aa79b61326,pat_9f98827935c5,pat_a35f1f703d4c,pat_5c6e6849ff59,pat_d12e3abf52a5,pat_b6906018f6fe
bq_8bd5aa41561b3bfb,pat_d663e4bd03e2,pat_f3853e7e53f8,pat_a74ba206fd3c,pat_683a5d8bc7fe,pat_9c076ae10505
bq_8c011628b9492fa0,pat_b002131d483a,pat_c58448eb6ba8,pat_7e2e0adf2ab2,pat_77abe0b2850e,pat_07a587180fa4
bq_8c109c57c207e7ad,pat_1df044b3a0da,pat_3db4cd48937a,pat_c5d6d7be1668,pat_b12e49d1f6a3,pat_07ef6e866d00
bq_8c999793bf083c57,pat_f1e0bd51df13,pat_8cfc39043c56,pat_2413ecb38f08,pat_62b04ae6e745,pat_6bebd7867436
bq_8c9b8cc1a5a772be,pat_1e81075b44e1,pat_62b04ae6e745,pat_dfee357735a0,pat_1513fbb97d64,pat_82e22dd4943e
bq_8d44376bd2c7a3eb,pat_fc8201e35170,pat_212c2f29b8bc,pat_43906ef50941,pat_d3f6038786cc,pat_eb160abda6f5
bq_8d75dd62ba8c3b4b,pat_4fb28f877f6a,pat_3ee6f3d67b32,pat_0185af68d16c,pat_505cdeb0eb28,pat_943fca0c97e4
bq_8e84346d71736b90,pat_a74ba206fd3c,pat_f3853e7e53f8,pat_d663e4bd03e2,pat_b2ebec9ba79a,pat_8c371e20b397
bq_8f6b75be13fac93b,pat_f02b4aea00cf,pat_0185af68d16c,pat_67f5dff380ec,pat_5d8eef806600,pat_3ee6f3d67b32
bq_8f7146bfeca458f1,pat_051750f32fb7,pat_b1664306a130,pat_8efc614eea1d,pat_53e410f722ea,pat_e7ad5ccc9d4e
bq_909c72e2adc18497,pat_711907f22de8,pat_2b4fae52f413,pat_e1ac458c047a,pat_b0e360d58bf5,pat_ca5ba45844a6
bq_90c23e42abf44f84,pat_981d4cc74d94,pat_2413ecb38f08,pat_8cfc39043c56,pat_53e410f722ea,pat_3accb0495529
bq_917f73245d4a2463,pat_04463bf25944,pat_cacc6f1c3df7,pat_ced02ecf6bd1,pat_1898278b7396,pat_91d1e653e6d0
bq_9264567ee782c5d7,pat_30696af21704,pat_c416bea5efc9,pat_e2d64fe33019,pat_018353b410a4,pat_77561b940134
bq_92c09a5222227230,pat_182b005b84cd,pat_25796429d78a,pat_d98170d996aa,pat_71d2e7efdd21,pat_574bed917b7b
bq_92d2ba1b9047fbbc,pat_e029bb25603e,pat_9695e4ae7f3d,pat_637efcdc1d74,pat_5e7dc1c52766,pat_07ef6e866d00
bq_92e7e7fb8e9784d0,pat_c13491771e75,pat_c6a8dc00b526,pat_c005f86b315a,pat_505ea9da00f9,pat_637efcdc1d74
bq_92f1f4ca43ecc856,pat_76f1cd7e2b4b,pat_2565a955271a,pat_42adae40909f,pat_ae277123dac0,pat_6c013d5ed53f
bq_93a954889e42156b,pat_4404b25cfd49,pat_d65b55f84588,pat_5b9459dbe596,pat_6bebd7867436,pat_53831fbba58a
bq_94141b7524deabb7,pat_f3853e7e53f8,pat_d57407d68d98,pat_683a5d8bc7fe,pat_ab8e7f3d2423,pat_5c55409771de
bq_94b6c5b76b2fbd28,pat_cba66894f985,pat_206bd16e2b29,pat_5810a50eede5,pat_5a46f6dd9726,pat_7a82d3d98e17
bq_94c14bbe13de91c9,pat_fc8201e35170,pat_b9add9917d29,pat_6ced9578e1f8,pat_4ecb45bc48ab,pat_b5363b0135a0
bq_94eb7e5cdf35bc51,pat_0053b713e5b6,pat_5c1d3d604d72,pat_9cff0eeff657,pat_1f7c87837381,pat_5bfe23a03337
bq_95371a1346845991,pat_15e6403c9dd7,pat_038bb21b71cc,pat_ad6071be40f9,pat_535f25c983c8,pat_7f7d9395c25c
bq_9561c50089594bb6,pat_ba0238cbb3fc,pat_6bcf10752df9,pat_49e7c8ac0a69,pat_d3bdc225addc,pat_8c371e20b397
bq_957a8fb4937fdef9,pat_d677f0635ca5,pat_fb5a878ac5c4,pat_c58448eb6ba8,pat_77abe0b2850e,pat_e4293ca006bf
bq_95dd7c6a6099311e,pat_e85326ead49b,pat_0188e6a9fff3,pat_de675a7ef07c,pat_0cb3d51c4d6e,pat_b743eb5c3bbf
bq_967bd3abf41c5551,pat_939e9799f315,pat_bb4f351e4adc,pat_e6e5c8644c52,pat_732d29e0838a,pat_d06c0c12a744
bq_970e69f35f8d973e,pat_c6187f02e99e,pat_71d2e7efdd21,pat_5d8eef806600,pat_f913f260c951,pat_2062b2d93d51
bq_9712ac8c5ad4b0d1,pat_4957460e8062,pat_c6187f02e99e,pat_f618aa60595c,pat_7a9651c1bbe5,pat_18569c0d601a
bq_97c50b86a5c1acfc,pat_5b9459dbe596,pat_e4293ca006bf,pat_c0af3cfb8f89,pat_4aca7db07ce5,pat_84db4a444e1c
bq_97d33c6f11953ec5,pat_7334d3edde76,pat_0d6e1ee4c88b,pat_5c16c0431887,pat_b046040509d4,pat_0a6aba513908
bq_98445e7d14352681,pat_3f86897c047b,pat_5bfe23a03337,pat_3167bab0b243,pat_c7fe8b8b4632,pat_e3d39ec1baab
bq_9892604ddf6664f3,pat_ef68586ae76b,pat_bf48fe66a106,pat_350912e5fa1b,pat_1c927556810d,pat_ad0cfdf1096c
bq_98db5021a224b826,pat_e73945d6a25e,pat_5a46f6dd9726,pat_7a82d3d98e17,pat_628994a8af7b,pat_206bd16e2b29
bq_9a3382fa7d62b1ec,pat_ac99334fc246,pat_003bc31eee33,pat_443f40b18778,pat_113ee9fb05f9,pat_662c6cb1f084
bq_9a52b0316cef793b,pat_1e81075b44e1,pat_62b04ae6e745,pat_5b9459dbe596,pat_1513fbb97d64,pat_c0af3cfb8f89
bq_9a7feb0985bc9358,pat_8f3aa0296045,pat_1436dc0ccf29,pat_ad6071be40f9,pat_b0064cbb219a,pat_c416bea5efc9
bq_9a8be32353c90e95,pat_206bd16e2b29,pat_5a46f6dd9726,pat_ebb54dd234d2,pat_e73945d6a25e,pat_f910eb3ef041
bq_9b29241d7ff3e1d8,pat_e84091616d2f,pat_4aca7db07ce5,pat_5b9459dbe596,pat_e4293ca006bf,pat_1e81075b44e1
bq_9ba00a8f208a796b,pat_e3ea504596f3,pat_b5363b0135a0,pat_71b44094a1ef,pat_fc8201e35170,pat_f3b6913da90a
bq_9bb27ea8e1777366,pat_5329c35a680f,pat_939e9799f315,pat_e91e5eab8ca1,pat_e6e5c8644c52,pat_df03ae01d285
bq_9bb9bd95cec09a25,pat_5cbecedef077,pat_179291839a1a,pat_7f7d9395c25c,pat_ad6071be40f9,pat_0d6e1ee4c88b
bq_9c1e89a96af6479f,pat_7bf2bb18ad86,pat_de5e7aacf622,pat_217d8042f847,pat_d4f02519c8f8,pat_5b6189031973
bq_9c536f06ec4a68c3,pat_8933c5d29621,pat_6bcf10752df9,pat_d5cf64d5f603,pat_8e1456487ff8,pat_9c076ae10505
bq_9cc91444038155d0,pat_d12e3abf52a5,pat_5c6e6849ff59,pat_b046040509d4,pat_3e09e5a3d380,pat_7334d3edde76
bq_9d6e33dd08f53501,pat_cad337a3fc85,pat_c2efb25e94a6,pat_5d20ad716ecc,pat_7d98f771ad6c,pat_6445e9f55750
bq_9d8401142556e33c,pat_71d2e7efdd21,pat_5da74055eb56,pat_12b556260537,pat_f618aa60595c,pat_574bed917b7b
bq_9dfa6abefef7e123,pat_82e22dd4943e,pat_e029bb25603e,pat_637efcdc1d74,pat_8c4fe546a9fc,pat_53e410f722ea
bq_9edea907450175c2,pat_25796429d78a,pat_3f9cb0ad773e,pat_4957460e8062,pat_48a88b723b1c,pat_a0d580284e29
bq_9f96177a30858637,pat_28280b6793a7,pat_76f1cd7e2b4b,pat_79d71ec78d58,pat_fe71242214b0,pat_6c013d5ed53f
bq_a03ae95356772884,pat_4f5c8fd32e7e,pat_0cb3d51c4d6e,pat_c0179120555b,pat_882d90cb6af4,pat_cf7198009f99
bq_a0461ad52c6bf9f7,pat_4f5c8fd32e7e,pat_0cb3d51c4d6e,pat_882d90cb6af4,pat_961e6f6bd455,pat_36000355b376
bq_a0a228a4c06f8d3c,pat_3dd6f9dfcdd0,pat_b9add9917d29,pat_892e629b7848,pat_6ced9578e1f8,pat_19e9f1e0d16d
bq_a1b55c5fcb65202e,pat_439f97368b8f,pat_3cf509439032,pat_ffe799e5222f,pat_94d9dc6cd040,pat_28437a53e9a6
bq_a1e23293d95ee65c,pat_53e410f722ea,pat_b1664306a130,pat_c3e1c7231668,pat_fe69c5163908,pat_783ac66c805b
bq_a23b1d32cbb30f70,pat_5329c35a680f,pat_e5c1c8a7ce80,pat_df61e01bcefa,pat_b9691948aaa5,pat_b3b7fa8db0e5
bq_a27bfde904e7a89b,pat_4abf67bd248f,pat_ca2fa15c30b9,pat_dd1327495947,pat_683a5d8bc7fe,pat_9c076ae10505
bq_a2b5aca69339f0bb,pat_9c076ae10505,pat_683a5d8bc7fe,pat_e73945d6a25e,pat_33c3f6191fb2,pat_4abf67bd248f
bq_a2c37805b34db64f,pat_3f07cc46b230,pat_40d3c3c68c4e,pat_86cb6414df81,pat_ecee03630449,pat_1b85d3e71c0e
bq_a2cf966c7aabc774,pat_9f077a490f05,pat_25499b0286a4,pat_e3ea504596f3,pat_395ed8a4d3da,pat_2ae5faa97a8d
bq_a2d9bb1651058026,pat_5329c35a680f,pat_e5c1c8a7ce80,pat_2e7aa0199209,pat_628994a8af7b,pat_d44d8d8e1b2b
bq_a32f2780581ea928,pat_19e9f1e0d16d,pat_b743eb5c3bbf,pat_b9add9917d29,pat_ff1c6ecb0337,pat_022e5c52db2c
bq_a3f5cff13bd323e1,pat_7bf2bb18ad86,pat_217d8042f847,pat_df03ae01d285,pat_de5e7aacf622,pat_25379c52229c
bq_a441d0bde899ca65,pat_b743eb5c3bbf,pat_882d90cb6af4,pat_c13491771e75,pat_19e9f1e0d16d,pat_0cb3d51c4d6e
bq_a4659cf8b808b5cb,pat_217d8042f847,pat_e5c1c8a7ce80,pat_5874fc0223c4,pat_df61e01bcefa,pat_7bf2bb18ad86
bq_a4840795a21496fc,pat_db26bc7e9d98,pat_ff1c6ecb0337,pat_5a05aeff9c04,pat_c005f86b315a,pat_671624ec6524
bq_a4a5cb4d179efd46,pat_5c16c0431887,pat_a547666c532d,pat_0a6aba513908,pat_0d6e1ee4c88b,pat_7334d3edde76
bq_a4b29ba53ab2ea87,pat_b5e23764fac8,pat_5545f13b2731,pat_6bebd7867436,pat_88a0c49e2df7,pat_c0af3cfb8f89
bq_a4c6a98ca920aab8,pat_23bec062c63c,pat_28280b6793a7,pat_023c4f40da55,pat_9ac7c3fde140,pat_1142affa2b48
bq_a4d301917cdacab8,pat_25499b0286a4,pat_395ed8a4d3da,pat_e3ea504596f3,pat_82e4cf673a6d,pat_5e4ca978ef5a
bq_a4efa11e41666870,pat_b0e360d58bf5,pat_439f97368b8f,pat_6bd362fc14a8,pat_28437a53e9a6,pat_55e684607c2d
bq_a5999e7e7e800a5f,pat_8f3aa0296045,pat_ad6071be40f9,pat_17d8fc3480d3,pat_038bb21b71cc,pat_b0064cbb219a
bq_a5c971ed6997cba3,pat_1e104c226cbf,pat_145dd805542e,pat_066a5149ce95,pat_fc321a8d7f32,pat_9ee5e0cf0dfe
bq_a6802671f5f7dccd,pat_c0af3cfb8f89,pat_1e81075b44e1,pat_f1e0bd51df13,pat_dfee357735a0,pat_62b04ae6e745
bq_a75eda644e7b505a,pat_86cb6414df81,pat_a1d42b3f6bf1,pat_40d3c3c68c4e,pat_48a88b723b1c,pat_3f07cc46b230
bq_a7dc7cccf81c16df,pat_3accb0495529,pat_2413ecb38f08,pat_8cfc39043c56,pat_2c55641048e2,pat_75da18f6f93a
bq_a85ab0c9cf62ca2f,pat_3b6f5efdf6d6,pat_5131d7ed5911,pat_95433a640865,pat_367ad5a74816,pat_cde76421f9af
bq_a924393470609a50,pat_a35f1f703d4c,pat_d01c8549065c,pat_deba8568188d,pat_db26bc7e9d98,pat_350912e5fa1b
bq_a92a645a12bed186,pat_b5363b0135a0,pat_75d6cc3ab1ce,pat_0188e6a9fff3,pat_23d43944cb00,pat_4120482fab9f
bq_a942079b16aaf348,pat_ecee03630449,pat_86cb6414df81,pat_1b85d3e71c0e,pat_40d3c3c68c4e,pat_3f07cc46b230
bq_a94dabb6555b332d,pat_e5c1c8a7ce80,pat_5329c35a680f,pat_5874fc0223c4,pat_09a433f3e0f4,pat_2e7aa0199209
bq_aa0c0c1ab714245c,pat_ab8e7f3d2423,pat_f3853e7e53f8,pat_04f871db5377,pat_ca5ba45844a6,pat_d57407d68d98
bq_ab10f48dbab0494f,pat_04463bf25944,pat_0188e6a9fff3,pat_cacc6f1c3df7,pat_b5363b0135a0,pat_3dd6f9dfcdd0
bq_ab1e22c20bf9880a,pat_3dd6f9dfcdd0,pat_892e629b7848,pat_a4cc92c0ae29,pat_04463bf25944,pat_7d34b252d726
bq_ab287dea0e0b9315,pat_5131d7ed5911,pat_d12e3abf52a5,pat_a45a25655ffc,pat_9f98827935c5,pat_2182f1b594ff
bq_ab46e41cd9568688,pat_b9add9917d29,pat_19e9f1e0d16d,pat_022e5c52db2c,pat_cf823c25ffb4,pat_c3e1c7231668
bq_ac279e2980a1e055,pat_e73945d6a25e,pat_ca2fa15c30b9,pat_33c3f6191fb2,pat_ab8e7f3d2423,pat_628994a8af7b
bq_ac322ef07c241f79,pat_367ad5a74816,pat_ff1c6ecb0337,pat_5131d7ed5911,pat_a797180f9385,pat_c13491771e75
bq_ac359699bec35575,pat_67f5dff380ec,pat_2622b8dcde9f,pat_e782fc64cb77,pat_96b47d7b2bcf,pat_0a3b19f80567
bq_aca59923954fbab6,pat_64372cf7a5f7,pat_5c9d413ff65f,pat_fd8710c4ec8b,pat_baf082b034dd,pat_ad0cfdf1096c
bq_acfa351acce688e4,pat_5a46f6dd9726,pat_e73945d6a25e,pat_628994a8af7b,pat_206bd16e2b29,pat_7a82d3d98e17
bq_ad256be7843a928f,pat_3f86897c047b,pat_5bfe23a03337,pat_3167bab0b243,pat_b3ae05fd6b48,pat_e3d39ec1baab
bq_adff9ef2a5856be2,pat_c9d1346aef16,pat_64c7b0ee026a,pat_91d08ee09885,pat_fa52ca58f199,pat_f5ef4435ef81
bq_af00ca4ed02bd6dc,pat_5e0781dca853,pat_cacc6f1c3df7,pat_04463bf25944,pat_91d1e653e6d0,pat_3dd6f9dfcdd0
bq_afbdb02f91dc514a,pat_c3e1c7231668,pat_cdf12b9ce022,pat_051750f32fb7,pat_abd5f8b289e9,pat_97ef3a6826ff
bq_b001ee4f2972f642,pat_d6d0727316b2,pat_395ed8a4d3da,pat_25499b0286a4,pat_82e4cf673a6d,pat_9f077a490f05
bq_b058dc6add5cd5ec,pat_c0af3cfb8f89,pat_4aca7db07ce5,pat_5b9459dbe596,pat_1e81075b44e1,pat_62b04ae6e745
bq_b0c1679d7d102301,pat_db26bc7e9d98,pat_de675a7ef07c,pat_43d94be2ca14,pat_5c9d413ff65f,pat_cf7198009f99
bq_b0ef672d229d2939,pat_038bb21b71cc,pat_7f7d9395c25c,pat_5c16c0431887,pat_212c29478454,pat_0d6e1ee4c88b
bq_b2ee79d9faa0e153,pat_b6906018f6fe,pat_7986f1f6303c,pat_906b841bdf5c,pat_53d30ac6aa31,pat_876511dab095
bq_b2f87f2155f8c6ae,pat_671624ec6524,pat_5c9d413ff65f,pat_350912e5fa1b,pat_e38b9ffa9cbc,pat_367ad5a74816
bq_b33394e63dc3d6b8,pat_fc8201e35170,pat_6ced9578e1f8,pat_b9add9917d29,pat_eb160abda6f5,pat_d3f6038786cc
bq_b35d6a5a9feb5022,pat_67f5dff380ec,pat_53831fbba58a,pat_2622b8dcde9f,pat_148d214dc1bc,pat_d02013213a92
bq_b3dd20302a4fd5c1,pat_24e77445680d,pat_a35f1f703d4c,pat_5131d7ed5911,pat_8f3aa0296045,pat_981d4cc74d94
bq_b3e92d5c54a64765,pat_6b637edc2460,pat_aa6f6fa32615,pat_5c16c0431887,pat_adb1fd6016be,pat_7334d3edde76
bq_b40c68085d684fcf,pat_8cfc39043c56,pat_2c55641048e2,pat_113b83eafb3d,pat_1912033005ff,pat_1b85d3e71c0e
bq_b4a1cc968e7f3d42,pat_dd4f3fb10042,pat_1b85d3e71c0e,pat_186c66bd3afa,pat_28bb9428b262,pat_77561b940134
bq_b507479087aee424,pat_ad6071be40f9,pat_179291839a1a,pat_f264c4e50a90,pat_6550fe957536,pat_8f3aa0296045
bq_b510ac2775176bf8,pat_2413ecb38f08,pat_3accb0495529,pat_8cfc39043c56,pat_981d4cc74d94,pat_e3ea504596f3
bq_b529553e6f08d4d1,pat_f3853e7e53f8,pat_a74ba206fd3c,pat_d663e4bd03e2,pat_15a38a6801d9,pat_9c076ae10505
bq_b574b15621713a67,pat_b9add9917d29,pat_022e5c52db2c,pat_3b6f5efdf6d6,pat_d5603950eb22,pat_cf823c25ffb4
bq_b5810be489bf95c4,pat_ca5ba45844a6,pat_b0e360d58bf5,pat_eba6d1c492c8,pat_f50897f63466,pat_e1ac458c047a
bq_b5dc25f56a304ac2,pat_3492b16c7f70,pat_94c91690a86f,pat_bca72ffb2a20,pat_f1e0bd51df13,pat_343977f77d7e
bq_b79c39e8e7661f0f,pat_876511dab095,pat_d6d0727316b2,pat_5fc6d69dd653,pat_fb64486a16fc,pat_e4402d953cf2
bq_b7b8b106eead02ef,pat_77561b940134,pat_5c1d3d604d72,pat_1f7c87837381,pat_018353b410a4,pat_95daaf0b522c
bq_b8899f3d3efaa2ac,pat_d677f0635ca5,pat_e4293ca006bf,pat_5b9459dbe596,pat_d65b55f84588,pat_6bebd7867436
bq_b9166b598261f559,pat_42adae40909f,pat_160ad7131914,pat_972a973e88b6,pat_76e00c5ef25b,pat_6c013d5ed53f
bq_b94de6e9c5fcfe39,pat_6dba57764564,pat_a547666c532d,pat_bf48fe66a106,pat_ad0cfdf1096c,pat_5cbecedef077
bq_b999a30a460687c0,pat_b698954b61be,pat_7b547fd2fc76,pat_fa7bd129521a,pat_1cddccbf8ee9,pat_7d79b07ca568
bq_b9a9e60c3b17af96,pat_64c7b0ee026a,pat_91d08ee09885,pat_fa52ca58f199,pat_28280b6793a7,pat_c9d1346aef16
bq_ba47f2756916ada8,pat_88a0c49e2df7,pat_506f293bbff6,pat_42adae40909f,pat_6bebd7867436,pat_f25f523b31e9
bq_ba5ca991e2ba5bb1,pat_76e00c5ef25b,pat_9004b17a9bcf,pat_6c013d5ed53f,pat_160ad7131914,pat_2565a955271a
bq_ba9d503a11763657,pat_a547666c532d,pat_6b637edc2460,pat_aa6f6fa32615,pat_bf48fe66a106,pat_6dba57764564
bq_bb1e07e45d0e9683,pat_de052543cb21,pat_8cfc39043c56,pat_e4293ca006bf,pat_c58448eb6ba8,pat_0053b713e5b6
bq_bbe1adb6a2c52395,pat_28280b6793a7,pat_fa52ca58f199,pat_91d08ee09885,pat_1142affa2b48,pat_79d71ec78d58
bq_bc62659fdcfb9fe6,pat_186c66bd3afa,pat_1b85d3e71c0e,pat_77561b940134,pat_dd4f3fb10042,pat_1f7c87837381
bq_bce5f90c754c9af7,pat_85e525b5f73b,pat_1f7c87837381,pat_95daaf0b522c,pat_dd4f3fb10042,pat_ecee03630449
bq_bd1b97c90f3280e3,pat_4183b970acc6,pat_5fc6d69dd653,pat_0c21c92c465c,pat_27467b91784f,pat_3167bab0b243
bq_bd8e25006a850bac,pat_343977f77d7e,pat_6550fe957536,pat_17d8fc3480d3,pat_f1e0bd51df13,pat_981d4cc74d94
bq_bdbe99c3449b6063,pat_650d05134a40,pat_556d0be885ad,pat_1b85d3e71c0e,pat_f6d3da501b04,pat_4190c239cc07
bq_bded3b252710f7ff,pat_8cfc39043c56,pat_2413ecb38f08,pat_3accb0495529,pat_343977f77d7e,pat_145dd805542e
bq_bf1f6cca5a54cddb,pat_113ee9fb05f9,pat_e5d25e0abc08,pat_650d05134a40,pat_1912033005ff,pat_003bc31eee33
bq_c09302b17e852595,pat_16e19c71ccda,pat_3f9cb0ad773e,pat_c6187f02e99e,pat_2062b2d93d51,pat_25796429d78a
bq_c0b9d949c600393f,pat_64c7b0ee026a,pat_dfe03d2906af,pat_e1e29b4e8a25,pat_3a4c7d8c0984,pat_fa52ca58f199
bq_c0e442040aaac98b,pat_95f5510d7b7a,pat_bca72ffb2a20,pat_da1666c5a054,pat_6cca66dca16f,pat_3492b16c7f70
bq_c11da99b56515d33,pat_df61e01bcefa,pat_5874fc0223c4,pat_e5c1c8a7ce80,pat_b3b7fa8db0e5,pat_ebb54dd234d2
bq_c1db6d31b5998a57,pat_9004b17a9bcf,pat_75d6cc3ab1ce,pat_16a360a1b606,pat_e3ea504596f3,pat_76e00c5ef25b
bq_c2a8680958973021,pat_5c16c0431887,pat_7334d3edde76,pat_aa6f6fa32615,pat_6b637edc2460,pat_5c6e6849ff59
bq_c3376b6ca5e9d1a4,pat_ad6071be40f9,pat_179291839a1a,pat_b0064cbb219a,pat_15e6403c9dd7,pat_581091f891ab
bq_c3452998ef79f16f,pat_4297217b537f,pat_90167d4a1f3a,pat_a7816c1406a3,pat_a5dfbce67875,pat_148d214dc1bc
bq_c42aeffbe0023dfc,pat_5c1d3d604d72,pat_0053b713e5b6,pat_1f7c87837381,pat_95daaf0b522c,pat_9cff0eeff657
bq_c42b19ff47dd89fd,pat_23d43944cb00,pat_cacc6f1c3df7,pat_ced02ecf6bd1,pat_91d1e653e6d0,pat_1898278b7396
bq_c43ac84b6dd21d67,pat_066a5149ce95,pat_9ee5e0cf0dfe,pat_a45a25655ffc,pat_1e104c226cbf,pat_95433a640865
bq_c4faa4f3673239ff,pat_4297217b537f,pat_a5dfbce67875,pat_90167d4a1f3a,pat_c2efb25e94a6,pat_3db4cd48937a
bq_c51020841ea6af89,pat_906b841bdf5c,pat_581091f891ab,pat_d01c8549065c,pat_0d6e1ee4c88b,pat_0a6aba513908
bq_c52dcd96d8b21209,pat_de5e7aacf622,pat_a02fddf02549,pat_7bf2bb18ad86,pat_f1a6f6ba6c7c,pat_217d8042f847
bq_c575fa38be955513,pat_8a5c4cae79a8,pat_07d9764ab878,pat_628994a8af7b,pat_d44d8d8e1b2b,pat_5b6189031973
bq_c63daf459565a961,pat_de675a7ef07c,pat_0188e6a9fff3,pat_22a398a4565f,pat_961e6f6bd455,pat_4f5c8fd32e7e
bq_c63fda5819648c9b,pat_18569c0d601a,pat_87330f8eb388,pat_587163b292d9,pat_16e19c71ccda,pat_c6187f02e99e
bq_c6a57331cd1b8819,pat_4f8e818cf35f,pat_e1ac458c047a,pat_0b51a2f12e49,pat_e6a84ec6a2b3,pat_6bd362fc14a8
bq_c6bd0010306f17f8,pat_587163b292d9,pat_1cc1eae25d69,pat_a02fddf02549,pat_a7816c1406a3,pat_de5e7aacf622
bq_c71e09b2c1d0e1f0,pat_0b47544d5c3f,pat_b7528a5aa16f,pat_631abb0b9bee,pat_49e7c8ac0a69,pat_31b4c8b38088
bq_c7274dbccd0d3705,pat_e3ea504596f3,pat_25499b0286a4,pat_2ae5faa97a8d,pat_f3b6913da90a,pat_5545f13b2731
bq_c774b1c51e016710,pat_d677f0635ca5,pat_e4293ca006bf,pat_57ffe9b5bbb2,pat_5b9459dbe596,pat_84db4a444e1c
bq_c783eea61ddcc4a5,pat_62b04ae6e745,pat_157ba9c9ec4f,pat_53e410f722ea,pat_8efc614eea1d,pat_1e81075b44e1
bq_c7d57dcf013c51a6,pat_d5cf64d5f603,pat_8e1456487ff8,pat_c3542c60b382,pat_c5d6d7be1668,pat_d8f5ebb8c699
bq_c85ff6474a03e350,pat_8ecd95909352,pat_abd5f8b289e9,pat_abe0ce6084a5,pat_c378ec5da8ce,pat_dbd6ef1aeb10
bq_c89bddd0883d2e13,pat_e91e5eab8ca1,pat_5329c35a680f,pat_df03ae01d285,pat_939e9799f315,pat_8c1630f73244
bq_c8e3169132fc3a4b,pat_53e410f722ea,pat_5e4ca978ef5a,pat_f1497442b09f,pat_db26bc7e9d98,pat_305286fba277
bq_c9244f362dd8c636,pat_5d20ad716ecc,pat_28437a53e9a6,pat_ffe799e5222f,pat_9d2656e702a5,pat_911c8b219aed
bq_c9730e680bc2d384,pat_8f3aa0296045,pat_b0064cbb219a,pat_fc321a8d7f32,pat_145dd805542e,pat_a35f1f703d4c
bq_c985d0554f5c62ce,pat_e7ad5ccc9d4e,pat_ae76138a2151,pat_53e410f722ea,pat_f264c4e50a90,pat_f1497442b09f
bq_cb2fbab520b0dfee,pat_ec480d799cd6,pat_a53788844560,pat_bfb4f2acb0e5,pat_da058391aea9,pat_e1e29b4e8a25
bq_cb7a411d774d9551,pat_77561b940134,pat_1b85d3e71c0e,pat_018353b410a4,pat_4190c239cc07,pat_1f7c87837381
bq_cbc10a1065e49558,pat_53831fbba58a,pat_d65b55f84588,pat_4404b25cfd49,pat_0185af68d16c,pat_6bebd7867436
bq_ccd0316134ebcca1,pat_b235ade9dd8a,pat_5b9459dbe596,pat_c0af3cfb8f89,pat_4404b25cfd49,pat_1e81075b44e1
bq_cd01111e67f37d83,pat_bb4f351e4adc,pat_25796429d78a,pat_939e9799f315,pat_574bed917b7b,pat_732d29e0838a
bq_cdcc0f8fc0dbb09b,pat_3accb0495529,pat_2413ecb38f08,pat_e3ea504596f3,pat_25499b0286a4,pat_ae76138a2151
bq_ce58fd78337ad239,pat_b0e360d58bf5,pat_d57407d68d98,pat_aa2dced5f89d,pat_55e684607c2d,pat_28deeb4870ee
bq_ce79f10aecf29009,pat_c7fe8b8b4632,pat_f80f19cd7906,pat_cd392ea21de3,pat_7d79b07ca568,pat_5bfe23a03337
bq_cfe238e97a0c931c,pat_f913f260c951,pat_b07c3d79448f,pat_b7da9b4d8685,pat_16e19c71ccda,pat_5d8eef806600
bq_d02f9bbd26520105,pat_8e1456487ff8,pat_d02013213a92,pat_67f5dff380ec,pat_53831fbba58a,pat_e7ed5a7b40ee
bq_d06a6c3658bc72c0,pat_3492b16c7f70,pat_bca72ffb2a20,pat_f1e0bd51df13,pat_343977f77d7e,pat_17d8fc3480d3
bq_d0a5630cb5efc659,pat_ecdd416b3f81,pat_3a4c7d8c0984,pat_c70808fb33b7,pat_27da6af9f5a1,pat_dfe03d2906af
bq_d0c6649f389b2f66,pat_5c16c0431887,pat_7334d3edde76,pat_6b637edc2460,pat_5c6e6849ff59,pat_aa6f6fa32615
bq_d0cb427982abb42e,pat_f50897f63466,pat_6bcf10752df9,pat_8933c5d29621,pat_4abf67bd248f,pat_fb85a72d5dd4
bq_d10204fa0d42fc35,pat_ad0cfdf1096c,pat_bf48fe66a106,pat_a547666c532d,pat_1c927556810d,pat_6dba57764564
bq_d12ef13ffb7394f4,pat_aa6f6fa32615,pat_ad0cfdf1096c,pat_350912e5fa1b,pat_5c6e6849ff59,pat_b046040509d4
bq_d188c1a1ac58cec3,pat_1c760d84a3d2,pat_e1e29b4e8a25,pat_bac3a81effa8,pat_3a4c7d8c0984,pat_e91e5eab8ca1
bq_d1b1f5d4cbc63aa2,pat_f1e0bd51df13,pat_f28a590e64aa,pat_62b04ae6e745,pat_157ba9c9ec4f,pat_1255f055d3c9
bq_d209c83187bc4e8f,pat_981d4cc74d94,pat_cf823c25ffb4,pat_9ee5e0cf0dfe,pat_75da18f6f93a,pat_022e5c52db2c
bq_d20fb3a2340ac960,pat_1cddccbf8ee9,pat_068a154303d5,pat_7b547fd2fc76,pat_7d79b07ca568,pat_35b194c4c180
bq_d22ac4d7e64abe8b,pat_f3853e7e53f8,pat_ab8e7f3d2423,pat_15a38a6801d9,pat_d663e4bd03e2,pat_b2ebec9ba79a
bq_d24a209d8a7171e1,pat_da1666c5a054,pat_6cca66dca16f,pat_505ea9da00f9,pat_d7683cf502d1,pat_ccd60e0d1bb7
bq_d25f185f7a23a96b,pat_95f5510d7b7a,pat_1c927556810d,pat_aa6f6fa32615,pat_48046dbaefaa,pat_bf48fe66a106
bq_d26ea2013f9abdd1,pat_671624ec6524,pat_350912e5fa1b,pat_5c9d413ff65f,pat_64372cf7a5f7,pat_c6a8dc00b526
bq_d27c3a1e04bc08a6,pat_d01c8549065c,pat_e75c1d5ebf1f,pat_b6906018f6fe,pat_43d94be2ca14,pat_64372cf7a5f7
bq_d27f9958d268eee9,pat_cf7198009f99,pat_961e6f6bd455,pat_0cb3d51c4d6e,pat_4f5c8fd32e7e,pat_6be9994e3446
bq_d28bc902e99e1d54,pat_33c3f6191fb2,pat_e73945d6a25e,pat_628994a8af7b,pat_ca2fa15c30b9,pat_5b6189031973
bq_d2e7dccdf7ecd2c3,pat_fc321a8d7f32,pat_8cfc39043c56,pat_145dd805542e,pat_981d4cc74d94,pat_343977f77d7e
bq_d3b23746c500937e,pat_82e22dd4943e,pat_a02c75f91773,pat_36000355b376,pat_1e81075b44e1,pat_e14562121a44
bq_d428693794373986,pat_7334d3edde76,pat_5c6e6849ff59,pat_b046040509d4,pat_aa6f6fa32615,pat_48046dbaefaa
bq_d44897c94af6a990,pat_95daaf0b522c,pat_5c1d3d604d72,pat_1f7c87837381,pat_0053b713e5b6,pat_018353b410a4
bq_d566766263d1e2a0,pat_650d05134a40,pat_1e104c226cbf,pat_066a5149ce95,pat_28bb9428b262,pat_9ee5e0cf0dfe
bq_d5a71222cc0c404a,pat_88a0c49e2df7,pat_6bebd7867436,pat_d65b55f84588,pat_506f293bbff6,pat_4404b25cfd49
bq_d66dbd2ddb643bd2,pat_42c279f09f08,pat_015cf12dfe45,pat_cf474b702635,pat_1e81075b44e1,pat_7513d616ced2
bq_d6e20fb9f31e7d95,pat_8cfc39043c56,pat_b1664306a130,pat_e7ad5ccc9d4e,pat_2413ecb38f08,pat_335017812bb3
bq_d77225bce81f0f8a,pat_307edf45be52,pat_5329c35a680f,pat_ec480d799cd6,pat_df03ae01d285,pat_e91e5eab8ca1
bq_d8b44dca2cfd0164,pat_1b85d3e71c0e,pat_28bb9428b262,pat_1f7c87837381,pat_fad0a170e26d,pat_ecee03630449
bq_d8baf650b73284b8,pat_9f98827935c5,pat_a35f1f703d4c,pat_0d6e1ee4c88b,pat_d01c8549065c,pat_b046040509d4
bq_d9b2cc00797cce0b,pat_5c1d3d604d72,pat_d2b87d0c8a65,pat_53d30ac6aa31,pat_018353b410a4,pat_556d0be885ad
bq_daf173e21a7cb69e,pat_db26bc7e9d98,pat_d01c8549065c,pat_fd8710c4ec8b,pat_43d94be2ca14,pat_350912e5fa1b
bq_db81a6742cb00b4b,pat_8f3aa0296045,pat_a35f1f703d4c,pat_ad6071be40f9,pat_b0064cbb219a,pat_0d6e1ee4c88b
bq_db967fca76ecbf36,pat_ff1c6ecb0337,pat_e38b9ffa9cbc,pat_671624ec6524,pat_c005f86b315a,pat_cf7198009f99
bq_dc5fb90d3401d38f,pat_b1d41ed66775,pat_31b4c8b38088,pat_5f414287bbd1,pat_b7528a5aa16f,pat_c3542c60b382
bq_dc798d66e8d58b69,pat_343977f77d7e,pat_186c66bd3afa,pat_dd4f3fb10042,pat_0377d6f6fc0b,pat_f1e0bd51df13
bq_dc8056fda85007a0,pat_1513fbb97d64,pat_82e22dd4943e,pat_23d43944cb00,pat_b235ade9dd8a,pat_49ed7ba6cbde
bq_dce058d41a0b92d4,pat_fc8201e35170,pat_16a360a1b606,pat_212c2f29b8bc,pat_d3f6038786cc,pat_43906ef50941
bq_dd893b95b53b2127,pat_587163b292d9,pat_116480959c69,pat_87330f8eb388,pat_3f9cb0ad773e,pat_a02fddf02549
bq_dd91c920d88e48f9,pat_07a587180fa4,pat_c58448eb6ba8,pat_57ffe9b5bbb2,pat_fb5a878ac5c4,pat_0377d6f6fc0b
bq_de84ddcb528b1795,pat_5131d7ed5911,pat_3b6f5efdf6d6,pat_981d4cc74d94,pat_cde76421f9af,pat_95433a640865
bq_deb7f63528b71ca3,pat_57ffe9b5bbb2,pat_07a587180fa4,pat_c58448eb6ba8,pat_d677f0635ca5,pat_fb5a878ac5c4
bq_e0061df88c4ac73f,pat_d65b55f84588,pat_943fca0c97e4,pat_a7816c1406a3,pat_f31c96e22201,pat_7fe6e1e26572
bq_e02cb28827d61b88,pat_bf48fe66a106,pat_1c927556810d,pat_5c16c0431887,pat_7334d3edde76,pat_bca72ffb2a20
bq_e07ed1d02309334e,pat_350912e5fa1b,pat_bf48fe66a106,pat_1c927556810d,pat_ad0cfdf1096c,pat_b046040509d4
bq_e0a14919f5f2be54,pat_b5363b0135a0,pat_4ecb45bc48ab,pat_e3ea504596f3,pat_71b44094a1ef,pat_b9add9917d29
bq_e25b4dc29fb1a118,pat_cba66894f985,pat_217d8042f847,pat_e5c1c8a7ce80,pat_5874fc0223c4,pat_628994a8af7b
bq_e2b5f57adccceeae,pat_d01c8549065c,pat_a35f1f703d4c,pat_981d4cc74d94,pat_6dba57764564,pat_ad0cfdf1096c
bq_e320ab98e008d6de,pat_e73945d6a25e,pat_628994a8af7b,pat_5a46f6dd9726,pat_7a82d3d98e17,pat_9c076ae10505
bq_e39a633986be8fbf,pat_5545f13b2731,pat_48d0997451b4,pat_88a0c49e2df7,pat_7513d616ced2,pat_49ed7ba6cbde
bq_e44e9845647dcc77,pat_c70808fb33b7,pat_27da6af9f5a1,pat_3a4c7d8c0984,pat_dfe03d2906af,pat_ecdd416b3f81
bq_e53d7b0d71aea20b,pat_b9add9917d29,pat_022e5c52db2c,pat_cf823c25ffb4,pat_19e9f1e0d16d,pat_4ecb45bc48ab
bq_e598e6be9bb8d858,pat_4fb28f877f6a,pat_0185af68d16c,pat_3ee6f3d67b32,pat_7fe6e1e26572,pat_53831fbba58a
bq_e62dae7293993a6e,pat_e4402d953cf2,pat_e4cc50af5acb,pat_fb64486a16fc,pat_9d3cccf9b459,pat_ae76138a2151
bq_e672a1735c264a90,pat_4120482fab9f,pat_ec785a4c571e,pat_505cdeb0eb28,pat_76e00c5ef25b,pat_7d6827c89fc2
bq_e6b6ad34bd518aef,pat_fc8201e35170,pat_212c2f29b8bc,pat_43906ef50941,pat_eb160abda6f5,pat_d3f6038786cc
bq_e793bee00efe79a9,pat_31b4c8b38088,pat_90167d4a1f3a,pat_631abb0b9bee,pat_c3542c60b382,pat_b1d41ed66775
bq_e7cff8b52e45e848,pat_3b6f5efdf6d6,pat_5131d7ed5911,pat_d5603950eb22,pat_981d4cc74d94,pat_022e5c52db2c
bq_e87489fa65a4d430,pat_6c013d5ed53f,pat_2565a955271a,pat_fe71242214b0,pat_76f1cd7e2b4b,pat_160ad7131914
bq_e899588cc53b8354,pat_e73945d6a25e,pat_628994a8af7b,pat_33c3f6191fb2,pat_5b6189031973,pat_b7528a5aa16f
bq_e8c41cdd182abc62,pat_b7528a5aa16f,pat_b1d41ed66775,pat_5f414287bbd1,pat_f4d06c054cc1,pat_31b4c8b38088
bq_e8e6dee608881ece,pat_bb4f351e4adc,pat_939e9799f315,pat_25796429d78a,pat_732d29e0838a,pat_a0d580284e29
bq_e9900c7a65cbeddf,pat_3f07cc46b230,pat_86cb6414df81,pat_40d3c3c68c4e,pat_8bef8af25552,pat_ecee03630449
bq_e9ee1093a9cd1a7b,pat_c6a8dc00b526,pat_671624ec6524,pat_c005f86b315a,pat_c13491771e75,pat_ff1c6ecb0337
bq_e9ef7d4ef1bb96f0,pat_126d4d2d32a3,pat_1d585bb64a49,pat_1912033005ff,pat_9ac7c3fde140,pat_2565a955271a
bq_eaa47d97a63b06ed,pat_18569c0d601a,pat_25379c52229c,pat_587163b292d9,pat_87330f8eb388,pat_1c760d84a3d2
bq_eb15a8bdae71a49e,pat_8c124564bef2,pat_3f86897c047b,pat_5bfe23a03337,pat_c7fe8b8b4632,pat_1c6b208947a3
bq_eb169ebfbe06b820,pat_19e9f1e0d16d,pat_0cb3d51c4d6e,pat_b743eb5c3bbf,pat_c13491771e75,pat_ff1c6ecb0337
bq_eb2cd1aba9319463,pat_6dba57764564,pat_fb64486a16fc,pat_e4cc50af5acb,pat_5cbecedef077,pat_0a6aba513908
bq_eba1f6530d745e08,pat_505ea9da00f9,pat_da1666c5a054,pat_a797180f9385,pat_6cca66dca16f,pat_94c91690a86f
bq_ebe7e67c21f858c0,pat_1cddccbf8ee9,pat_9936599861b9,pat_35b194c4c180,pat_7d79b07ca568,pat_fa7bd129521a
bq_ec6e7a17633a6700,pat_ad0cfdf1096c,pat_db26bc7e9d98,pat_43d94be2ca14,pat_d01c8549065c,pat_6dba57764564
bq_eddcec0d9cf50f40,pat_94c91690a86f,pat_dfee357735a0,pat_3492b16c7f70,pat_bca72ffb2a20,pat_da1666c5a054
bq_ede2b3cd41838e00,pat_d6d0727316b2,pat_b3ae05fd6b48,pat_876511dab095,pat_9cff0eeff657,pat_25499b0286a4
bq_ee7ea08a8b623b1a,pat_deba8568188d,pat_3a801caaae8a,pat_350912e5fa1b,pat_31939e082996,pat_5a05aeff9c04
bq_eeae3588766e90c5,pat_fc8201e35170,pat_6ced9578e1f8,pat_eb160abda6f5,pat_d3f6038786cc,pat_1d585bb64a49
bq_eefbc1ba0de7465d,pat_94c91690a86f,pat_ef68586ae76b,pat_a797180f9385,pat_505ea9da00f9,pat_da1666c5a054
bq_eefd3bd06cbd522f,pat_3e09e5a3d380,pat_8f3aa0296045,pat_9f98827935c5,pat_0d6e1ee4c88b,pat_d12e3abf52a5
bq_ef1baf552bd4c097,pat_671624ec6524,pat_350912e5fa1b,pat_c6a8dc00b526,pat_e38b9ffa9cbc,pat_ff1c6ecb0337
bq_f0b625c01b107f44,pat_28bb9428b262,pat_1b85d3e71c0e,pat_e5d25e0abc08,pat_650d05134a40,pat_1e104c226cbf
bq_f0c1541268fd9f06,pat_de675a7ef07c,pat_0188e6a9fff3,pat_0cb3d51c4d6e,pat_4f5c8fd32e7e,pat_e85326ead49b
bq_f0f07a753caa4afe,pat_96b47d7b2bcf,pat_b7da9b4d8685,pat_aa9a82565cf9,pat_dbb1aff5da53,pat_b94ade5e6e94
bq_f0fa3a3968a68b28,pat_fb64486a16fc,pat_db26bc7e9d98,pat_a3b9d346131e,pat_e4402d953cf2,pat_d01c8549065c
bq_f106c05a2a9cef9c,pat_022e5c52db2c,pat_b9add9917d29,pat_4ecb45bc48ab,pat_cf823c25ffb4,pat_abd5f8b289e9
bq_f10f910ddbccaf5c,pat_0cb3d51c4d6e,pat_cf7198009f99,pat_882d90cb6af4,pat_c005f86b315a,pat_d3a566a4a1fd
bq_f119ba390186f1b6,pat_5a46f6dd9726,pat_a74ba206fd3c,pat_c6edbe7b64cc,pat_e73945d6a25e,pat_206bd16e2b29
bq_f11ad9c09d9682d3,pat_5c1d3d604d72,pat_e08febd93ebd,pat_b0064cbb219a,pat_53d30ac6aa31,pat_17d8fc3480d3
bq_f1320e7f9768bde4,pat_30a632cc6af0,pat_42adae40909f,pat_972a973e88b6,pat_76e00c5ef25b,pat_506f293bbff6
bq_f13c5a2396c9cfcf,pat_91d08ee09885,pat_fa52ca58f199,pat_28280b6793a7,pat_79d71ec78d58,pat_c9d1346aef16
bq_f184d2fc2e618b49,pat_ff1c6ecb0337,pat_022e5c52db2c,pat_d01c8549065c,pat_5a05aeff9c04,pat_db26bc7e9d98
bq_f1899c2576bcc5cf,pat_b046040509d4,pat_7334d3edde76,pat_d12e3abf52a5,pat_6b637edc2460,pat_5c6e6849ff59
bq_f1a0644c816c6010,pat_4f8e818cf35f,pat_46c893262d24,pat_0b51a2f12e49,pat_55e684607c2d,pat_2a22419c0e5a
bq_f2325060a3619030,pat_b0e360d58bf5,pat_f3853e7e53f8,pat_d57407d68d98,pat_aa2dced5f89d,pat_1515c1c2e8ea
bq_f2888aafaf693de7,pat_19e9f1e0d16d,pat_b743eb5c3bbf,pat_882d90cb6af4,pat_c13491771e75,pat_ff1c6ecb0337
bq_f3778e72c4c8c75a,pat_4190c239cc07,pat_8bef8af25552,pat_556d0be885ad,pat_9cff0eeff657,pat_d2b87d0c8a65
bq_f4e64e807b176c16,pat_f3853e7e53f8,pat_d663e4bd03e2,pat_a74ba206fd3c,pat_ab8e7f3d2423,pat_15a38a6801d9
bq_f4ebb43f5218ba3d,pat_a35f1f703d4c,pat_d01c8549065c,pat_9f98827935c5,pat_fd8710c4ec8b,pat_981d4cc74d94
bq_f4fad867aeadc8b3,pat_2062b2d93d51,pat_8bef8af25552,pat_c6187f02e99e,pat_16e19c71ccda,pat_a1d42b3f6bf1
bq_f57dfda444ef8bf8,pat_ab8e7f3d2423,pat_f3853e7e53f8,pat_ca5ba45844a6,pat_d57407d68d98,pat_766d4f6d525b
bq_f59cfbe2fbd994a1,pat_e2d64fe33019,pat_186c66bd3afa,pat_30696af21704,pat_dd4f3fb10042,pat_95daaf0b522c
bq_f5e6b9c3eda454d2,pat_981d4cc74d94,pat_94c91690a86f,pat_e029bb25603e,pat_2413ecb38f08,pat_505ea9da00f9
bq_f62b0c614b2cb26b,pat_e38b9ffa9cbc,pat_5c9d413ff65f,pat_4ecb45bc48ab,pat_22a398a4565f,pat_3b6f5efdf6d6
bq_f62d6cd9ac7ab25e,pat_911c8b219aed,pat_a5dfbce67875,pat_4297217b537f,pat_3db4cd48937a,pat_90167d4a1f3a
bq_f67d011b5cdbfb15,pat_7e2e0adf2ab2,pat_77abe0b2850e,pat_c58448eb6ba8,pat_b002131d483a,pat_85e525b5f73b
bq_f6bb898c48067227,pat_3e09e5a3d380,pat_7334d3edde76,pat_6b637edc2460,pat_038bb21b71cc,pat_7f7d9395c25c
bq_f7570ee2978e7bd6,pat_11cf072f7128,pat_2a22419c0e5a,pat_6445e9f55750,pat_28deeb4870ee,pat_a5922d51cc3e
bq_f78ee72d61c11cf3,pat_6ced9578e1f8,pat_892e629b7848,pat_3dd6f9dfcdd0,pat_b9add9917d29,pat_d8f5ebb8c699
bq_f7b8dbb4f31a7aa4,pat_e3ea504596f3,pat_25499b0286a4,pat_2413ecb38f08,pat_3accb0495529,pat_f3b6913da90a
bq_f80c5ef554b1a551,pat_911c8b219aed,pat_e7ed5a7b40ee,pat_1df044b3a0da,pat_c5d6d7be1668,pat_b5d932852c2b
bq_f8c12699fa5d17e4,pat_a7816c1406a3,pat_4297217b537f,pat_b94ade5e6e94,pat_ba0238cbb3fc,pat_90167d4a1f3a
bq_f91c43167b05b232,pat_3f07cc46b230,pat_86cb6414df81,pat_40d3c3c68c4e,pat_ecee03630449,pat_e5d25e0abc08
bq_f92d178478a398f0,pat_1b85d3e71c0e,pat_ecee03630449,pat_4190c239cc07,pat_556d0be885ad,pat_650d05134a40
bq_f93feea87fe7ae34,pat_2413ecb38f08,pat_fbb8ed0ec7ee,pat_62b04ae6e745,pat_1255f055d3c9,pat_94c91690a86f
bq_f98bd374defedd70,pat_5e7dc1c52766,pat_9695e4ae7f3d,pat_7b547fd2fc76,pat_1cddccbf8ee9,pat_7d79b07ca568
bq_f9f6c9c5360e43eb,pat_e2d64fe33019,pat_30696af21704,pat_dd4f3fb10042,pat_539213b914cc,pat_09d8fae33e15
bq_fa14de9cd9cc21ec,pat_ca2fa15c30b9,pat_4abf67bd248f,pat_8a5c4cae79a8,pat_33c3f6191fb2,pat_07d9764ab878
bq_fb9dee934424c3fb,pat_64372cf7a5f7,pat_d01c8549065c,pat_a35f1f703d4c,pat_9f98827935c5,pat_b046040509d4
bq_fba2e7526ab8a097,pat_aa6f6fa32615,pat_7334d3edde76,pat_6b637edc2460,pat_48046dbaefaa,pat_a547666c532d
bq_fc2a8fd6a10f4d88,pat_003bc31eee33,pat_96987464c24a,pat_066a5149ce95,pat_75da18f6f93a,pat_113ee9fb05f9
bq_fcc61e538aa88d56,pat_1b85d3e71c0e,pat_650d05134a40,pat_28bb9428b262,pat_77561b940134,pat_dd4f3fb10042
bq_fd5b2f98acd25f5e,pat_dfe03d2906af,pat_3a4c7d8c0984,pat_c70808fb33b7,pat_ecdd416b3f81,pat_27da6af9f5a1
bq_fe66b22dbb3fa091,pat_a3b9d346131e,pat_25499b0286a4,pat_e4402d953cf2,pat_5e4ca978ef5a,pat_82e4cf673a6d
bq_feb2dda01a327df2,pat_9cff0eeff657,pat_e3d39ec1baab,pat_b3ae05fd6b48,pat_77abe0b2850e,pat_3167bab0b243
bq_fede823910993ab2,pat_3db4cd48937a,pat_57ffe9b5bbb2,pat_c5d6d7be1668,pat_e029bb25603e,pat_9695e4ae7f3d
bq_ff9d7542af2817a6,pat_a37e56f3d298,pat_631abb0b9bee,pat_31b4c8b38088,pat_0b47544d5c3f,pat_d02013213a92
