id,predicted_route
347d31cf3ea857dc,F10 F14 F07 F08
dac89487eea8904d,F05 F04 F10 F06 F07 F08 F09 F13
2f47fdc5b697a679,F10 F03 F11 F08 F12
4e93b38dbe7e9730,F08 F02 F15 F03 F16
ce2328375adfc5fe,F04 F11 F15 F02 F09 F06 F08
2ebee89b14fa525f,F14 F01 F16 F10 F02 F07
de8b2693cab42e78,F12 F03 F08 F10 F09 F04 F13
a0480fa6407ed2c8,F01 F15 F13 F14
1faaa98142d89bc2,F01 F02 F04 F03 F11 F10
2ef6bfd03bbba7da,F09 F01 F04 F05 F10 F11 F08
c089569f7f44287b,F14 F15 F07 F03 F09 F01 F10
2d63e4703c69856c,F03 F08 F01 F04 F05 F14
61e650632f98f440,F01 F13 F03 F05 F07
fff242df0eda8e36,F02 F10 F07 F01 F11 F15 F13 F08
e4f1b88a464fbdec,F04 F05 F02 F14 F07 F08
97990cc7a1310642,F13 F01 F02 F08 F09 F10 F06 F15 F11
8ebaeed2c1085669,F15 F08 F09 F04 F02 F10 F12
5f89ad749c153378,F14 F13 F01 F02 F11
08e978b8a81c19ab,F05 F02 F08 F10 F07 F09 F06
66b2086f6b97832f,F04 F06 F03 F16 F10 F14 F13 F09
a9e62267402e3d27,F03 F01 F07 F12
4cb6b6a2200be311,F14 F09 F05 F12 F08 F02 F06 F01
aeef1154d92fa2ce,F03 F10 F04 F02 F05 F07 F11
383a384eae767cf2,F15 F07 F08 F03 F10 F02 F01
b6705c8e33d52367,F01 F09 F14 F07 F08 F04 F02
bd94e99139d45cc4,F10 F09 F16 F02 F06 F05 F13 F04
c9fd42f78a0c0dbc,F07 F04 F06 F03 F11
b48fbfc525514da7,F02 F07 F10 F11 F06 F03
4083f478e681dfc5,F01 F04 F11 F03 F13
f753c43b5c8afcaa,F15 F16 F06 F07 F12 F13 F02
5c694db74479c822,F03 F14 F05 F06 F16 F15 F07
c447803a703f3630,F03 F04 F10 F12 F01
b95231d3ffd8ec55,F01 F05 F07 F09 F03 F04 F14 F06
d49e3af3430bf8e0,F07 F08 F11 F09
c586700b2ab67cb2,F15 F01 F08 F13 F12 F05 F11 F03
e9b1df9d4ac54ca0,F04 F13 F01 F12 F05
c81711a8433abc6f,F06 F09 F05 F16 F11 F07 F15 F04
0de632d1fe3de5a4,F01 F02 F03 F12 F13 F16
d09307ad23e1b1c2,F06 F12 F08 F14 F01 F02 F03
2a75db609b474417,F08 F14 F16 F06 F09 F07 F01 F03
713622aadcf44d14,F04 F05 F09 F14 F13 F06 F16
5c90f008ed37c642,F06 F07 F09 F10 F05 F02 F12 F15
886264e34e30bc49,F09 F04 F01 F05 F08 F12
b2d839262b6975bc,F02 F11 F03 F04 F10
8ecad3408c90c974,F10 F01 F15 F07 F12
a262046be7aa1239,F01 F11 F02 F08 F12 F15 F05
a74890502b7d28b0,F08 F13 F05 F16 F06 F04 F07 F01
b5c87f7a5eae3115,F12 F13 F05 F14 F04 F06 F01 F02
6ada98fd0564a61f,F06 F01 F02 F03 F08 F04 F09
4120c5a0927b49e7,F04 F12 F13 F08 F02 F09 F05 F10
6be9802983aeea79,F04 F13 F12 F08
9fdef15aee0a1576,F07 F08 F10 F16 F11
03ea33d9b8ca7e84,F12 F10 F02 F16 F06 F14 F01
8b9711c9b9f15fbd,F15 F12 F01 F11 F08 F04 F05
98ef50e078259daa,F02 F05 F11 F12 F07 F14
b90befc515623e86,F03 F12 F04 F15
584517ba1aa5cdc0,F15 F16 F07 F10 F08 F01 F13
4e29890c1ddfda2a,F11 F01 F07 F06 F08 F12 F16 F03
e4ee41e35a45ea5b,F02 F09 F16 F15 F08 F13 F10
89cdf7a8e29a32a1,F03 F06 F07 F13
2a806683e4fca014,F03 F01 F12 F09 F13 F10 F05
eecd0bef3c771457,F01 F05 F12 F10 F04 F09 F14 F07
e2be3ac36654ac1f,F04 F12 F05 F10 F11 F16 F14
82a6fef7f18e8db0,F10 F02 F15 F05 F14 F08 F03
82eab0989cf9639e,F07 F04 F08 F11 F15 F16 F02
be330087f2e21dd7,F05 F02 F11 F15 F04 F12 F07
d38dbbd9bec4d47a,F01 F12 F13 F11 F09
e1862f7b66e8f279,F01 F04 F15 F05
3c62ca9931b10e77,F05 F11 F01 F03
255b2f93e5eca98a,F01 F08 F13 F05 F14
c86d481991da2cb2,F15 F02 F08 F09 F10
4eca8461254e9c63,F01 F06 F12 F13 F15 F04 F14 F02
170915056a6692de,F01 F11 F03 F16 F04 F07 F06 F05
e8435b54e09aa418,F01 F02 F14 F04 F09 F10
ee024d2b63b5442c,F03 F08 F09 F10 F04 F15
a60a9fb130c16080,F03 F12 F02 F13 F14 F15 F08
103f8eaa2ca8359d,F14 F06 F07 F12 F04 F05 F10 F16
1ec22c31e87b1ef8,F02 F06 F07 F09 F01
154c7fc1efd17be3,F02 F07 F01 F09 F05 F04
70ebf5f676d2f9e7,F03 F07 F02 F06 F11 F16
8471e3af6f1cb8ce,F02 F12 F13 F14 F10 F08 F07
210a742607789438,F01 F02 F12 F03 F14
9e0a974761475660,F13 F07 F05 F14 F11 F10 F16 F01
16d246d24b040439,F02 F06 F07 F09 F10 F01 F05
6fe296393a74f7c4,F08 F04 F15 F14 F10 F01 F02 F03
85b525fa4bda6925,F13 F03 F10 F07 F05 F14
19af1b89ed00a79b,F01 F06 F15 F11 F14
5d232d4ec6ea70a2,F04 F15 F14 F16 F01
68701b5d6b890a22,F14 F03 F16 F06 F07 F09 F12
f55312a47fe2260c,F12 F02 F08 F11 F01 F09 F16 F15
44d8a06fd6830546,F03 F11 F10 F01 F16 F12 F14
784cf27a6244103d,F06 F12 F15 F13
2adb00348e8cd0df,F05 F01 F09 F16 F06 F07 F12 F13
26e729642e2681a8,F05 F12 F16 F09 F15 F06 F10
ba30f50705606317,F02 F14 F13 F11 F03 F08 F09 F04
e8d7d917cee33802,F14 F11 F12 F06 F16 F03
be5dc6815b3b0c97,F06 F02 F13 F07 F14
55fe2497e8ca1913,F08 F03 F01 F13 F10 F05 F07
d0bdaa4d605a31c3,F14 F10 F16 F12 F06 F05 F07
a81a939ed39f6722,F15 F12 F16 F11 F01 F03 F04
f17db758b0d54095,F01 F15 F05 F10 F03 F13 F04
64ba16d9b2a17b44,F06 F07 F12 F16 F01
a9c83bdd5de6295a,F13 F01 F06 F16 F08 F04 F05 F10 F02 F14
d96d9b123bebe60d,F07 F01 F08 F09 F10 F02
c9658bf12e5753b0,F07 F13 F03 F12 F10 F04 F02
ef3adcb3582a7e98,F08 F01 F04 F15
9a73200c9b07260d,F08 F16 F01 F04 F14 F10
d53b7f8fec75407f,F05 F06 F16 F14 F07 F01 F11
a05f65e44e34b5d3,F14 F01 F12 F05
77781fb0fc20d9ef,F07 F14 F08 F06 F10 F11 F15 F16
3c67af07a8fef3ec,F12 F16 F06 F11 F13
1e15eecd291ce426,F12 F06 F11 F04 F05
37200f7e4c16d083,F05 F06 F04 F16 F13 F08
f97bd4db2e8f02ff,F04 F06 F09 F10 F01 F05 F03 F07
d5c3abd59b015332,F16 F06 F14 F07 F12 F01 F08
dac496d017bf3888,F02 F08 F09 F05 F07 F10
2fc582684990ae27,F01 F02 F08 F03 F04 F14 F09
2ad2086bdfe6ba7a,F02 F09 F06 F14 F15 F10 F11 F13 F05
669e7eae5e56c09a,F03 F04 F11 F05 F09 F07 F01 F12
e685543138b0fe15,F08 F12 F13 F14
fbe145e4829107a6,F01 F08 F05 F16 F11 F15 F06
1fa979798fb14348,F11 F07 F02 F03 F10 F08 F12
13b0b9cebb03a530,F03 F16 F06 F07 F09 F12
5778ac1920300a14,F04 F03 F10 F05 F06 F07 F11 F02
52968e17745f8855,F12 F03 F14 F05
9ef90b32a8fd2772,F01 F16 F08 F05 F07 F02 F06 F11
b4383508074f7441,F05 F06 F11 F04 F13 F09 F07 F08
55a3f3437a617f93,F07 F09 F14 F08 F02 F10 F13
e5b39a8c0b55cbb1,F03 F05 F12 F06 F01 F10
cb732af98b8029d5,F16 F10 F08 F03 F11 F12 F06
c345b4aef386bb23,F13 F06 F01 F05 F10
ef84d0c58b451705,F11 F08 F01 F06 F15 F16
103606844490256f,F03 F07 F15 F11 F12 F13
af35046a062d3ffd,F15 F02 F11 F14 F01 F10
3d110be46c998f34,F09 F10 F11 F13 F14 F06
e284196b5528d6b5,F12 F01 F02 F10 F07 F08
a64e2f4e278a5681,F05 F11 F12 F15 F06 F16
1fe7b874775d3891,F01 F09 F10 F11 F05 F03
54aa5b8be84e8868,F05 F13 F08 F04 F16 F14
1639b42205d5836e,F09 F12 F02 F08 F13 F15 F01
8f93afa9a1ab9a5d,F12 F03 F09 F11 F15 F05
80d52621147adbd4,F09 F03 F04 F06 F15 F16 F10
e64481bc9ffeff62,F01 F02 F09 F03 F05 F10 F11
961e829d1982470c,F12 F04 F02 F13 F09 F14 F08 F16
dcffac7285a9b609,F15 F02 F07 F06 F12 F03 F14
04ee308bb0cebb61,F02 F04 F14 F08
c1b423dec24c50a8,F01 F03 F13 F04 F02
13fa801fe2a93101,F13 F14 F01 F05 F08 F09 F02
7baa7b175ae125e4,F08 F03 F04 F05
52fa80fd769e4c4d,F08 F01 F04 F05 F10 F15 F16 F12 F07
91a7618c01263de2,F01 F08 F10 F11 F02 F16 F07
86bfef674dcc535f,F06 F07 F13 F14 F01 F10 F05
bcd2f46ae4e4f315,F14 F15 F16 F09 F07 F04
a33cfaebd83bfd9b,F02 F16 F14 F06 F11 F08 F12
ff554030d8835b55,F09 F08 F12 F13 F16 F10 F03
3b251e5a7e942653,F02 F09 F08 F05 F10 F13
cfdd84aa663229e3,F02 F03 F14 F04 F15
2c27810cdcb42d88,F13 F08 F03 F06 F07 F01
d16f8a807a274575,F01 F10 F06 F11 F02 F09 F08
230755854b73905a,F08 F14 F09 F10 F16 F02 F11
42f2bfc31b3bfd02,F03 F15 F02 F05 F16 F07 F10
21a620505091b42f,F02 F01 F06 F07 F05 F08
b6f6fb83550ff80e,F12 F04 F05 F10 F03 F02 F09 F08
c8688a9c49ab5147,F04 F07 F01 F05 F06 F12 F11 F09
9cd88d6bf95397c9,F11 F15 F14 F09 F02 F12
c3311b566b855d78,F08 F03 F13 F11 F16
c07db013c443de21,F07 F02 F08 F15 F09 F04
900e6fa7ccc60f02,F08 F02 F04 F07 F13 F10 F12
8c085d267110ad30,F13 F04 F03 F08 F02 F05 F14 F06
632e0b418841dbd3,F09 F02 F06 F04 F01 F14 F15 F10
37fc41f62204db38,F12 F11 F01 F10 F13 F07 F08 F02
de9f174231f4b576,F14 F05 F02 F10 F08 F01
03f0654d25e6cff3,F06 F08 F03 F13
b862693c2bf26190,F03 F09 F05 F14 F13 F08 F06
0dc4e8d105b655e8,F02 F14 F04 F01 F11 F13 F10
8f37ecbaa75140c4,F01 F09 F03 F11 F16 F07
284cff59859cb502,F11 F09 F08 F10 F05
db3dda86bf52d143,F09 F01 F15 F04
1dcb0086c9abbdcf,F08 F11 F05 F03 F04 F10 F13 F09
d401bc4dbcf69614,F02 F06 F04 F08 F09 F14
78a696a72b4b67d8,F13 F02 F16 F11 F12 F08 F09
80bb18a61a4d2528,F01 F02 F07 F11
b56d5541392d2d63,F09 F11 F16 F08 F05 F01
6dca46882f65ccf1,F02 F05 F12 F03 F06
3d80bef596a582e1,F03 F15 F16 F12 F10 F05 F14 F04
ca7254c79c2c6fba,F02 F07 F11 F16 F05
4b0f35aaee1267b1,F03 F04 F02 F05 F10 F12
f100308dbf2d935f,F03 F13 F05 F15 F16 F09
bed123e555d05c44,F03 F04 F12 F13 F08 F01 F10
cce670e4d9e2bcd8,F10 F11 F07 F08 F04
b28b30b53deaaa82,F09 F02 F10 F11 F13 F14 F15
522c12f810f7a1b7,F12 F09 F10 F02 F07 F13
5c9feb99a82bc93c,F02 F11 F10 F12 F05 F03
143d390226ac49bf,F02 F03 F04 F05 F11 F06 F12 F09
85571c56a9042eaf,F12 F13 F05 F06 F08
6ee4ec228bcd2d85,F01 F06 F09 F10 F03 F11 F05
489c2b32e803bcb1,F12 F13 F07 F14 F15
0322eb0004c7757d,F10 F02 F04 F14 F01
29f045c791d025f6,F13 F01 F04 F09 F08 F16
6ce932e246069643,F04 F06 F12 F11 F13 F16
ab5085ac87d04efb,F06 F03 F10 F11 F08 F04
cb633e68e89e1cf2,F04 F14 F15 F08 F10
b5c7e12191e32731,F08 F11 F07 F06 F14 F12 F16
7f35153b85a6353d,F16 F06 F08 F13 F05 F12 F15
ef28536a32f85056,F03 F02 F07 F01 F15 F05 F11
c615c510f0b26744,F02 F13 F16 F14 F08
b3978bf058159197,F09 F12 F01 F15 F02
bbb68f12a5c2f2a0,F04 F03 F12 F05 F11 F01 F07
e4bb3ad116a6001a,F05 F07 F06 F10 F04
f9221217a9811f44,F05 F01 F12 F09 F06 F03 F15 F13
4de37a155f93d54c,F03 F02 F06 F07 F08 F14 F09 F11
e06caf128218da3e,F04 F16 F12 F07 F15 F03 F11 F08
290a722673aaaafb,F02 F05 F01 F13 F15
72dd9c3fb5863af2,F03 F10 F15 F02 F16 F01 F04
10eb998c88649fa2,F08 F14 F01 F04 F06 F15 F13
8eabd6fe7fc9b333,F12 F02 F07 F08 F03 F04 F05 F10
e99ba8834575f253,F09 F08 F10 F14 F11 F06 F07 F15
58cc456eebbc814d,F08 F15 F12 F11 F14 F13 F16 F05
486a649973d45799,F04 F09 F05 F01 F14 F06 F15
92f83de974af9b6f,F11 F14 F02 F07 F12
6343159f07288973,F05 F09 F02 F06 F08 F12 F03
13a0e06deed5f73b,F14 F10 F07 F04 F12 F08 F09
c637379fbdf40676,F05 F10 F14 F07 F15
71c92bc51b88f41f,F15 F06 F02 F07
7c15022cf2dc7074,F05 F12 F07 F08 F09 F06
91a1475afc8f809a,F03 F09 F10 F07 F01
a97ee7ed40103c15,F01 F02 F08 F13 F03 F06
e59fd7a5c19c0167,F12 F03 F13 F01 F10
28de30886682e03a,F04 F06 F05 F02 F03 F09
28e645ce7d9faae5,F15 F08 F05 F16 F13 F03 F12 F07
1d885d9647779e44,F06 F16 F13 F07 F08 F09 F14
e365b71f5caf75f6,F01 F07 F13 F15 F10 F03 F12
e6422cfe119a628d,F09 F03 F01 F04 F10
22d29412acaa981a,F12 F04 F13 F07 F08
38d7f189189d5a89,F05 F03 F08 F07 F11 F16 F01 F02
f7b0f9e193cc9086,F01 F03 F04 F07
79da9daeea266afd,F04 F02 F01 F03 F09 F15
ee490e1d78ace151,F14 F09 F02 F03 F05 F11 F12 F07
bebe13728de4ba8e,F04 F08 F12 F15 F14 F06 F11
e6c1ab05af6e5fea,F09 F03 F10 F06 F04 F05
38479fa4fecd1638,F08 F06 F05 F01 F12 F10
e82a01f0c9eb9e53,F11 F16 F13 F15 F14 F05
1d6208e759dc232b,F04 F16 F12 F02 F01 F11 F13 F07
13fb9cd43665665d,F01 F03 F02 F07
682ecfb58dcf14d7,F15 F10 F01 F04
ff743238ad96073c,F03 F04 F16 F14 F12 F13
959e963c774b334a,F07 F10 F15 F06
4d04d844e4e764d3,F05 F15 F03 F02 F08 F09
fd2579021dffa719,F16 F01 F09 F02 F12 F05
ebbb8e92f360869e,F10 F07 F04 F13 F11
cbce3aa67bd7a65e,F03 F09 F08 F14 F15 F07 F04 F13
639ed199e7b397bd,F05 F04 F12 F03
b5d4eaaefef66c01,F02 F14 F04 F06
16839873dc0510cd,F08 F12 F05 F01 F15 F09 F11
a1b4e1df75a3fee6,F04 F10 F02 F03 F05 F13 F15 F14
d1838a818f08b1b4,F04 F01 F13 F08 F09 F02 F10 F12
5271a49c73b08085,F12 F04 F01 F02 F09 F10 F05 F07
d1ebcabac50c96cb,F01 F02 F05 F15 F14 F06 F07
a6426315d0126130,F02 F04 F06 F05 F11 F03 F13 F08
d0bfb27de65a5f15,F09 F02 F10 F04 F07
246daee9b154407a,F07 F15 F02 F03 F04 F13
ee2975f53d4a176b,F12 F03 F05 F13 F08
bebd3f3808eadcbd,F10 F01 F03 F05 F08 F09
3278cde8602b4318,F06 F03 F01 F13 F14 F15
f09177db9024a213,F06 F07 F11 F08 F03 F09 F04
33ddde96f01da5b6,F03 F04 F08 F11 F13 F14 F06 F09
2801feebdeddcdda,F13 F08 F01 F14 F09 F12 F02 F11
9cc35ea0d1070bf1,F14 F01 F15 F10 F04 F16 F02
ee56703850489ab4,F09 F02 F14 F01 F04 F11 F10
8cf334201622d7de,F01 F04 F02 F05 F07 F08 F12
ce987b1305ce5fb8,F14 F12 F13 F02 F11
835510270451e874,F14 F03 F06 F08 F09 F15
6f2fed77b45f51b7,F12 F16 F10 F05 F02 F14 F06 F13
492d3e040ca3608a,F15 F12 F05 F06 F02
158d9a1d74862384,F03 F11 F12 F16 F05 F02 F09
d5440433a0c0a76f,F01 F04 F06 F09 F10 F11
9c6da5a14a836d83,F12 F13 F01 F08 F06 F05
a0c18cba6b7d3d6b,F08 F14 F03 F07 F05 F12 F02 F06
0e93233bbbfb680a,F12 F11 F04 F08 F05
8be564869babc413,F09 F10 F01 F13 F06 F03 F07 F02
9b591538746f1c57,F02 F04 F01 F09
a5d77c74274c1db6,F11 F01 F05 F03 F14 F15 F13
0125774b567b8bf0,F10 F03 F04 F15 F08
5c279aa0b585bfb2,F02 F03 F05 F06 F07 F16
6e767ea42b14e1fd,F03 F10 F05 F15 F07
c247722bce20dce8,F01 F12 F16 F02 F08 F09 F07
d2fa9ce30f6f8fe6,F13 F01 F06 F03 F07 F10
ed01dc7ec82dfa37,F10 F11 F15 F01 F05 F06 F02
8b56d489712a0cd4,F04 F05 F11 F07 F03 F06 F08 F12
d6540675f3414e87,F04 F05 F06 F08 F11
a321834be2ffd83c,F01 F07 F03 F04 F16
e2da271d231e40d1,F04 F02 F01 F07 F05 F08 F14 F09
48c2ffb7aaf2ac3f,F06 F04 F07 F10 F14 F11 F08
e7ffbb5460119369,F15 F03 F02 F09 F05 F12 F10 F13
558f0340a1132076,F13 F09 F07 F14 F10 F08
338efc4c0ea53c64,F06 F01 F08 F10 F11 F16
570a28686494dbf1,F07 F12 F11 F01 F05 F16 F06
dfdc9070abc0bc61,F09 F16 F11 F13 F01 F14 F03 F08
0586bb569803c771,F04 F06 F12 F07 F13 F08 F16 F03 F10 F11 F09
b625f60231e84029,F08 F11 F13 F10 F15 F01 F07 F12
202ee0533f2ec04c,F10 F13 F01 F02 F09 F05 F07
28f452c675dec268,F12 F01 F02 F05 F04 F16
7742a9f7ddf0b73f,F02 F14 F09 F16 F13
20ef687cf758799e,F02 F03 F09 F12 F13
41c6630e1f0ea0ac,F05 F01 F06 F03 F11 F14 F13
3b37b6c3e4781e02,F15 F04 F16 F12
ca626f02445d3f64,F05 F03 F14 F10 F02
a7046033f481c43c,F10 F02 F06 F11 F03 F05 F16 F12
46d38719d2fddc64,F04 F02 F03 F05 F11 F08
2e16745a8a92b222,F15 F16 F06 F04 F01 F08 F11 F14
a28785d9d57163b9,F01 F03 F05 F11 F06 F07 F10
67372c475e67766f,F03 F09 F05 F15 F06 F12 F07 F08
23b484ee9f9d39de,F06 F02 F07 F13 F10 F16
16dd0d41d883c875,F06 F14 F09 F03 F07 F04 F05 F02
815f5dd7e651bcac,F03 F10 F04 F14 F08 F15 F09 F11
06811dd43ab47a16,F12 F05 F07 F09 F08 F06 F10 F15
c4cb77bcfd0f3dbb,F15 F05 F11 F04 F01 F07 F12
b050857158d17324,F08 F04 F03 F05 F12 F09
8bc2ccdadb8af157,F07 F08 F03 F06
cebfa87b6f05f891,F06 F05 F08 F12 F07 F15 F13
fcac65dcd05afb65,F05 F02 F08 F09 F03 F15
e592026f74244dbc,F01 F13 F10 F15 F12 F06 F08
c779ca30fcde6a42,F10 F01 F12 F11 F04 F15 F07 F05
47e761f78a14f509,F05 F07 F09 F10 F16 F11
de34041b31257a19,F07 F09 F16 F03 F08 F01
c5348d57abb7b211,F05 F10 F03 F14
ecf30b7f49fcb182,F04 F01 F11 F02 F14 F06 F10 F05
f29babd35d7000fb,F01 F09 F16 F11
48a4768fc07f45ce,F04 F13 F01 F09 F10
063d6b94315c1ea9,F04 F03 F07 F08 F13
b7cd693773799e5a,F04 F16 F03 F05 F14 F11
45f018b20a1e1d96,F07 F14 F01 F10 F03 F08 F09
7a3778f65c9a56a4,F12 F15 F05 F10 F13 F16 F09
f5e1e579d7acbd4b,F16 F02 F03 F09 F13 F11 F06
0c8575d00ae99f00,F11 F09 F07 F12 F02
f68e2c6a1fadc482,F07 F09 F11 F15 F06 F16
25091f7a190cf384,F10 F11 F12 F06
062a1830fed643aa,F04 F01 F16 F14
338c431a85fd5c23,F16 F06 F05 F03
3b9be9a223545c42,F11 F08 F06 F09 F01 F05 F02 F10
5e13a91dd571f3d5,F12 F06 F14 F16 F15
d9e500d7cce7a706,F16 F09 F04 F05 F07 F10 F03 F12
2befea30c24d4adf,F07 F05 F11 F09 F06 F13 F03
eef1b83ef74a7eb6,F02 F04 F09 F05 F10 F15 F16 F14
600576a5f1b196ef,F02 F10 F04 F16 F05 F11
cb2dc1196f045209,F02 F12 F08 F13 F04 F16 F03
e709fc0a784e462c,F04 F11 F01 F14 F02 F03 F13
f981f29d0dc8947e,F16 F01 F02 F04
fc663e045a985cd8,F01 F06 F08 F04 F05 F13 F07
190672e49663dab2,F11 F08 F05 F12 F01 F14 F07 F15
c6909e46950d16e9,F11 F01 F03 F04 F14 F05 F06
ea176defb3ababd2,F07 F06 F04 F15 F16 F14
782e4983338facfd,F05 F14 F15 F02 F01 F03 F16 F11
cbeba42b5da3dea6,F03 F06 F12 F15 F16 F09 F08
c97bd604466860fd,F02 F11 F03 F12 F13 F14
721d69993fc13835,F01 F04 F09 F12 F13
9365e3bc74b4a957,F02 F06 F09 F07 F01
ba4be41eceef3c87,F06 F03 F04 F10 F08 F05
366d3f860b89e465,F15 F10 F11 F05 F08 F01
91ffd28fed4d4fd0,F14 F01 F15 F12 F16 F10 F05
ad43e27b120110bd,F06 F02 F03 F01 F14
be2ca56d587a99d4,F07 F02 F04 F11 F12
30b2fd5ad9a83f78,F14 F15 F03 F02 F05 F11
59f04d541c5a8ee1,F03 F16 F12 F05 F01 F15
e0d2fbb09b1ede85,F01 F03 F02 F06 F07 F08
65da994e754a7191,F15 F03 F02 F07 F01 F08 F12 F10
05108fd77a6fd9fc,F01 F05 F09 F07 F11 F15 F06 F14
5687892edd6250b7,F02 F06 F15 F07 F03
f7fced118a413ea4,F06 F12 F01 F02 F13 F15 F09
3202872537e0df5b,F08 F05 F02 F07 F10 F11 F09 F06
97fe37ef99c7a14a,F11 F13 F07 F09 F02 F12 F08
297ecd8f64c0aba3,F01 F04 F06 F02
1b8649d7cfba321b,F13 F07 F14 F09 F12
6cc330c78e628781,F11 F08 F16 F01 F09 F04 F05 F15
d699ac667bb7a436,F08 F09 F12 F02 F07 F01 F05
d6f4cdd45a4496ce,F01 F03 F08 F10 F02 F12 F06
c43a6474a5b0520d,F07 F10 F13 F06 F12 F04 F11
c79a8ab8db1c7065,F06 F01 F09 F15 F16 F08 F14 F10
56f2be9e2a75da50,F06 F13 F14 F12 F03 F15
4ef591011af39d45,F05 F10 F14 F08 F03 F06 F04
37357972f41b7db9,F03 F06 F05 F02 F04
0c0efeba7f9d33f4,F09 F04 F05 F11 F01 F08 F15 F02
09c1924b7a732f32,F14 F04 F05 F13 F12 F09 F07
f640a05503e2dbed,F03 F06 F04 F15 F09 F13 F16
c1089169603b6c00,F02 F06 F12 F03 F14 F16
a264cfd65d116743,F01 F02 F16 F04 F14 F07 F05 F08
5e73e1d9311682b0,F11 F12 F07 F09 F10
8a4f009e1776f8a1,F01 F15 F08 F10 F03 F02 F13
27edfbe7a286c5ee,F04 F12 F03 F13 F15 F06 F05
458ada8e59364115,F05 F12 F13 F06 F09 F10 F07 F11
bca0327e1ebed64e,F03 F08 F11 F12 F06 F07 F02
39797b8d4682a1b1,F03 F10 F07 F01 F02 F06 F08 F16
ea3e2f593db7d51e,F01 F09 F15 F14 F08 F04 F07 F05 F16 F03
6f07fa96a1b9ed9f,F09 F13 F11 F12
8093e0e4d3904081,F03 F08 F04 F11 F07 F13 F05 F10
0bc83103f26051ab,F04 F06 F03 F13 F01 F08 F16
b83c23b594954bee,F01 F02 F06 F10 F05
3a8bc51ed9d9edf4,F13 F05 F02 F11 F12 F03
5cbb3ea10412b713,F08 F11 F04 F12 F16 F02 F03
0d8c411001998dc5,F06 F12 F13 F14
e56eedd623c0fe9f,F14 F13 F06 F07 F01 F11 F05 F08
4f1d9be9b60b45b4,F07 F09 F10 F01 F02 F11 F08
87d784261084b428,F01 F07 F15 F12 F10
d23d62414110f841,F03 F07 F02 F14 F04 F11
91e4face7ca539e2,F04 F15 F16 F02 F03 F08
ed93b234d4a6a8b4,F16 F06 F01 F03 F08
78921aa4077061d1,F10 F01 F11 F09
a3ec3a43d1810c50,F15 F03 F07 F08 F02 F10
d10cda2d9749bf69,F02 F10 F04 F16
f185d66bd1c473ee,F02 F04 F06 F05 F11 F16 F07
3b8cb6279e531153,F12 F13 F10 F16 F08 F14 F02
945556a949230d2a,F11 F06 F01 F10 F08 F16 F07
19e24357e9a0470b,F13 F03 F12 F05 F07 F15 F16 F01
2d8c81d06e6bcc60,F14 F01 F02 F07 F04 F15 F08 F10
cae69bf912767f02,F07 F11 F12 F08
cd1c7b9884505c2e,F04 F01 F02 F09
1ec3b5656703b350,F01 F08 F09 F10 F04 F06 F13
c89a6bb2ad1bdc9d,F03 F07 F01 F09 F08 F14 F02 F10
71d58da7eef917f0,F02 F08 F14 F06
5c78af1519336a01,F09 F13 F03 F04 F14
83dc69355938faea,F07 F14 F01 F09 F13 F04
2169c4d0c45d15d9,F08 F11 F16 F01 F02 F09
7417243def82a6e9,F06 F03 F08 F02 F13 F05 F14
595ed279dfd76320,F16 F05 F06 F12 F09 F10 F15 F08
6642fe8bf18d58bb,F13 F14 F07 F01 F02
c4d2a304f4c53262,F05 F11 F02 F13 F03 F07
bc47d53a8be4247c,F10 F12 F04 F05 F16 F13 F07
d3067d9e3e26f5b0,F05 F08 F15 F12 F01
f44c593bb40e370a,F15 F13 F07 F08 F11 F01 F05
0f91c6daac1cfbde,F09 F14 F01 F05 F12 F16 F13
f989763469eb2362,F03 F14 F15 F02 F04 F13 F01 F09
6368ca8ecc2e50e1,F07 F03 F04 F10 F12 F02 F08 F05
8a14c44ad6e80497,F08 F05 F04 F14 F07 F15 F06 F13
8b239c28e83511fa,F14 F02 F15 F11 F01 F12 F09
08e8efda4e5206bc,F04 F06 F09 F12
3b651165f6861c68,F01 F04 F13 F15 F16 F05 F12
39ab467c6e0cbbf8,F11 F13 F05 F06 F02 F15 F01 F16
14fa482fff02b38f,F03 F09 F05 F15 F16
257c0cffe745d32b,F03 F11 F12 F05 F07
6050219774eb48c8,F13 F08 F10 F15 F01 F03 F06 F07
d42653ac86051b0a,F13 F06 F07 F02 F05 F03 F04
d747e4974c9cf778,F04 F10 F14 F06 F03 F13
fafedd91138a8a20,F01 F02 F08 F10 F14 F09 F13
970a3918a90fe39b,F09 F02 F08 F05 F16
10b7b8db1e153ee3,F12 F15 F01 F05 F03 F16 F02
c7acb5f7dfe7ec47,F16 F06 F10 F13 F15 F14 F05
3c82da5bed5ca120,F07 F05 F03 F04 F11 F16 F02 F12
8be0d691ee5a01eb,F03 F06 F05 F14 F04 F08 F10
22a4f9d64f186cb1,F05 F08 F09 F06 F03 F13
e434cb158d5e4fd4,F02 F07 F08 F09 F04 F15 F05
5351328357622e23,F11 F10 F03 F05 F06 F07 F01
8b57e9b0e5f5f2ec,F01 F04 F09 F03 F02 F10 F07
2033de09c6c21ca9,F03 F08 F09 F02 F14 F04
1868bff961bed369,F05 F06 F08 F11 F02 F09 F03
5fc70b2204aecff8,F02 F09 F04 F11 F15 F12
f44d866d02862fbc,F13 F11 F02 F14 F03 F07
f1f4540459f78bd5,F09 F10 F01 F14 F07 F08
195c547200aeea99,F01 F07 F16 F11 F08 F09 F05
193caeb7d8600dd0,F03 F07 F08 F02 F05 F10
ab47f0ec9304f88e,F01 F05 F02 F14 F06 F12
986232f906526ea9,F04 F02 F05 F16
4e53c33e48e06787,F13 F02 F11 F01 F12
0dd90f42755068c7,F02 F07 F16 F08 F01 F13 F06
2b0b6dfac85dc252,F15 F02 F01 F04 F05 F11
d05fc05618dd98fe,F03 F07 F11 F14 F15 F05
effdd209917bc071,F13 F02 F16 F05 F06 F07 F10
d7705ec04dee3e67,F03 F08 F14 F01 F02 F04 F10
9332fe8e2c85746c,F14 F06 F01 F04 F07 F05 F10 F08
c17ace589a30e03e,F15 F03 F07 F05
9b26f93a6f86e637,F02 F05 F06 F04 F01 F09 F07 F03
7a757156ff36fae2,F06 F02 F05 F01 F04
b6e37efbc76cbafd,F03 F02 F06 F10 F07
fb53e9310f15e783,F02 F05 F13 F06
9a5ffb2e0282735b,F07 F01 F08 F15 F12 F09 F13
215f3bc1b24bcfce,F13 F07 F14 F15 F12 F02 F03
23f939bfa7186b17,F15 F10 F03 F04 F01 F07 F16 F14
755f802cb48258b5,F03 F15 F05 F01 F06 F04 F13 F14
7b6291c8051aab64,F07 F09 F14 F15 F12
a5e9d1ccc6efe0f3,F13 F02 F06 F10 F07 F08 F03 F16
fdfd2e0ab1eaf3d0,F11 F06 F02 F03 F12 F13 F10
7d6dd401b4929144,F04 F02 F15 F12 F13 F10 F05 F03
cd6a0b2b8bab2762,F04 F14 F11 F10 F05 F02
860f636cebc7d987,F09 F01 F02 F15 F11 F12 F13 F03
ac588b282620a0f4,F14 F08 F12 F13 F16 F04 F01
42271585822bb08a,F12 F04 F05 F09 F13 F02
2ec8766be23115c8,F02 F12 F01 F04 F07 F14 F03 F13
1a8efe9f221db2ef,F11 F03 F13 F10 F06 F12 F04
b56b81b985611fc1,F02 F09 F11 F10 F16 F12 F06
e51a4ca00e0f1da4,F05 F03 F15 F11 F06
1019fe3520459cf5,F05 F01 F07 F14 F11 F15 F02 F04
8cdba064679729b9,F11 F01 F03 F02 F07 F12
27366cc81228c3ba,F09 F01 F06 F11 F07 F12 F16 F14
7a24b74ab3e26f9d,F12 F14 F11 F03 F02
dea53ed476b253f9,F01 F14 F02 F11 F07
31478958aa12112d,F16 F14 F15 F08 F12
86dba5548ec44dee,F01 F09 F16 F02
2e55f65b67339699,F13 F03 F01 F15 F02 F05 F14 F07
cf6484413222aa50,F09 F01 F16 F04 F12 F13
e2986a181d830c69,F06 F12 F13 F01 F04 F15 F02
489c359b0e7d283e,F01 F07 F06 F14
52e6003b371284b5,F01 F03 F12 F09 F13 F11
e9ed65ecfa401167,F13 F15 F01 F02 F05 F11 F12 F10
fde0dc695f9942ea,F16 F11 F05 F12
36049b360b0a0160,F06 F14 F02 F08
fbb47bc9ef36db9e,F08 F15 F04 F06 F07 F01
b911207f291da5d8,F16 F03 F05 F10 F01 F02 F07
eaf3066d42e05897,F06 F02 F04 F09 F05 F13 F10
9ff91a31ddc3b33f,F09 F10 F01 F06 F11
cdcbec9f570c1d04,F06 F13 F02 F07 F03 F05 F16 F14
3225c3e5a29fb9d9,F07 F01 F04 F13
eccfea2ff6c1cd10,F15 F08 F05 F09 F16
a51a892a11b2f12d,F08 F14 F03 F09 F07 F01
ce5f7ca63ba51edb,F12 F07 F10 F09 F08
f33018d5cc88ef8f,F01 F12 F07 F14
49b260af9ae6c020,F04 F08 F09 F16 F11 F10
aab42703dab7ce28,F01 F16 F10 F05 F11 F15 F08
f6f639f1bfbed146,F16 F09 F11 F15 F01 F13 F12 F10
2bd06220944266ab,F03 F01 F02 F06 F04 F12 F08 F10
6fbbffd9f13c0b38,F07 F15 F16 F06 F04 F13 F09 F02
88de45c9e54cd409,F13 F04 F07 F06 F16 F09 F08
1f51a5a1465330ed,F14 F07 F12 F10 F06
2b2f2592c1956758,F11 F04 F08 F10 F06 F01 F15
445061692058de84,F13 F04 F08 F05 F16 F09 F14
3549ba47c82686b3,F03 F10 F15 F09
d69626a7b5346254,F04 F08 F07 F15 F02 F03 F09
05becf2a40561c8c,F05 F11 F06 F10 F02
0b6b0c6389860d8b,F03 F06 F10 F13 F14
f6a754689dd7d8bb,F05 F08 F01 F07 F15 F16 F02
c82c96180a0fc9ee,F07 F10 F11 F06 F01 F09
9b797c3e3e9578cf,F07 F01 F03 F02 F11 F10
4a0208ecc5b6ff48,F07 F04 F16 F01 F03
237bbfd3129a2f2e,F12 F08 F05 F16 F09 F02
6b826a1338d30088,F14 F01 F02 F06 F11
41447a0da6f55f63,F16 F13 F10 F07 F09 F03 F04
8e91b782c1116a9d,F09 F10 F05 F02 F07 F11 F14
404eb0b41b1567e8,F04 F05 F01 F09 F10 F14 F13 F03
ec07042cc379f637,F03 F11 F15 F09 F04 F07 F08
74e1319c2ed43dc9,F02 F06 F07 F08 F11 F13 F03 F15
8609240846a65c10,F07 F05 F14 F08
bb17c39263e77951,F05 F04 F03 F06 F09 F11 F15
eadfb5892cc9e7d5,F06 F08 F01 F04 F16 F03 F05 F14
8ed3ea99b6bedc41,F06 F11 F05 F08 F10 F03 F15
a22c9608447e6603,F12 F04 F16 F07
d26143d2df2d9e8c,F03 F10 F13 F11 F05 F06 F07 F09
acac801850211782,F12 F10 F08 F15
8210c1197ba077f5,F02 F13 F06 F07
675f4aede90c5252,F06 F02 F01 F08 F13 F10 F07 F04
27a6d7507f35cc3a,F13 F14 F05 F09 F03 F04 F12
0a41c0a972b9574c,F11 F16 F14 F05 F06 F08 F09 F10
2f2a33f989dfbbee,F10 F15 F07 F01 F14 F08 F03
a08ceff092cd612e,F03 F04 F05 F02
1c612ea06b6f5ab2,F01 F02 F03 F06
a18c2c4b4b29f96b,F03 F04 F10 F08 F01 F09
eb346908cbb2105c,F14 F01 F04 F08 F10 F09 F16
0bfa7b1bc36f2ccc,F04 F03 F01 F16 F02 F13 F14 F05
4cd7612fd23506cf,F01 F11 F06 F07 F16 F05 F13 F08
0a737a965a465ccb,F16 F02 F03 F05 F11 F15 F12
d603a362da85463d,F13 F16 F01 F09
88cc2c38f6ca4560,F02 F12 F13 F05 F14 F07 F03 F10
921bb1e9c344bbb8,F03 F06 F12 F14 F07 F02 F13 F01
6cd0a3a9f720d0f3,F06 F02 F01 F15 F14 F03 F12 F07
fbe7ee14a38e6f71,F04 F13 F02 F14 F05 F03 F07
78599a695ed462a0,F01 F02 F04 F12 F07
f860b83801d4520a,F11 F01 F04 F05 F02 F16
4f665b530806547c,F07 F10 F12 F01 F05 F06
4f7354a556023112,F13 F06 F07 F08
4fd3cd9b942be61c,F07 F12 F13 F16 F05
589ee004c70f671c,F05 F06 F14 F03 F04 F10 F01
7aeb4a074ae1147a,F11 F09 F07 F05 F13 F08 F12
a5559c9f59039474,F01 F11 F03 F07 F12 F10 F02
a0df05ae168c618c,F09 F01 F03 F12 F05 F16 F02 F07
9a3bf062af1c440d,F04 F06 F14 F15 F07 F09 F02 F16
57ec408817a402f4,F13 F03 F08 F12 F09 F07 F04
9a6549772c9b9186,F11 F06 F16 F10 F02 F04
94690ae0e1e4058b,F02 F14 F06 F11
9a7ce7aed14be3df,F12 F03 F11 F16 F07 F01 F14
22321e23fad556b1,F07 F01 F16 F02 F04 F15 F12 F05 F13
8476028923fbd8e1,F04 F07 F06 F14 F15 F01 F11 F10
a2d68534a4217004,F03 F01 F04 F07 F05 F02 F09 F12
a48d8972fc8513eb,F16 F12 F04 F15 F02 F08 F14
77e920adc17894ee,F13 F06 F07 F02 F16 F14 F05
90e90af09667d087,F04 F02 F12 F03 F13 F06 F14 F15
f9b934bd8cf143d0,F11 F01 F13 F15 F06 F07 F14
c667cf12be45a941,F04 F01 F02 F08 F13
d4a8569148f10bc6,F04 F05 F01 F07
30ac1799956ca52e,F01 F09 F14 F02
0a254795c3f9b00d,F10 F04 F06 F09 F07 F12 F16 F03
c8030191d7a12021,F05 F06 F11 F15 F01 F10
da5bf086fc1446c0,F15 F14 F11 F12 F02
b5500d752b7213f0,F01 F03 F15 F16
c4931437dc396524,F03 F15 F09 F02
0b208c995ebcbbc3,F01 F10 F15 F16 F02 F11 F12 F14
9d016fe014cc77b3,F11 F02 F08 F16 F14 F10 F06
c9acda2eacbd1c68,F03 F14 F07 F10 F02
dd9740ee9a8a3c0c,F14 F16 F03 F09
09d81a15dc7bde67,F04 F09 F06 F10 F02 F08 F05
f069287867cd23db,F03 F04 F06 F05 F09
f41d5d356b13d996,F10 F14 F08 F04 F11 F07 F13
323892daad4ddf16,F08 F09 F06 F10 F03 F05
c7222c4f293ae24f,F14 F04 F01 F05 F02 F06 F03 F13
85efefba0d6867ad,F08 F01 F14 F02 F16
b656ab2407f91d02,F12 F05 F13 F09 F07 F08 F06
94573cca006a82f1,F01 F02 F09 F07 F10 F08 F16 F12
5168c477b0433ab1,F03 F01 F09 F14 F04 F05
f4fd9bd146948f1b,F03 F06 F14 F04 F07 F10 F01
92140db5fd96c74f,F02 F01 F03 F10 F04 F06 F09 F12
22cbb2583f239e07,F01 F10 F07 F09 F02 F11 F04 F15
fba8e12c1b2af2e4,F05 F11 F10 F15 F07 F03 F06
4f4e7d2a3f4bb66e,F01 F12 F02 F08
994cba4930ca7e73,F01 F08 F12 F14 F03 F15
4fb7e735b5a370d7,F06 F01 F08 F09
2f8129d563d1f056,F07 F11 F16 F02
24d3488cdded8f47,F03 F02 F07 F14 F01 F16 F11 F09
b872685c0a75716a,F14 F04 F07 F03 F11
1953a90b2fda6882,F03 F04 F01 F08 F11 F16 F12 F07
96c1ee5ca96b5c74,F06 F15 F09 F07 F04 F01
77b25134813ace5b,F10 F08 F06 F02 F01 F14 F09
04126f019ab72b91,F16 F04 F02 F08 F03 F13
b6cfddc5f8f942ce,F04 F14 F12 F05 F10 F02 F03 F07
65ec8c4ccbdcbad9,F09 F01 F04 F05 F10 F02
249eda72eb0d0655,F08 F14 F09 F06 F11 F10
e04ba5619b575bdf,F05 F14 F04 F11
a15cd1c0cd9f0067,F09 F10 F05 F16
b1e610274dd3cf85,F15 F04 F09 F14 F16 F13
d12e2b911a47beb7,F11 F12 F15 F01 F03 F07
1e0e535de480c248,F08 F15 F02 F03 F01 F07 F16
452563abc2eafa4c,F13 F01 F11 F09
747918b96e2eac1f,F05 F08 F14 F16 F11 F01
4c28b6227aab4178,F12 F13 F08 F02
7c9120912f883d1f,F04 F08 F12 F15 F03 F07 F02
2c78c86b3a3fc9f6,F06 F05 F12 F04 F13 F10
71ba1273ffacb3c3,F04 F11 F12 F01 F02 F08 F06 F05
750e8e8c8cd82cc8,F01 F05 F08 F09 F13 F03 F12
e647738c7d497a7c,F01 F03 F02 F11 F10 F07 F12 F04
3cf141a9fd5c23bc,F10 F13 F06 F14
d0c4196987bb1be8,F15 F07 F03 F09 F08 F16 F01 F11 F13
edfa6cb239f93eef,F16 F09 F02 F11 F14 F01 F04 F06
0894cf126f093e89,F04 F03 F16 F01 F09 F10 F02
1b4ecf4c4db447f7,F09 F05 F07 F04
ed111301a378e665,F03 F05 F02 F09
5af57cad87cc0f3b,F01 F15 F02 F05 F16 F08
37460c1c390cdf77,F06 F03 F01 F02 F09 F13
b6cde9a5f076f840,F15 F01 F12 F13 F04 F03 F06
3f358c078d312b4a,F03 F08 F15 F02 F11 F04
899e5da3eb978906,F11 F06 F12 F03
cbe1d18114aa9179,F05 F01 F09 F03 F08 F10 F07 F02
c083f3239693b6c8,F13 F11 F14 F01 F02 F08
8d4c8244337c7c3f,F04 F01 F13 F10
9db8c3ff6494b8fe,F05 F13 F01 F16 F08 F14 F07 F02
c374b01f201f67bf,F01 F04 F11 F14 F12 F15 F13
3adf850c0836300a,F11 F06 F13 F10 F05
ff3fc1be0b402ad3,F01 F03 F13 F11 F06 F07
f8121c901f1ba51d,F02 F04 F01 F10
d4a55676ae8b3d8c,F05 F06 F12 F01 F04 F08 F09 F10
ac9316dd02f34c6c,F07 F11 F10 F08 F05 F06 F16
e5ac997a321d4344,F09 F14 F12 F13 F03 F06 F02 F15
2c8239334c520af2,F08 F12 F15 F01 F10 F02 F05 F06
90351d731dd795ed,F08 F01 F05 F02 F03 F06
ec8b7edacde1810b,F02 F05 F04 F13 F10 F12 F11
23a107ed5557ea4f,F06 F09 F12 F03 F04 F10 F11
564705636ce8e9c6,F11 F15 F09 F14 F01 F02 F16
9d4c9c2d2236ca15,F07 F03 F08 F13 F12 F06
37a37e929f318edc,F16 F14 F12 F02 F10
75a179c53f38c692,F11 F07 F06 F09 F12 F03 F15
cc1c63f7a2558388,F05 F01 F06 F12 F09 F02 F16
9a2e514ae4773f36,F03 F07 F13 F14 F05 F08 F02
e4824451db48eaae,F15 F02 F01 F08 F04 F16
1197de665c90c9f6,F01 F10 F04 F14 F05 F11 F15
50cd200d7b076754,F06 F07 F13 F08 F10 F11 F15
d6963fe24971f21a,F06 F04 F01 F05 F09 F14
a0b79b64f5087230,F10 F04 F14 F15 F12
3828b83e4c961968,F14 F03 F08 F11 F02
9bd16cc9c324ea5e,F01 F04 F13 F12 F02 F08 F14
f165a92b78be6198,F01 F06 F07 F11 F03 F15 F04 F10
59630f44ee27f1b5,F04 F02 F07 F13 F05 F01 F08
04bbecdb0386677b,F08 F14 F06 F01 F15 F02 F03 F11
9249ae0226198f42,F11 F06 F03 F09 F10
95c9e308da7c7568,F10 F09 F07 F05 F01 F14 F12
48ef9c29f2a7e9a6,F05 F14 F07 F13 F10 F11 F02 F06
e949370988a04e34,F06 F02 F03 F01 F05 F11 F12
e40c933582d12417,F11 F08 F06 F07 F10
76f6d7798660fef8,F16 F02 F05 F08
5f4e9fcbcce0d96b,F07 F02 F05 F03 F01 F06 F12 F08
ba7f9832796c265e,F05 F03 F01 F08 F11 F12 F04 F06
47152a688e41fe51,F03 F07 F04 F06 F02 F08
2cd68778052519d8,F08 F14 F05 F01 F03 F06
009b5d411b00fe44,F06 F08 F03 F09 F04 F10
fe30088e5c28d13a,F09 F11 F02 F12 F03 F04 F06 F07
b03387184b1213b2,F12 F03 F15 F04 F13 F05 F02
50dcde56f9194b59,F02 F05 F06 F11 F08 F07 F04 F10
9279ec98ded0316d,F09 F10 F02 F03 F01 F04 F08 F14
f3e95d270ca63b22,F06 F09 F08 F07 F05 F12 F01
e58786f83d535f61,F03 F14 F01 F09 F07 F08 F04 F10
155c8a14c318c2b1,F15 F16 F05 F07
b6965716639f1df7,F06 F10 F07 F11 F12 F16 F13 F02
52f49567f2368e5e,F15 F11 F02 F04 F16 F05 F03 F09
9804af1e2df08f31,F08 F15 F10 F14 F05 F02 F03
042968126b40bf10,F04 F13 F05 F06
6e087d0151ccc025,F01 F05 F13 F04 F09 F15 F10
51aaf44cdd57f750,F10 F14 F02 F11 F06 F15 F13
137b0614d4a58f27,F09 F06 F16 F05 F03 F07
afad3ca3bb6aa8da,F07 F10 F15 F09
46ea017b9adbb276,F15 F09 F07 F08 F05 F13 F12
bc34ecd6469e2f74,F02 F03 F10 F04 F01
013777c4c043a7e4,F04 F11 F15 F08 F05 F10 F09
84a590dd68a60868,F11 F07 F01 F12 F16 F05
c7ffb990fb7f6a2c,F08 F12 F06 F01 F16 F03
d3d756b73d254d00,F07 F09 F10 F01 F15 F11 F16
63480a51ec4c8304,F08 F10 F14 F13 F05 F09
decfe6819cf31e43,F15 F02 F10 F08 F16
7af9480464d159da,F10 F08 F02 F14 F03 F09
aac48152ffaf1692,F02 F01 F06 F04 F09 F05 F14
fc99c6535c2eaad1,F02 F06 F10 F13 F01 F09
206e569bd8140cbf,F03 F08 F01 F12 F07 F04 F13
a25694f5ee4b11e3,F01 F11 F15 F06 F08
bb4fea4f2662bc51,F03 F09 F15 F01 F06 F12
8947d8aedd330392,F04 F16 F06 F12 F07 F10 F03
dc1252f8370de211,F10 F02 F13 F14 F03
861a3fc3069de274,F01 F03 F13 F16 F04 F08 F15 F11
0249e0fa46b32a55,F04 F12 F05 F13 F14
7376df0031b10158,F01 F05 F07 F12 F13
a262991c83660ac6,F14 F02 F06 F11 F01 F13 F16 F08
b319d4310c6f0f7a,F03 F06 F13 F07 F14 F15 F09
f2481acddc4b220e,F14 F02 F09 F10 F03 F05 F15
76b50d9beb557c5c,F02 F04 F06 F09 F14 F15 F03
bcada9a11be7ad3c,F04 F15 F11 F08 F01 F09 F03
174babf4424a0bee,F01 F04 F15 F16 F07 F09
01597aeb6c8348b1,F03 F04 F01 F05 F06 F12
2b519a2f045ececd,F09 F16 F08 F04 F06 F03
91dcf188170d2ac7,F10 F01 F15 F07 F14
7e041683fab0dcf1,F08 F07 F06 F04 F16 F12 F10 F11
be6a76890edefd8c,F05 F11 F01 F06 F08
cd59acd6de56cab7,F09 F10 F11 F02 F12 F07 F08 F01
36a514c664a1efd0,F14 F02 F08 F01 F09 F13
30192a48ce72bc51,F15 F01 F06 F02 F03 F05
a58026c053b56e2f,F13 F07 F05 F01 F12 F03 F09 F14
1ee2fb87a5492aef,F13 F15 F12 F02
df0003b0f2a41072,F10 F14 F01 F12 F05
fe19191fdef093c7,F14 F09 F05 F10 F16 F02 F08
4ad4d52cd1efc98c,F14 F08 F05 F09 F10
36eba7df3f2df3f4,F15 F02 F12 F07 F04
7e6f20fb10f7bb9b,F14 F11 F09 F04 F07 F05
b37c1159fe2e0f3d,F11 F16 F05 F03 F13
feb5c20e425be575,F10 F06 F09 F04 F03
d3c9e76f0e97ed2d,F13 F07 F09 F03 F11 F14
490f1ecb4c9d7b09,F11 F12 F09 F01 F02 F13
c5d9c4951c824963,F11 F12 F10 F14 F08 F01 F09
12b54a64b409d56c,F15 F04 F14 F08 F02
0eb2aacb58f529a5,F14 F15 F07 F08 F01
bc37bb46473c1a37,F02 F11 F09 F07 F13 F06 F01
6b4814dd71caaca5,F16 F14 F09 F10 F12 F13 F01 F03
01435f3cb276c6ca,F03 F01 F02 F06 F12 F13 F08
dc35395feb86c580,F04 F09 F16 F07 F05 F12 F13 F01
62561e00467417a9,F01 F02 F05 F15 F09 F12 F13
5ef88bd04affe752,F01 F02 F11 F07 F12 F10 F03 F15
9cd2cdb5693ad959,F03 F02 F05 F10 F13 F11 F12 F14
deeb2c4f2d6fa2b4,F03 F11 F01 F07 F08 F12 F02
e5a564b3c9c28858,F14 F05 F06 F01
259eca0794c34dfd,F06 F02 F11 F16 F03
8240e504fd7d9557,F03 F02 F10 F04 F15 F08 F09
85460aac392d87e7,F10 F11 F04 F16 F08
657190a580fd3bec,F13 F02 F10 F01 F08 F16 F06 F15
d18aa467182bfa83,F16 F08 F12 F11 F01 F03
44b232b715d85d85,F12 F13 F02 F16 F08
7751ec66a14d6fb3,F04 F02 F08 F15 F11 F09 F07
bfdf6e425fe89c4a,F11 F13 F06 F07
ab76c4816ee057a8,F15 F02 F01 F05 F10 F03
2b1e3ebbadaf9c83,F11 F04 F15 F12 F07
8164434a70f98666,F03 F05 F11 F12 F13
2010154a317ca3ca,F13 F09 F10 F16
58e51f5fd67cd121,F06 F08 F09 F11
39901897defa4179,F10 F05 F06 F14 F15
8dec388eb09781e4,F02 F07 F14 F13 F01 F08
dff83a69dcb8c5f8,F03 F06 F05 F10
5c0cea4c3b350ef9,F01 F10 F03 F06 F07 F11 F15
40948b1f1c55c2f5,F07 F12 F03 F10 F06
93f8eb5625b95c4e,F07 F11 F12 F09 F13 F14 F01 F02
0b81b5d29731b846,F01 F03 F13 F11 F16
5ce7332b7730235b,F13 F08 F09 F14 F15
8bb72738243fa69c,F04 F10 F08 F06 F11 F03 F07 F12
8c331b71431050b6,F01 F07 F08 F15 F14 F16
6f73eb2fe7114385,F01 F04 F09 F05 F02 F03 F10 F13
1a940b17e614b97c,F05 F16 F08 F15 F04
7f28456c7c9309b8,F10 F11 F02 F09 F15 F01 F16
2e1030bdb4986cfa,F13 F06 F01 F08 F14 F03 F05 F15
29f030e0b1fbfc89,F13 F12 F09 F01 F02 F03 F06 F07
0d0d9394c9c852b9,F10 F01 F08 F09 F02
d31e52d536527176,F09 F11 F12 F01
a7bc59dcbc5cff38,F02 F03 F05 F08 F16 F04 F13 F01
10708e202c945a9f,F11 F03 F14
628e97d57d83e840,F03 F05 F13
c743a8de661f8f97,F06 F15 F12 F05 F08 F09 F10 F02
61adda7b5326f37c,F10 F11 F04 F13 F05
cc54728c990e0962,F01 F05 F08 F09 F15 F12 F04
b3c3bb79b8ad0032,F07 F09 F03 F04 F13 F12 F06
85d18113d9c16532,F10 F04 F05 F01 F11 F08 F03
eebae84b209a5af7,F05 F06 F09 F13 F07
6d8c309779796e4d,F09 F06 F08 F05 F12 F07
bd51b338b0bc2fa8,F08 F09 F03 F01 F02 F05 F10 F13
fd0d8f6ec64e81ae,F15 F10 F01 F03 F05 F16 F02
0f052668a897e6e5,F01 F15 F14 F07 F06 F03 F02
ee87d33f7ecd89ed,F01 F12 F14 F02 F16
c923fc451687cae8,F04 F14 F05 F07 F13 F11
7be778c15446b899,F06 F08 F01 F02 F14 F12 F04
e66626bc4fcd83a0,F05 F07 F13 F16 F14 F01
cfc3e589d0e0dd75,F10 F04 F06 F07 F01 F05
e57f2274c97e5dc7,F02 F07 F04 F06 F08
cb6dba2f39baf4f8,F08 F16 F07 F04 F05 F15 F12
84ea02bf256c7b2b,F02 F01 F07 F08 F13 F11 F12
3aca1906a0f6f6be,F05 F06 F15 F08 F10 F02
df5ee1b91410f89d,F04 F15 F11 F05 F09 F13 F06 F14
5a015e33ee7aad75,F01 F13 F10 F06
f1741dc72d18bf38,F01 F02 F06 F07 F04 F08 F13
1db89a758e093cc8,F09 F07 F01 F06 F08 F02 F03
ee71b07e133dae81,F03 F12 F04 F05 F11 F15 F16 F06
dfb3a051219ad43b,F10 F01 F13 F11 F03 F14 F02
01fe080cc6d77a34,F14 F12 F10 F03 F07
941e217108983332,F01 F14 F02 F05
32ca44c7d968ca14,F07 F09 F13 F14
944ce2d3e2e10132,F09 F14 F07 F08 F11
f2f01b1f134fbdd7,F01 F03 F16 F04 F05 F08 F09
d9aa1f01e9c080b5,F15 F02 F03 F11 F01 F08 F07
50feb01e8a1f4722,F05 F07 F02 F15 F08 F14 F12 F03
e3f5c73f3e21d49c,F06 F15 F03 F01 F12
618c90b1375cf064,F10 F14 F09 F04
91dea99cdbfacf6f,F01 F07 F14 F08 F02 F06 F10 F09
cc394d7146729f99,F01 F03 F10 F07 F08 F13 F14
46a669127e597fc0,F02 F04 F07 F11 F01 F15 F10
84ad7bcd8170a31d,F10 F06 F07 F13 F03 F09
0ec03b0612838c50,F08 F01 F05 F03 F04 F06 F12 F13
fd598386769e8350,F06 F07 F08 F03 F16 F05 F13
3591b4e28a7bf0a3,F06 F13 F02 F03 F16 F04 F05 F11
92fc765c080c0a0d,F02 F01 F12 F05 F06 F08
5ac59e116e3fe000,F13 F03 F01 F12 F04 F05
849112a84d5a551c,F05 F06 F10 F07 F08 F01
9db21b678c8f349a,F09 F15 F12 F16 F02 F11
77239cd185571c41,F02 F05 F03 F12 F10 F06 F09 F07
a6602f429a272504,F08 F09 F01 F04
71091de7f9408684,F16 F03 F05 F10 F14 F15
b2f0b28b8a99cd66,F06 F12 F11 F05 F10 F13 F03 F09
0800c8c3d1df945e,F02 F05 F10 F07
f8d54808338cd646,F06 F07 F02 F03 F10 F13
6e0367af382c20b1,F08 F10 F13 F05 F15 F16
bd473b3690250084,F06 F13 F02 F10 F09 F16 F15
914bea570c9ae035,F05 F02 F12 F13 F08
c9248b9cd1a779c0,F09 F08 F07 F03 F04 F10 F01
1146473a50a16010,F09 F02 F06 F16 F12 F05 F03 F15
386023d27cf2a25a,F02 F10 F07 F11 F03 F12
d17559f0cbe6f6c0,F05 F13 F15 F14 F16 F07 F08
2256786a716d5c5f,F15 F11 F16 F04 F08 F09 F01
35966b2e452c4d44,F05 F08 F13 F14 F06 F07 F12
a2c25e2821ad4434,F03 F09 F16 F01 F10
e096b1ea9659bcb7,F04 F02 F11 F15 F16
11f6e78038f55d8a,F14 F09 F07 F15 F10
2c4862dd1e943cc7,F15 F03 F07 F12 F10 F01 F13
6816d4ab877af8cc,F02 F11 F14 F05 F07 F16 F09
9e29bbda369c0a94,F06 F05 F12 F10
89152cc39c141e6d,F03 F09 F11 F13 F07 F10
42ee246e275551e0,F08 F16 F02 F05 F15 F09 F11 F10
99ad76be00507577,F15 F05 F12 F14 F03 F04 F01
52f274b357e9d98e,F09 F03 F06 F16 F10 F13 F08 F12
c63678c493375710,F12 F05 F13 F04 F09 F08
a84518da11d71ab8,F05 F09 F12 F13 F15 F06 F16 F07
b22d26aeb5e71fbe,F05 F08 F10 F07 F16 F03 F09 F13
ca9e8131f43da387,F13 F08 F09 F10 F15 F07
a39ac18cbcaf0d84,F12 F06 F01 F10
cc39b31540f217aa,F08 F02 F12 F10 F03 F01 F14
aff74fef1f7b211a,F06 F11 F13 F15 F10 F05 F12
ac312156ec3176b3,F01 F07 F04 F09
cfe1989687d31750,F09 F12 F02 F10 F08
af9e5491fe5049aa,F02 F14 F05 F13 F01 F12
cf728f2d2940c588,F04 F11 F07 F06 F10
4effd54aabea4a30,F14 F05 F02 F10 F13 F16 F06
d71b8c7f19fb7aac,F05 F03 F08 F12 F04 F07 F16
a2fbc5197b474751,F05 F06 F07 F11 F12
5e624673300fe008,F06 F07 F05 F08 F04 F13
3ca0090a5ddeb40d,F02 F03 F05 F04 F06 F07 F08 F12
20000e41946a1ad7,F10 F09 F13 F04 F02 F14
3b94d268bf9c234e,F06 F12 F08 F09 F07 F14 F13
ceb5bace570ffd42,F05 F02 F08 F12
873cc78c6243b819,F03 F02 F14 F11 F04 F05 F10
722c3091db386ad6,F09 F08 F06 F01 F02 F16 F15
db3c0ed38aadc1db,F05 F13 F08 F01 F10
e7fae0f13cfbc999,F01 F14 F08 F12 F07 F15 F05 F04
084a124591f6c7f1,F06 F13 F15 F07 F10 F12 F08
21730f5e37866bef,F10 F04 F06 F13 F16 F14 F08 F15
b5ced1a15c835f6b,F07 F08 F09 F12 F05 F15 F10
3d275cb82962b471,F12 F04 F07 F16 F05 F13 F09 F10
d85af867285fb3df,F10 F01 F02 F11 F12 F07
8281e8333f69cd22,F05 F10 F16 F13 F03 F15 F11
696bc1aa21689315,F07 F08 F12 F06 F15
5fad4a44c8d7db09,F11 F03 F12 F06 F16 F13
294b9104bd1a92b8,F05 F02 F01 F06 F14 F04 F09 F11
e7b10053c5f65aee,F13 F07 F05 F06 F14 F15 F01
517366cbdb4cb29a,F04 F08 F06 F11 F09 F10 F12
304c42d4ae49c302,F12 F09 F02 F14 F15 F08
0e18187a694a44a4,F09 F05 F12 F04 F08 F15 F11 F07
8721b9e050f75e68,F08 F05 F03 F11 F06
4ec4727b63870c9f,F07 F10 F15 F16 F02 F08 F06
0ce26e74e2d05978,F02 F06 F04 F05 F13 F01
365a3d0d61560b0c,F01 F04 F16 F11
d69269b76818b44c,F03 F11 F10 F13 F09 F16
7a0d53f63eaf99f9,F11 F01 F15 F04 F08 F05 F07
a6832d0d5e20ac78,F10 F01 F14 F07 F03 F04 F08 F16
62204ae804032f9b,F04 F12 F07 F16 F05 F06 F13 F03
9f69906860d7b9e2,F08 F09 F06 F01 F13 F04
3efedbb6859c93a0,F03 F11 F15 F09 F02 F10 F04
bcd00755110704ba,F10 F09 F04 F13 F01 F11 F07 F14
fcfe87b803e929d7,F05 F11 F03 F04
34bdac3791575325,F03 F05 F16 F02 F01 F04
3df11a33a62bb35f,F13 F16 F12 F15 F07 F09 F10 F02
5f84991e6bfd89a8,F07 F11 F16 F12 F13 F01 F14
7f956def50054434,F02 F11 F12 F13 F05
3e958a6694687863,F06 F10 F13 F08 F02 F14 F15
2d1d9c30875d19c4,F07 F09 F08 F10 F13
31a3dd9f23b14090,F01 F16 F15 F04 F14 F12 F13 F08
3c831acb8431d1f0,F01 F06 F07 F09 F08 F11 F05 F14
8d586d4a8904e314,F15 F03 F05 F16 F07 F11 F14 F12
c0633acfe018cb3a,F04 F07 F03 F15 F13
b357d89da91c8051,F11 F01 F02 F06 F12 F07 F16
1f0c41c28555d14b,F09 F06 F08 F10 F02 F03 F11 F12
88f7f55370b09a95,F15 F07 F01 F02 F11 F10
2d02af6b169915a1,F03 F10 F15 F12 F05
ff6368764ab12fcf,F08 F09 F12 F13
1bf571fb5e3c4c8b,F06 F09 F03 F11
cbad88b50b90c7e8,F08 F11 F15 F06 F16 F01 F02 F03
0d4318d6b0e75509,F13 F04 F07 F08 F09 F10 F14 F15 F06
42a15e4b263a41bc,F14 F12 F01 F13 F02 F03 F06
7d863ec67f166830,F06 F12 F04 F10 F11 F13
21a057e6645175bb,F07 F05 F11 F04 F01 F10 F09 F02
c6a103e7f6f7110f,F02 F12 F07 F08 F10 F05 F06
ebd27fe8fc790806,F01 F12 F06 F08
2dc236a1eee06e27,F07 F11 F13 F01 F08 F03
9f1d414cb4731b26,F06 F09 F12 F13 F05 F14 F10 F08
8fdeefa2f6d57abf,F07 F02 F03 F08 F01
2c314c7c197b034c,F03 F09 F04 F01 F08 F14 F07
53f09a85906fa3a0,F06 F07 F08 F09 F15 F16
f50501f2f591c47e,F04 F03 F11 F12 F05 F09 F02 F16
bd61411321a90028,F12 F01 F04 F06 F11 F13 F07 F15
b7ab797a637cbd24,F09 F08 F12 F07
38668dacf2025cec,F06 F02 F09 F03 F14 F11
cf1533bae021d003,F01 F14 F11 F13
9486fb871d9a8089,F01 F08 F02 F03 F04 F09 F15 F07
062a96d46ba0c0f1,F14 F15 F07 F16 F03 F09 F13 F04
eddf405606c8ced4,F14 F16 F03 F05 F08
0b90c79b6c7e9862,F04 F10 F03 F06 F13 F11 F16
d42bfd1a6f29fc78,F14 F15 F16 F09 F04 F03
ea3c571b37343dc0,F12 F14 F15 F04 F16 F10
3126ec81aba6865a,F03 F09 F14 F10 F01
098501c4d8736fc9,F03 F05 F07 F08 F15 F16 F12
7df6611b642edb99,F05 F03 F09 F07 F14 F04 F11
532fc3d63bc7080c,F08 F09 F13 F11 F03 F07 F10
c7381723e13a4b8b,F06 F13 F10 F04 F11
decb5b951bd9acae,F11 F14 F16 F15 F02 F07 F03 F01
b61ab92dd3412db0,F03 F04 F02 F15 F16 F05
012a77cf9ac22563,F15 F07 F03 F12 F16 F06
7d66240f07779513,F01 F08 F02 F09 F10 F05
bc8a6e4e6f4bfd29,F12 F13 F04 F03 F06
a90c7f65e304581b,F13 F08 F05 F02
fbf244d9ab97bc4c,F05 F01 F10 F04
8dbba9d7c0a09a91,F09 F03 F05 F15 F04 F10 F14
2a8e8029341d5a2b,F05 F06 F07 F08 F01 F03 F13 F12
8b1bbc7e55506af3,F07 F14 F02 F09 F04 F11 F05 F16
7470bf920278f332,F01 F09 F07 F14 F10 F13
43df18281b9c0b3b,F05 F03 F01 F02 F14 F04
46d94586282bc71a,F16 F06 F04 F05 F09
58a0c04fb7fa0e02,F12 F13 F07 F09 F05 F02 F14
791c3ba2dde2c02c,F09 F10 F04 F11 F14
7134748e8b118180,F08 F02 F09 F03
58c2dbe99536c802,F08 F10 F12 F02 F03
5a725327f25675dd,F11 F12 F02 F07 F16 F08
e34b6aedf92fe997,F01 F06 F05 F04 F07 F02 F12
edcd95673c7a50a0,F06 F11 F04 F05 F15 F01 F14
4dd3b669bf2681d7,F02 F01 F03 F06 F10 F08 F11 F15
931568390eadc690,F02 F11 F05 F09 F06 F12 F07
ccb9b06dd3198c77,F10 F09 F07 F08 F16
83e66a7897922527,F15 F16 F01 F11 F13 F07 F10
1eb9f987504792c9,F03 F14 F15 F16 F08 F11
747ffdf9738642af,F08 F01 F12 F05 F06 F09 F15
4501dcd55a8be581,F14 F04 F06 F12 F09 F15 F16
7342a86380ab4a5a,F02 F15 F09 F13 F16 F11 F10
6a09996067232c1f,F06 F01 F07 F10 F02
006c0f1d9bcc0101,F03 F06 F12 F02 F13 F05
be85565f68e9b752,F10 F01 F02 F06 F07 F12
16ee130ed522e00d,F07 F15 F04 F09 F14 F10 F11 F06
21aa1d5e5e73d9d9,F08 F11 F05 F15
dea50d46c0885ddf,F07 F14 F08 F01 F04 F02 F03 F06
3d6bcd7b83946b23,F05 F01 F06 F04 F09 F12 F14 F16
2a342e0abc16138d,F05 F06 F11 F12 F02 F15 F03 F04
7f04a9917b928b62,F03 F10 F13 F16 F02 F12 F01 F15
e501423df6d7d800,F09 F10 F02 F04 F16 F05 F08 F06
87f1082825bb73e9,F07 F02 F04 F08 F01 F09 F11 F05
822ab30754b20c3c,F04 F14 F03 F11 F09 F02
bd9e66de5bbece0d,F06 F03 F10 F07 F02 F11 F13
825fdcc10a1fef13,F16 F03 F08 F01 F02 F09
e209a1b0c5319651,F16 F05 F04 F14 F08 F01
4d2dd4fe7df36748,F03 F13 F02 F16 F05 F01 F14 F06
7aef7e374ab9cf0d,F01 F06 F08 F09 F11 F15 F03
9d58dcd4123d19a7,F12 F09 F11 F02 F14 F10 F13
4133822f046121c2,F04 F05 F09 F12 F07 F08 F16
4259c808d3efb3da,F05 F11 F10 F16 F14 F01 F13
c45863e136b96bd0,F04 F15 F01 F10 F03 F07 F14 F05
dbaf254cbb059555,F07 F08 F12 F03 F16
d8c6f7b85cb61a1b,F04 F09 F06 F15 F08 F01 F13 F05
851547038942df1c,F16 F03 F04 F05 F07 F11
4ddb25c675b3be2c,F02 F03 F07 F01 F05 F06
2c29e2895c1edfbc,F03 F06 F13 F07 F14 F12
5bb61b390f1469e9,F03 F13 F07 F14 F09 F15 F04
4d0c36bc2a8b0010,F08 F15 F09 F05 F14
6ce72e9f28e2e9a8,F09 F10 F12 F05 F08 F04 F03 F01
bb5e2002535b46ba,F12 F13 F05 F07 F06 F15 F10 F01
cc6f51e96126028a,F11 F09 F14 F01
8518f742f718446a,F01 F07 F15 F09 F06
4780f02a3631155a,F07 F01 F02 F13 F11
0bd3226a536397d4,F11 F16 F02 F07 F03 F04
3e056d4436958ace,F03 F02 F12 F06 F08 F05
76064e984f5ec4a2,F11 F04 F02 F08 F10 F07 F14
38c6be6d2b617221,F04 F08 F07 F12 F03 F01
d6dce14329347928,F03 F04 F02 F11 F14 F10 F05
62387746ab3bafa1,F05 F11 F08 F04
6b66cb30cf29aff9,F15 F10 F13 F01 F02 F07
25b19a992a6a3b23,F09 F01 F13 F02 F06 F14 F07 F12
0d6dd54633b76988,F02 F05 F10 F15 F11 F01 F06
ea8d9278df3aeeaf,F02 F03 F04 F12 F16 F08 F13
f34b8850081a0b79,F13 F03 F04 F11 F14
32b63c955fc776d0,F06 F07 F16 F03 F14
1d67ece77dba639b,F04 F02 F13 F07 F08 F03
ae8e3b068509ac3c,F10 F08 F07 F15 F03 F05 F09 F01
6cce941cd7fd1e6b,F02 F10 F01 F15 F16 F05 F03 F07
66d7f9a2095020e1,F09 F15 F10 F05 F11 F04 F03
994bc6d17f99eaa9,F01 F14 F12 F11 F13 F07
0028adc1e66fae0a,F08 F02 F11 F14 F07 F05
f9e8efcb65629b01,F01 F02 F03 F07 F06 F08 F14
d3bd8545f319f9d2,F07 F04 F08 F03 F16 F13 F14 F15
c42b026340a7866f,F08 F11 F06 F14 F04 F02 F13
5cf03818513ed360,F01 F04 F09 F02 F03 F07 F08
9e0f1a16c84fd83d,F04 F15 F07 F06 F12 F01 F02 F09
ff0db6162635182c,F02 F01 F06 F03 F07 F12
a2f251d6d4f3f450,F07 F13 F06 F01 F03 F04 F11 F02
09022825f2877bf3,F09 F15 F08 F03 F06
bab3b3397ca2caf3,F07 F04 F05 F06 F11 F15 F12
3eaeb7c7caf05813,F15 F03 F16 F06 F08 F12
44a452f2a47d455f,F16 F03 F13 F07 F08
ca5bdf8dba8875a7,F05 F07 F10 F13 F09 F14
3d1b57c58dd9c5d8,F03 F02 F16 F07 F14 F13
01133e7c6ff9ef5c,F05 F09 F10 F04 F07 F08
24dec0559649b29a,F03 F16 F14 F10 F12 F13 F06 F11
5bc31fbde902535f,F08 F14 F01 F09 F10 F04
9ccb39e8a46292ba,F01 F15 F16 F14 F03
7ddf48096213f515,F02 F06 F03 F01 F11 F10
db671cf895275c26,F08 F05 F03 F10 F15
e426976b401e15bf,F07 F01 F10 F09 F14 F13 F03
4cb28615eefe0ec1,F04 F05 F07 F09 F11
50a91e162e3ae2c8,F15 F16 F14 F04 F08 F13 F10
276cab6c83f7b069,F10 F13 F11 F05 F08 F02 F01 F09
e33875a01c6b7858,F13 F03 F16 F09 F10 F04 F02
ff1d6a6bad531425,F09 F07 F01 F06
adf9dc3bcaf83514,F01 F10 F02 F14 F06 F03 F16
d6911a8b03dc4db7,F14 F16 F01 F02 F07 F13 F12
543c8751d11a5990,F13 F10 F09 F02 F15 F01 F03
9ddd22988a41364f,F01 F06 F13 F03 F11 F02 F15
5787cce5345dd220,F01 F13 F03 F14 F11 F10
99cec53861019fb9,F01 F11 F02 F05 F03 F06 F04
2b7fc8bea4aae9b2,F09 F15 F01 F13 F11 F07 F03
e018815d9a312f28,F07 F06 F14 F16 F05 F10
4e7ca899aff9390e,F01 F02 F11 F04 F10 F05 F06
fd5c42532505c465,F02 F13 F16 F14 F07 F04
560512d3b44d7a0c,F14 F06 F15 F05 F10 F01 F02
1b7dc0941df00597,F02 F11 F12 F15 F06 F04 F08 F16
94c362adc0696b21,F05 F14 F11 F03 F02 F01
2c8810d235c8591b,F11 F02 F03 F10 F14 F06 F13 F16
5c820645951ada65,F16 F08 F12 F07
ed6c9ab548c8d4f4,F07 F12 F11 F04 F01 F16 F02
7b8ad050f1a38280,F07 F08 F02 F12 F14
1fabc2204b5c5d49,F05 F01 F04 F08 F06 F14 F16
43d80a3ab8aa6f61,F14 F11 F06 F12 F15
5e8bc11ec154e911,F12 F13 F02 F03 F09 F08 F04
46bcb56eb25b8934,F05 F03 F08 F01 F12 F04 F10
d88c084c2963c84f,F14 F01 F05 F12 F09 F06
1165e1d0e1dfac55,F09 F07 F13 F06 F16 F03 F12
f2d6c53bf018f509,F10 F01 F15 F07 F12
26085767b6bf21a3,F03 F01 F02 F05 F08 F14
f6859c612b9d9853,F02 F16 F03 F09 F07 F08 F13
fad578677529711d,F05 F03 F04 F09 F12 F15 F16 F10
3d13f5beb8585658,F05 F11 F08 F04 F06 F07
931a3f6cf658f832,F15 F04 F08 F13 F12 F07 F14
2de1590817eb2e21,F02 F04 F01 F09 F05
acdc809583386329,F04 F06 F10 F03 F09
786f69f8dd840669,F01 F03 F14 F04 F16 F06 F10
36a78c0b701758dc,F14 F02 F03 F12 F16
a7af7b706e511f4b,F05 F16 F15 F04 F14 F01 F02 F07
52ea7cae27865f2a,F16 F15 F10 F07 F14 F04 F05 F01
e70cd9845f2788ce,F05 F04 F15 F08 F01 F12 F03 F13
40a14fd35e509da7,F16 F11 F10 F13 F02 F03 F15 F01
1f09946b5f5429f2,F01 F13 F07 F09 F15 F14
a2a979feba87e729,F01 F07 F02 F14 F03 F04 F09
c0ee85543a3815aa,F06 F11 F09 F12 F10 F15
3e71a2ce2d80e6cc,F05 F04 F15 F09 F02 F03 F11
4b48e1c5dea67d45,F08 F06 F05 F12 F15 F09 F01
07ffffb0c867ddc6,F04 F10 F07 F03 F11 F02
659a46e4272f0294,F09 F15 F11 F12 F10 F04 F06 F08
84fca2a81e0cf7fe,F03 F13 F05 F14 F07 F10 F01
ec8b902ab3ec93c7,F03 F15 F01 F11 F05 F14 F16
5ebaf79ea918c821,F06 F07 F12 F05 F08 F01
e66ca04f88a7f994,F13 F04 F08 F16 F12 F05 F15
446462b9623896c2,F11 F01 F05 F04 F07 F06 F09 F08
e2ad564c72e190f6,F06 F02 F09 F16 F15 F05
25c52a8c55faacd0,F06 F13 F15 F01
30beb79c451e80a9,F10 F07 F08 F14 F11 F03 F15 F13
540d3c8633113c1e,F01 F09 F02 F11 F13 F14 F05
dfdc773cdbf1f76e,F02 F03 F04 F07 F10
20bdde76569396fe,F07 F09 F05 F14 F03 F13
d8019ca627f478ef,F10 F16 F14 F04 F08 F09 F11 F01
36e3bc99baa7ff65,F16 F01 F03 F04 F15 F08
80d039513fe3f42e,F02 F01 F12 F10 F11 F03 F05
fe3723e83702c0e5,F01 F02 F06 F13 F14 F16 F07
f0a2b6114b1157c9,F08 F07 F05 F02 F01 F16
bb22f17c7b8669e9,F02 F12 F04 F01 F11 F07 F03 F09
98e7b98355739015,F07 F01 F05 F06 F09 F04 F02 F03
1fe0f0a5f2e7f8df,F09 F04 F14 F07 F03 F05 F13
485bf234df60b048,F13 F09 F04 F02 F06 F15 F16
50cbb238293e1721,F05 F06 F11 F02 F13
cf39ae39db767464,F04 F06 F07 F11 F09
ce69ddf6cab9277f,F08 F13 F15 F09 F02 F10 F14
a7e0e2e8947caab1,F02 F05 F09 F12
bfe9654534b19130,F09 F01 F16 F05 F11 F10
a12da0470c4d7dbe,F09 F04 F12 F07 F15 F05 F01 F13
fa69e67b006972aa,F03 F08 F05 F11 F06
b6afaf908376c488,F01 F02 F04 F03 F14 F09
64b0109bcebbdc47,F02 F06 F04 F05 F07 F13 F08
2570839fe99be6ae,F05 F09 F14 F10 F15
3286ecbd4a8a076b,F10 F03 F13 F15 F07 F02 F04
bc82432a55f03817,F14 F02 F13 F10 F16
52756c1801d08fcd,F12 F03 F13 F16
b9687e1deef49421,F02 F01 F15 F10 F07 F08 F04
cc1f78f700372d86,F06 F03 F09 F15 F07 F01 F12 F02
12cc5e656873b9a7,F03 F16 F10 F01 F11
831df186cfcde239,F07 F01 F08 F13 F11 F12
4b1319fd8d5c228e,F04 F01 F03 F08 F02 F07 F13 F11
33248a98308a42db,F01 F08 F07 F02 F04 F14 F16 F06
ba216855ac0a26a1,F03 F13 F04 F12 F15 F08 F10
90885b9044205feb,F12 F01 F03 F10 F04 F02 F11 F06
3dbf5d3fc44d887f,F13 F03 F06 F11 F04 F12 F16
5bbf9d47b4bd1854,F14 F01 F07 F04 F15 F05
90348f906d1f3396,F05 F01 F11 F12 F13 F16
55d2429e294bff60,F08 F09 F11 F03 F14 F16 F12
8112b1ca541ec720,F01 F12 F02 F03 F09 F10
d65f2500123394a0,F09 F06 F04 F02 F16
21dca32625804811,F09 F15 F04 F16 F06 F14 F03
abe12262e6003143,F04 F02 F09 F10 F05 F07 F11 F13
5b783314c9fc066b,F02 F06 F15 F14 F16 F10 F01 F11
a9edc886a67bbe9b,F08 F11 F13 F01
1d444c87d963a9a1,F11 F05 F14 F04 F10 F01
7677ec45efe91633,F01 F05 F13 F12 F06 F03
d583470acb87f26a,F02 F07 F08 F03 F11 F13
3037817ad0b108b6,F01 F06 F11 F10 F13 F03 F14 F02
82882377245602e7,F16 F13 F03 F12 F07 F04 F11
7c74cc81abef761c,F04 F16 F06 F07 F12 F05
78788155d1e3e261,F01 F03 F05 F09 F14 F10 F02
42df7ade6590a2fb,F01 F11 F12 F08
a1807001d545c8a3,F12 F10 F16 F09 F11 F07 F03
8cd433528d0511cd,F02 F10 F11 F09 F03 F01 F13
01960337c3d98e06,F14 F02 F08 F10 F06 F16 F07
2ce22c6f6a84785c,F03 F04 F07 F12 F10 F01 F02 F14
8a7cb8f9b288d1e4,F01 F06 F11 F07 F04 F05 F10
a498eb218fad617f,F07 F03 F16 F05 F01 F06 F12
7f872714caa9788a,F02 F05 F04 F12 F14 F01 F11
7ee238022d65cac5,F06 F13 F05 F03 F12 F04 F10
8fe25e6624ef11e9,F11 F12 F02 F03
81f52ac5be9f22ad,F08 F10 F13 F11 F06 F05 F01
f61acb21c65ed47e,F10 F09 F07 F04 F13 F11
83edaa3a1eef5a8c,F02 F12 F11 F08
b10f24afa7515d99,F05 F13 F10 F16 F09 F12 F14 F06
00e1f4a2d9bb8f66,F05 F12 F15 F02
48561d120403e60c,F14 F01 F04 F03 F05 F06 F15 F11
1624d3cfb4f439be,F16 F04 F03 F13 F05 F06 F08 F01
eaf6ef6c8de27d19,F10 F13 F11 F16 F04 F07 F01 F08
456cc0cb906c532f,F04 F05 F06 F09 F10 F11 F16
ed9e0370aa0265c5,F02 F03 F08 F05 F06
ab9ac6d7550df6e2,F11 F09 F02 F10 F15 F16 F06
ff2fc2470b75911d,F01 F03 F09 F07 F15 F06
b850c8bf93a3fc97,F04 F13 F05 F03 F07 F06 F01
285f1092139cf616,F13 F05 F16 F04 F01 F07 F09 F08
8f1aac666f01c628,F10 F04 F09 F16 F13 F03
fa456b62b5282a16,F07 F01 F11 F06 F03 F05 F14 F09
42689627a709e8dd,F09 F04 F14 F13 F07 F16 F11 F03
d2478d3dace7c205,F03 F15 F14 F01 F09
23ec4e95e6ef801d,F10 F02 F13 F14 F05 F08 F06
e996dbed1320a5c0,F11 F02 F05 F14 F01
4649e4085bc99f41,F09 F01 F13 F11 F12 F07 F06 F14
170cdce54faea924,F01 F08 F09 F13 F04 F02 F03 F12
20b584e967236784,F01 F02 F12 F09 F03 F04 F15 F14
5d9e43cd42d8e94c,F07 F08 F04 F05 F06 F10 F09
5867ee7f73da1a30,F03 F14 F01 F12 F04 F05 F08
de9221adff2c4dfd,F10 F05 F13 F04 F06
d2539db5a8fb1af5,F06 F04 F01 F11 F08
b591ba804cb4c45e,F03 F11 F10 F15
9cc29664ce85a467,F07 F11 F09 F15
a0c111b739ca092b,F01 F12 F13 F11 F14 F15 F09 F04
39dda3bdd26d4cbc,F04 F06 F16 F03 F10 F07
