episode_id,predicted_witness_suite
cw_01f852ccdd3d546c6581,"[""assert candidate_fn(2) == 10""]"
cw_047e6d059a3e13279d43,"[""assert candidate_fn(1) == 2.0""]"
cw_04bfdaa1be29c00a5f71,"[""assert candidate_fn(10) == 137122""]"
cw_061a3b0a3f160e7bd110,"[""assert extract_even((4, 5, (7, 6, (2, 4)), 6, 8)) == (4, (6, (2, 4)), 6, 8)""]"
cw_06e5c5d5f5e78f5d1d55,"[""assert candidate_fn(3, 2) == 7""]"
cw_07e02cb2a31b890851fd,"[""assert candidate_fn('10111') == 3""]"
cw_0a4daee3ac2f75e04730,"[""assert candidate_fn(2) == 5""]"
cw_0cbca49d36777548ae93,"[""assert candidate_fn('11000010001') == 6""]"
cw_0de1f256cc4e39f730ce,"[""assert candidate_fn(10) == 14""]"
cw_10b1c5d8de4148b2b9a4,"[""assert candidate_fn([1, 2, 1], [1, 2, 1]) == True""]"
cw_10bd25aaf1029b2891f4,"[""assert candidate_fn(10, 8, 6) == 240.0""]"
cw_12aeec870f4574e5352d,"[""assert candidate_fn([1, 3, 2]) == False"", ""assert candidate_fn([6, 5, 4, 4]) == True""]"
cw_154efa1cc27cd00821a0,"[""assert candidate_fn([2, 4, 3, 5, 7], [3, 7]) == False"", ""assert candidate_fn([2, 4, 3, 5, 7], [4, 3]) == False""]"
cw_15660f693143561ae12f,"[""assert candidate_fn('amazonprime') == 5""]"
cw_15763bd5d59da8e0e0ec,"[""assert candidate_fn([10, 22, 9, 33, 21, 50, 41, 60]) == 2460""]"
cw_1833b1806bb8b0b1d1f0,"[""assert candidate_fn(2) == 4.5""]"
cw_18485164dce0b0c88393,"[""assert candidate_fn([0, 1, 2, 3, 1, 2], 1) == 2""]"
cw_194478ec2e7e84aeba8b,"[""assert candidate_fn(['Python', 'list', 'exercises', 'practice', 'solution'], 6) == ['Python']""]"
cw_1a685ad7d0c70222c1f3,"[""assert candidate_fn(10) == 110""]"
cw_1f218745b43535a4d238,"[""assert candidate_fn([12, 23, 4, 5, 3, 2, 12, 81, 56, 95]) == [12, 23, 4, 5, 3, 2, 12, 81, 56, 95]""]"
cw_21a61f1f942c3f628f50,"[""assert candidate_fn(1, 2, 1) == 2.0""]"
cw_21bceff6c240d3b88d13,"[""assert candidate_fn(3, 2) == 18""]"
cw_221a161136663369ea2f,"[""assert candidate_fn({'Cierra Vega': 12, 'Alden Cantrell': 12, 'Kierra Gentry': 12, 'Pierre Cox': 12}, 10) == True"", ""assert candidate_fn({'Cierra Vega': 12, 'Alden Cantrell': 12, 'Kierra Gentry': 12, 'Pierre Cox': 12}, 12) == True""]"
cw_244922cd960ef83a55f7,"[""assert candidate_fn([1, 3, 6, 13, 17, 18]) == 4""]"
cw_25106bd004e29accfbed,"[""assert candidate_fn(10) == 110""]"
cw_26a4073af0436113dc70,"[""assert candidate_fn('Hadoop') == False"", ""assert candidate_fn('great') == True""]"
cw_2966507c004df874b606,"[""assert candidate_fn({'a': 1, 'b': {'c': 'python'}}) == 2""]"
cw_29aa8af081f4361335aa,"[""assert candidate_fn([1, 2, [3, 4], [5, 6]]) == 21""]"
cw_2a982ca76c8aa145d55f,"[""assert candidate_fn([1, 2, 3, 1]) == 0""]"
cw_2cf1cbb90645da3cd16b,"[""assert candidate_fn(2) == True""]"
cw_2dd7979c25fce741bb1e,"[""assert candidate_fn(21) == 0"", ""assert candidate_fn(4) == 4""]"
cw_2e7602156525143a79c7,"[""assert remove_dirty_chars('digitalindia', 'talent') == 'igiidi'""]"
cw_2f1d697002a3dfd16e5b,"[""assert remove_dirty_chars('digitalindia', 'talent') == 'alna'""]"
cw_3149ab43a0bcb9a08d10,"[""assert candidate_fn(10) == 280""]"
cw_31917ed7eab2d16fe78b,"[""assert candidate_fn([1, 101, 2, 3, 100, 4, 5], 7, 2, 5) == 7""]"
cw_3211e5177c31e3964338,"[""assert candidate_fn(10) == 50""]"
cw_33754263590bf76661ac,"[""assert candidate_fn([5, 9, 7, 6], 4) == 47""]"
cw_377e21044be8c6102667,"[""assert candidate_fn([1, -2, 3, -4]) == 2""]"
cw_39d2e029250cd506b34b,"[""assert candidate_fn(2, 4) == 16""]"
cw_3c62a5d358a220e37aaf,"[""assert candidate_fn([1, 15, 51, 45, 33, 100, 12, 18, 9]) == 394""]"
cw_3d208d1f4982cf69204b,"[""assert candidate_fn('bestinstareels') == 8""]"
cw_3fcc9210c10cd135d0c7,"[""assert candidate_fn(2) == 10""]"
cw_4094aa679a128865ef70,"[""assert candidate_fn(2) == 20""]"
cw_42232b13bb57e4c1ff5d,"[""assert candidate_fn([100, 10, 5, 25, 35, 14], 11) == 9""]"
cw_42daa3b78c87ad9f526d,"[""assert candidate_fn(['red', 'green', 'green'], ['a', 'b', 'b']) == False"", ""assert candidate_fn(['red', 'green', 'greenn'], ['a', 'b']) == True""]"
cw_435c39b751ffaa7e052e,"[""assert candidate_fn(1) == False"", ""assert candidate_fn(2) == True""]"
cw_45923a18ea5dca4c6242,"[""assert candidate_fn([0, 1, 2, 3, 1, 2], 1) == 2""]"
cw_45b948a1e5b60fad79e4,"[""assert candidate_fn(((1, 3), (4, 5), (2, 9), (1, 10)), ((6, 7), (3, 9), (1, 1), (7, 3))) == ((7, 10), (7, 14), (3, 10), (8, 13))""]"
cw_46a9ae52a3929befba08,"[""assert candidate_fn((1, 2, 3), (2, 3, 4)) == False"", ""assert candidate_fn((11, 12, 13), (10, 11, 12)) == False""]"
cw_480286aa6affe8bcca8f,"[""assert candidate_fn(10) == [1, 2, 3, 5, 7]"", ""assert candidate_fn(25) == [1, 2, 3, 5, 7, 11, 13, 17, 23, 25]""]"
cw_495ea2d7c169cc50b16e,"[""assert candidate_fn([10, 5, 3, 15, 20]) == 3""]"
cw_4aefd3948a76dc3bf82a,"[""assert candidate_fn([1, 2, 3, 2, 3, 4, 5]) == [1, 4, 5]""]"
cw_511b5066c3e0c2296d5a,"[""assert candidate_fn(10) == 10"", ""assert candidate_fn(12) == 12""]"
cw_551f0cd512dbc99165e8,"[""assert candidate_fn({'a': 1, 'b': {'c': {'d': {}}}}) == 5""]"
cw_566098219d6df76f98a6,"[""assert candidate_fn(2) == 20""]"
cw_57954e6cc9c47abc5f16,"[""assert candidate_fn([1, 2, [3, 4], [5, 6]]) == -15""]"
cw_58189b282319b39581a9,"[""assert candidate_fn(10) == 280""]"
cw_5e21cfae13f0b2f29fa3,"[""assert candidate_fn(10) == 12000""]"
cw_5f52e032753c5afc5975,"[""assert candidate_fn([0, 1, 0, 1, 1]) == [1, 1, 1, 1, 1]""]"
cw_5faee796046c05958c4c,"[""assert candidate_fn(17, 2, 4) == True"", ""assert candidate_fn(39, 4, 6) == False""]"
cw_61421767488606b88ff9,"[""assert candidate_fn(35) == 16""]"
cw_63305dc034bbd990aa8e,"[""assert candidate_fn([1, 2, 3, 4, 5, 6, 7, 8, 9, 10]) == [1, 8, 27, 64, 125, 216, 343, 512, 729, 1000]""]"
cw_643bb08b8ae4705ad32f,"[""assert candidate_fn(2) == 2""]"
cw_65df3de4f1f0ede622ae,"[""assert candidate_fn('bestinstareels') == 7""]"
cw_679991d378f56c4ac4d1,"[""assert candidate_fn([0, 1, 2]) == 3""]"
cw_67c88a3b144e4b733187,"[""assert candidate_fn(3, 2) == 6""]"
cw_6ad7c9e69ee584649cde,"[""assert remove_dirty_chars('digitalindia', 'talent') == 'digiidi'""]"
cw_6b12714bf34cf40ab730,"[""assert candidate_fn(3, 4) == 12.0""]"
cw_6b90ac50165daebc2a4c,"[""assert candidate_fn([10, 22, 9, 33, 21, 50, 41, 60]) == 168773220000""]"
cw_6bd19bb46e0e4942c4e4,"[""assert candidate_fn(2) == 11""]"
cw_6d24c9456ecb2c253db1,"[""assert candidate_fn(15) == False""]"
cw_6e22fa7282d9e04db2e1,"[""assert candidate_fn([100, 10, 5, 25, 35, 14], 11) == 0""]"
cw_6eab351b9ee21799e1b9,"[""assert candidate_fn(1, 2, 1) == 1.0""]"
cw_6f144883d0660384aead,"[""assert candidate_fn([1, 15, 51, 45, 33, 100, 12, 18, 9]) == 194""]"
cw_711a3c98eeefacf0524f,"[""assert candidate_fn([5, 9, 7, 6], 4) == 47""]"
cw_712af35eaa8dcc6474ee,"[""assert candidate_fn(2) == 12""]"
cw_71a1916d941d6a571900,"[""assert candidate_fn(10) == 75""]"
cw_77606ce3c94edd745b2f,"[""assert candidate_fn(35) == 36""]"
cw_782bbcfd94b8b2220146,"[""assert candidate_fn('10111') == 1""]"
cw_78601f46faf75ba3b435,"[""assert candidate_fn(2) == 4.5""]"
cw_7baad70b7717796ee253,"[""assert candidate_fn(2) == 4""]"
cw_7c1e0c9bda0eec4fc856,"[""assert candidate_fn('10111') == 1""]"
cw_7fea9d79c74304b00dc7,"[""assert candidate_fn('1101', '1110') == 1""]"
cw_828f81417f69648712a4,"[""assert candidate_fn(10) == 370""]"
cw_846915438979f5e4bdac,"[""assert candidate_fn([['A', 'B'], ['A', 'C'], ['A', 'D', 'E'], ['B', 'C', 'D']], 'A') == 3""]"
cw_84aa34d9de6d3a727d21,"[""assert candidate_fn([0, 1, 0, 1, 1]) == [0, 0, 0, 0]""]"
cw_85cbdfaef6b6a3544af7,"[""assert candidate_fn(10, 20) == 200""]"
cw_86b0246232f308eff45f,"[""assert candidate_fn(2, 4, 6) == -130""]"
cw_882b9141c88a0b672d12,"[""assert candidate_fn([0, 1, 2, 3, 1, 2], 1) == 2""]"
cw_8a0ef318d2dad60bd20d,"[""assert candidate_fn([2, 4, 3, 5, 7], [3, 7]) == False"", ""assert candidate_fn([2, 4, 3, 5, 7], [4, 3]) == True""]"
cw_8acba0024822ac2fa636,"[""assert candidate_fn(10) == 0""]"
cw_8d2092280be6a0198026,"[""assert candidate_fn(10) == True"", ""assert candidate_fn(7) == False""]"
cw_8d38644cf4fc49815e91,"[""assert candidate_fn('1101', '1110') == 2""]"
cw_8fe957439b4ee464fecc,"[""assert candidate_fn([(2, 4), (6, 7), (5, 1), (6, 10)]) == [(8, 11), (7, 5), (8, 14), (11, 8), (12, 17), (11, 11)]""]"
cw_91d27d779550fcfcbe55,"[""assert remove_dirty_chars('digitalindia', 'talent') == ''""]"
cw_948444a2ffc337fda758,"[""assert candidate_fn(10, 5) == 709.715""]"
cw_95dd47faaa1e6355b3f8,"[""assert candidate_fn('amazonprime') == 5""]"
cw_972aaf9782442786dc73,"[""assert candidate_fn(10) == 6000""]"
cw_97d7c8194ca5b23f8f0d,"[""assert candidate_fn(21) == 1""]"
cw_9aff48d940170bde8e6e,"[""assert candidate_fn(2) == 12""]"
cw_9d085e022789e3a88659,"[""assert candidate_fn([10, 5, 3, 15, 20]) == 3""]"
cw_9d4a0b4be7c26244d0ac,"[""assert candidate_fn([10, 22, 9, 33, 21, 50, 41, 60]) == 2460""]"
cw_9d958f4101e7283b766e,"[""assert candidate_fn(2, 4, 6) == -130""]"
cw_a1e68693a03967b7089f,"[""assert candidate_fn([1, -2, 3, -4]) == 2""]"
cw_a3af1a0f67e762b84801,"[""assert candidate_fn(1221) == 1331""]"
cw_a50d797685fc51699672,"[""assert candidate_fn(-1) == 1"", ""assert candidate_fn(0) == 0""]"
cw_a771ac84d41fc484280b,"[""assert candidate_fn(10, 5) == 942.45""]"
cw_a861ab669ad9c84e9f64,"[""assert candidate_fn(2) == 1""]"
cw_aae1db2fa96eb333c3b2,"[""assert candidate_fn([12, 23, 4, 5, 3, 2, 12, 81, 56, 95]) == [2, 3, 4, 5, 12, 12, 23, 56, 81, 95]""]"
cw_ad6bc90a61cfe8dce26d,"[""assert candidate_fn(4) == 4""]"
cw_aec8b54613365cce4fd3,"[""assert candidate_fn([1, 15, 51, 45, 33, 100, 12, 18, 9]) == 194""]"
cw_af6f27d18a21d9f94b86,"[""assert candidate_fn([[2, 7, 6], [9, 5, 1], [4, 3, 7]]) == True"", ""assert candidate_fn([[2, 7, 6], [9, 5, 1], [4, 3, 8]]) == True""]"
cw_b0232539f5efa1d77afc,"[""assert candidate_fn([(10, 20), (15, 2), (5, 10)]) == 30""]"
cw_b1fcceae7e2d3791ed22,"[""assert candidate_fn([1, 15, 51, 45, 33, 100, 12, 18, 9]) == 194""]"
cw_b22d5ba344264629663e,"[""assert candidate_fn(10) == 1750""]"
cw_b66173efe75f98f07c85,"[""assert candidate_fn(5) == False""]"
cw_bb479fa2068106200c57,"[""assert candidate_fn(2) == 10""]"
cw_bebfac2b9a5aeae14964,"[""assert candidate_fn(3, 4) == 5.0""]"
cw_c0389b279b5d6d82e682,"[""assert candidate_fn([['A', 'B'], ['A', 'C'], ['A', 'D', 'E'], ['B', 'C', 'D']], 'A') == 3""]"
cw_c283d070adea7dd9a906,"[""assert candidate_fn(2) == 14""]"
cw_c641b0d7f88b9011b030,"[""assert candidate_fn(10) == [1, 2, 3, 5, 7]""]"
cw_c711cf0989387672a1e4,"[""assert candidate_fn(35) == 36""]"
cw_c81d1ee4d1112ac8baf6,"[""assert candidate_fn(2) == 20""]"
cw_ca0c1b8b8faa94cb90d8,"[""assert candidate_fn([(5, 25, 30), (4, 2, 3), (7, 8, 9)], 5) == [(5, 25, 30)]""]"
cw_ca67c12ea469d59d80f3,"[""assert candidate_fn([1, 2, 3, 4, 5, 6]) == [1, 3, 5]""]"
cw_cc2a81ddcfa776b872b3,"[""assert candidate_fn(10) == 40""]"
cw_cc2c2ea85796326717b9,"[""assert candidate_fn([1, 101, 2, 3, 100, 4, 5], 7, 2, 5) == 5""]"
cw_cc4fb36eac0ac5770733,"[""assert candidate_fn([0, 1, 0, 1, 1]) == [1, 1, 1, 0, 0, 0]""]"
cw_ccf56770c198557543e1,"[""assert candidate_fn([(2, 4), (6, 7), (5, 1), (6, 10)]) == [(8, 11), (7, 5), (8, 14), (11, 8), (12, 17), (11, 11)]""]"
cw_d05c530624dd86c28d5d,"[""assert candidate_fn(2, 4, 6) == -130""]"
cw_d4de32d7130508124edd,"[""assert candidate_fn(10, 5) == 885.3750000000001""]"
cw_d5cedf9f1e2d94fe1be1,"[""assert candidate_fn(2) == 4""]"
cw_d5fb911b7611c9189a25,"[""assert candidate_fn(2) == 6""]"
cw_d8b202c57037d76afe55,"[""assert candidate_fn('1101', '1110') == 1"", ""assert candidate_fn('111', '000') == 0""]"
cw_d8e4ed7cb72ec45bc9ae,"[""assert candidate_fn([1, -2, 3, -4]) == 2"", ""assert candidate_fn([3, 4, 5, -1]) == 3""]"
cw_daf53a1d589e417b3515,"[""assert candidate_fn(3) == 14""]"
cw_dc69024f43acfcb1b5c0,"[""assert candidate_fn(3, 4) == 4.123105625617661""]"
cw_e0bd090b236446d94964,"[""assert candidate_fn([10, 15, -14, 13, -18, 12, -20]) == 0""]"
cw_e0e3cace414317285969,"[""assert candidate_fn(3) == 6""]"
cw_e230f74decc80221c10e,"[""assert candidate_fn(3, 4) == 0""]"
cw_e3090b5b66a3cdfa52eb,"[""assert candidate_fn(10) == 387""]"
cw_e63b4dfc57e36a77321b,"[""assert candidate_fn([2, 4, 3, 5, 7], [1, 6]) == False"", ""assert candidate_fn([2, 4, 3, 5, 7], [3, 7]) == False""]"
cw_e6c42c073f698ab17269,"[""assert candidate_fn([0, 1, 0, 1, 1]) == [0, 0, 0, 0]""]"
cw_e816daa66d01fdcd1e70,"[""assert candidate_fn(10) == 325""]"
cw_e84315c96e9e4a3b1bea,"[""assert candidate_fn({'a': 1, 'b': {'c': 'python'}}) == 3""]"
cw_e8caa7e891ba4a828347,"[""assert candidate_fn(10, 5) == 197380.44500000004""]"
cw_e9d178add804c788da49,"[""assert candidate_fn(10) == 115975""]"
cw_eaf601c89a45fea434e2,"[""assert candidate_fn(1) == 1.0""]"
cw_ece2e1af5e5475b02ad7,"[""assert candidate_fn([18, 1, 3, 6, 13, 17]) == 4""]"
cw_edb672a4b81861de8a21,"[""assert candidate_fn([5, 9, 7, 6], 4) == 47""]"
cw_f0d71aa56558405dccf0,"[""assert candidate_fn('1101', '1110') == 1"", ""assert candidate_fn('111', '000') == 'Not Possible'""]"
cw_f192babca2842f3be2ee,"[""assert candidate_fn(10) == 325""]"
cw_f2dbcb6aa689a3872a8d,"[""assert candidate_fn([1, 101, 2, 3, 100, 4, 5], 7, 2, 5) == 107""]"
cw_f4960d39606b785a85d4,"[""assert candidate_fn([1, 101, 2, 3, 100, 4, 5], 7, 2, 5) == 7""]"
cw_f834528bf5c6d705c1dc,"[""assert candidate_fn(2, 4, 6) == 816""]"
cw_f9de130baddebc150260,"[""assert candidate_fn(1212) == False"", ""assert candidate_fn(1212112) == True""]"
cw_fe9b69a0c9a7ff1b1117,"[""assert candidate_fn([1, -2, 3, -4]) == 0""]"
cw_ff1812bb341cb98fa878,"[""assert candidate_fn([1, 2, 3, 4, 5, 6]) == [1, 3, 5]""]"
